Link,Rodzaj (nośnik),Dział,Autor,Tytuł,Tytuł originału,Język,Wydawca,Rok wydania,Rodzaj oprawy,Wymiary,Liczba stron,Ciężar,Wydano,ISBN,EAN/UPC,Image,Description,Kategoria
/pl/slonce_zas_wschodzi-9788367262217,książka / book,Książki i czasopisma / Books and periodicals,Ernest Hemingway,Zaś słońce wschodzi,The Sun Also Rises,polski,Marginesy,2022,Twarda,13.5x20.5,296,"0,36 kg",15.06.2022,9788367262217 (9788367262217),9788367262217,/img/product_images_new/123/638123_01_slonce_zas_wschodzi.300.jpg,"Paryż, lata dwudzieste. Środowisko młodych amerykańskich artystów, którzy po wojnie przebywają w Europie. Czas spędzają na rozmowach, romansach i odwiedzaniu kolejnych barów. Postanawiają także wybrać się do Pampeluny, aby obejrzeć walki byków podczas lokalnej fiesty. Ta sielanka i pozorna beztroska podszyta jest jednak rozgoryczeniem i pesymizmem. W powściągliwym stylu i wartkich dialogach Hemingway oddaje klimat tamtych czasów i nastroje panujące wśród jego rówieśników – przedstawicieli „straconego pokolenia”, nad którego dojrzewaniem zaciążyły wojenne tragedie. Słońce zaś wschodzi to pierwsza powieść Ernesta Hemingwaya. Wydana w 1926 roku, wywołała sensację towarzyską i mimo rozbieżnych opinii krytyków cieszyła się dużą popularnością. Czytano ją jako powieść z kluczem, portretującą Amerykanów przebywających wówczas w Paryżu, a w postaci Jake’a Barnesa dopatrzono się autoportretu pisarza, nieżałującego swoim rywalom osobistych złośliwości. Za sprawą powieści wyjazdy do Francji i Hiszpanii stały się modne wśród zamożnych amerykańskich studentów, a młode czytelniczki stylizowały się na główną bohaterkę Brett Ashley, którą uznano za wzór kobiety niezależnej i wyzwolonej. Obecnie Słońce zaś wschodzi uważa się za jedno z najważniejszych dzieł Hemingwaya, a nowatorski styl utworu stał się inspiracją dla wielu późniejszych pisarzy. Ernest Hemingway (1899–1961) – amerykański pisarz i reporter. W 1918 roku zgłosił się na ochotnika do oddziałów Czerwonego Krzyża we Francji, został ranny podczas walk we Włoszech. Po powrocie do Stanów rozpoczął pracę dla „Toronto Star”. Wtedy zaczęły się ukazywać jego pierwsze powieści: Słońce zaś wschodzi (1926) i Pożegnanie z bronią (1929). W latach trzydziestych jako korespondent relacjonował z Hiszpanii tamtejszą wojnę domową, opisaną potem w powieści Komu bije dzwon (1940). W latach czterdziestych osiedlił się na Kubie, gdzie mieszkał do 1959 roku. W tym czasie powstała powieść Za rzekę, w cień drzew (1950) oraz opowiadanie Stary człowiek i morze (1952), uznawane za jedno z jego szczytowych osiągnięć i wyróżnione Nagrodą Pulitzera. W 1954 roku pisarz otrzymał Literacką Nagrodę Nobla. Zginął śmiercią samobójczą w 1961 roku. Maciej Potulny (ur. 1975) – po studiach na anglistyce i w kolegium języków obcych UAM w Poznaniu trochę pisał do lokalnych czasopism, trochę uczył, trochę pracował w księgarni, trochę wyjeżdżał tu i tam, trochę wydawał książki, trochę chciał być grajkiem, ale okazało się, że to nie covery utworów muzycznych sprawiają mu największą przyjemność, lecz covery utworów literackich. Od 2000 roku tłumaczy więc beletrystykę i nie tylko, między innymi Huberta Selby’ego Juniora, Chucka Palahniuka, Quentina Tarantino, Rachael Lippincott z kolegami oraz Huntera S. Thompsona (nie sam, bo przy nim najbardziej napracował się Marcin Wróbel). Od kilku lat mieszka w Australii, gdzie ściga się po czerwonych pustkowiach z kangurami, trąbi w didgeridoo i łapie krokodyle gołymi rękami. Ale zwykle po prostu siedzi na plaży w Melbourne, patrzy na obłędne zachody słońca i nie przestaje się dziwić.","Społeczno-obyczajowa, Powieść zagraniczna"
/pl/dwor_skrzydel_i_zguby_saga_dwor_cierni_i_roz_tom_3-9788383196077,książka / book,Książki i czasopisma / Books and periodicals,Sarah Maas,Dwór skrzydeł i zguby Tom 3,,polski,Uroboros,2024,Miękka ze skrzydełkami,13.5x20.2,848,"0,73 kg",15.05.2024,9788383196077 (9788383196077),9788383196077,/img/product_images_new/541/863541_01_dwor_skrzydel_i_zguby_saga_dwor_cierni_i_roz_tom_3.300.jpg,"Feyra powraca do Dworu Wiosny, zdeterminowana by zdobyć informacje o działaniach Tamlina oraz potężnego, złowrogiego króla Hybernii, który grozi, że rozgromi cały Prythian. Jednak by to osiągnąć, musi najpierw rozegrać śmiercionośną, przewrotną grę… Jeden poślizg może zniszczyć nie tylko Feyrę, ale też cały jej świat. W obliczu wojny, która ogarnia wszystkich, Feyra znów musi decydować, komu może ufać i szukać sojuszników w najmniej oczekiwanych miejscach. Niebawem dwie armie zetrą się w krwawej, nierównej walce o władzę.","Fantastyka, Fantasy"
/pl/listonoszka_z_apulii-9788324094783,książka / book,Książki i czasopisma / Books and periodicals,Francesca Giannone,Listonoszka z Apulii,La Portalettere,włoski,Znak Koncept,2024,Twarda,14.0x20.5,464,"0,57 kg",17.07.2024,9788324094783 (9788324094783),9788324094783,/img/product_images_new/462/878462_01_listonoszka_z_apulii.300.jpg,"Znalazłam w szufladzie wizytówkę mojej prababci Anny. Oczywiście wiedziałam, kim była, ale nie znałam jej historii. Pomyślałam, że w tej szufladzie, wśród notatek, zdjęć, dokumentów i listów, jest życie do opowiedzenia. Francesca Giannone, wywiad dla „Corriere della Sera”  Włochy, lata trzydzieste. Maleńka społeczność na południu i niezależna kobieta z północy. Anna jest tam nowa i inna. Kocha książki, zna francuski, nie chodzi do kościoła, nie plotkuje, zawsze mówi to, co myśli. A myśli odważnie. W dodatku zostaje listonoszką, choć praca w męskim fachu „nie przystoi kobiecie”! Doręcza listy miłosne, pocztówki, pisma urzędowe, wiadomości z frontu i emigracji. Rozmawia z adresatami, a niepiśmiennym czyta listy i pomaga na nie odpisywać, nikt więc nie wie o życiu Lizzanello tyle co ona. Autorka tej wielokrotnie nagradzanej bestsellerowej powieści przedstawia nie tylko portret kobiety, która chciała żyć na własnych warunkach, ale też trzy dekady losów włoskiej rodziny i miasteczka. A w tle rodzący się faszyzm, wojnę i rewolucję obyczajową. To historia ludzi i epoki, latami skrywanych sekretów i miłości niemożliwych, które nie powinny były się wydarzyć… i nie mogły spełnić.","Powieść zagraniczna, Społeczno-obyczajowa"
/pl/swiatlo_w_srodku_nocy-9788324070893,książka / book,Książki i czasopisma / Books and periodicals,Jojo Moyes,Światło w środku nocy,The Giver of Stars,angielski,Znak Literanova,2020,Miękka,20.5x14.4,544,"0,572 kg",29.01.2020,9788324070893 (9788324070893),9788324070893,/img/product_images_new/370/512370_01_swiatlo_w_srodku_nocy.300.jpg,"NOWOŚĆ AUTORKI „ZANIM SIĘ POJAWIŁEŚ” Gwiazdy widać tylko w ciemności Alice czuje się jak wybrakowana wersja samej siebie. Szybki ślub z przystojnym Amerykaninem okazuje się pomyłką. W domu rządzi teść, który książki inne niż Biblia uznaje za stratę czasu. Na dodatek plotkuje o niej całe Baileyville, tylko dlatego że przybyła z dalekiej i równie nudnej Anglii. Otwarcie konnej biblioteki prowadzonej przez kobiety burzy spokój miasteczka. Na jej czele staje Margery, która brzydzi się hipokryzją i, o zgrozo, ma własne zdanie na każdy temat. Alice rusza na dzikie górskie szlaki z lekturami wzbudzającymi kontrowersje. Oliwy do ognia dolewa fakt, iż wśród kobiet zaczyna krążyć zakazana książeczka, która – jak twierdzą niektórzy – mąci im w głowach i budzi grzeszne myśli… Choć od Margery różni ją prawie wszystko, Alice odważy się iść za głosem wolności w świecie pełnym zakazów. A dzięki przyjaźni z Fredem zrozumie, że nigdy wcześniej naprawdę nie kochała. Nowa powieść Jojo Moyes o losach odważnych, niepokornych kobiet, które pokochasz równie mocno jak Lou Clark, niezapomnianą bohaterkę Zanim się pojawiłeś. Powyższy opis pochodzi od wydawcy","Powieść zagraniczna, Społeczno-obyczajowa, Literatura kobieca"
/pl/mis_z_dlugim_ogonkiem-9788376729541,książka / book,Książki i czasopisma / Books and periodicals,Beata Ostrowicka,Miś z długim ogonkiem,,polski,Literatura,2021,Twarda,19.0x23.0,34,"0,272 kg",05.03.2021,9788376729541 (9788376729541),9788376729541,/img/product_images_new/507/578507_01_mis_z_dlugim_ogonkiem.300.jpg,"Agatka nie ma ukochanej przytulanki i raczej nie bawi się misiami – do dnia, w którym znajduje Teofilka, starą zabawkę mamy. Okazuje się, że razem o wiele łatwiej rozmawia się z groźną sąsiadką, świetnie się biwakuje i bez strachu wskakuje do kąpieli. Ale, ale… po myciu przytulak bardzo się zmienił… Czy Agatka rozpozna w nim swojego przyjaciela?","Dla dzieci i młodzieży, Dzieci do lat 6, Bajka i baśń, Bajki o zwierzętach"
/pl/nasza_mama_czarodziejka-9788382081121,książka / book,Książki i czasopisma / Books and periodicals,Joanna Papuzińska,Nasza mama czarodziejka,,polski,Literatura,2022,Twarda,19.0x23.0,48,"0,295 kg",01.09.2022,9788382081121 (9788382081121),9788382081121,/img/product_images_new/883/699883_01_nasza_mama_czarodziejka_wyd_25.300.jpg,"Nasza mama wygląda całkiem zwyczajnie. Lubi się z nami bawić i zawsze nam pomaga, kiedy coś jest nie tak.  Wczoraj w nocy ulepiła z ciasta kawałeczek rożka, który obłamał się księżycowi. Wielkoludowi z naszego podwórka też pomogła – znów bawi się z nami na podwórku. Bo to był po prostu mój nadęty kolega! A kiedy potwór zajrzał do naszego okna podczas kolacji – poczęstowała go sałatą. Okazało się, że jest bardzo łagodny! Mama od razu to wiedziała.","Przygodowa, Dla dzieci i młodzieży, Literatura dla dzieci polska, Literatura dla dzieci polska (7-13 lat), Dla dzieci i młodzieży, Dzieci od 7 do 13"
/pl/gdzie_spiewaja_raki-9788382897890,książka / book,Książki i czasopisma / Books and periodicals,Delia Owens,Gdzie śpiewają raki,Where the Crawdads Sing,polski,Świat Książki,2022,Miękka ze skrzydełkami,13.5x21.5,416,"0,39 kg",05.08.2022,9788382897890 (9788382897890),9788382897890,/img/product_images_new/117/703117_01_gdzie_piewaja_raki.300.jpg,"JAK DŁUGO ZDOŁASZ CHRONIĆ SWOJE SERCE?  Pogłoski o Dziewczynie z Bagien latami krążyły po Barkley Cove, sennym miasteczku u wybrzeży Karoliny Północnej. Dlatego pod koniec 1969 roku, gdy na mokradłach znaleziono ciało przystojnego Chase’a Andrewsa, miejscowi zwrócili się przeciwko Kyi Clark, zwanej Dziewczyną z Bagien.  Lecz Kya nie jest taka, jak o niej szepczą. Wrażliwa i inteligentna, zdołała sama przetrwać wiele lat na bagnach, które nazywa domem, choć jej ciało tęskniło za dotykiem i miłością. Przyjaźni szukała u mew, a wiedzę czerpała z natury. Kiedy dzikie piękno dziewczyny intryguje dwóch młodych mężczyzn z miasteczka, Kya otwiera się na nowe doznania — i dzieją się rzeczy niewyobrażalne.  Gdzie śpiewają raki to wysmakowana oda do świata przyrody, wzruszająca fabuła o dojrzewaniu i zaskakująca relacja z procesu. Owens przypomina, że dzieciństwo nas kształtuje definitywnie i że wszyscy bez wyjątku podlegamy wspaniałym, lecz nieokiełznanym sekretnym siłom natury. Doskonała powieść dla czytelniczek książek Barbary Kingsolver i Karen Russell.  Owens przedstawia odludne mokradła wybrzeży Karoliny Północnej z perspektywy porzuconego dziecka. Samotna dziewczynka otwiera nam oczy na cuda – i zagrożenia – jej prywatnego świata. Dojmująco piękna powieść... Kryminał na kanwie morderstwa, ponadczasowa gawęda i celebracja przyrody w jednym. THE NEW YORK TIMES BOOK REVIEW","Powieść zagraniczna, Społeczno-obyczajowa"
/pl/sfora_komisarz_igor_brudny_tom_2_wyd_2024-9788383820446,książka / book,Książki i czasopisma / Books and periodicals,Przemysław Piotrowski,Sfora,,polski,Czarna owca,2024,Twarda barwione brzegi,13.5x21.0,536,"0,645 kg",09.10.2024,9788383820446 (9788383820446),9788383820446,/img/product_images_new/186/928186_01_sfora_komisarz_igor_brudny_tom_2_wyd_2024.300.jpg,"Ekskluzywne wydanie w twardej oprawie z barwionymi brzegami. Zima. W lesie nieopodal Zielonej Góry odnaleziona zostaje ręka. Wstępne oględziny wskazują, że została ona… odgryziona przez człowieka. Atmosfera niepokoju w mieście narasta. W mediach pojawiają się pogłoski o grasującym w okolicach wilkołaku. Niedługo potem śledczy trafiają na zmasakrowane zwłoki zaginionej niedawno zakonnicy – ofiara została zamordowana, a jej ciało rozszarpały wilki. Inspektor Romuald Czarnecki powołuje specjalną grupę dochodzeniowo-śledczą, w skład której wchodzą również komisarz Igor Brudny i Julia Zawadzka ze stołecznej policji. Żadne z nich nie podejrzewa, z czym przyjdzie im się zmierzyć. Mimo zdecydowanych działań śledztwo komplikuje się coraz bardziej, a sprawca pozostaje nieuchwytny. Talent i trudna przeszłość Brudnego po raz kolejny mogą okazać się nieocenione.","Kryminały, Powieść polska"
/pl/pietno_komisarz_igor_brudny_tom_1_wyd_2024-9788383820422,książka / book,Książki i czasopisma / Books and periodicals,Przemysław Piotrowski,Piętno,,polski,Czarna owca,2024,Twarda barwione brzegi,13.5x21.0,464,"0,56 kg",09.10.2024,9788383820422 (9788383820422),9788383820422,/img/product_images_new/185/928185_01_pietno_komisarz_igor_brudny_tom_1_wyd_2024.300.jpg,"Ekskluzywne wydanie w twardej oprawie z barwionymi brzegami. Igor Brudny to twardy warszawski glina, który woli nie wracać do swojej przeszłości. Tym razem nie ma innego wyjścia. Mężczyzna bliźniaczo podobny do Brudnego jest poszukiwany w sprawie wyjątkowo brutalnego morderstwa. Komisarz musi wrócić do Zielonej Góry, by oczyścić się z podejrzeń. Na miejscu działa już zespół śledczych dowodzony przez inspektora Romualda Czarneckiego. Ciała bezlitośnie okaleczonych ofiar nie pozostawiają wątpliwości – to dopiero początek. Pojawienie się Brudnego komplikuje całą sprawę. Czarnecki nie jest pewien, czy powinien ufać człowiekowi z twarzą mordercy...","Kryminały, Powieść polska"
/pl/smolarz_komisarz_igor_brudny_tom_6_wyd_2024-9788383820453,książka / book,Książki i czasopisma / Books and periodicals,Przemysław Piotrowski,Smolarz,,polski,Czarna owca,2024,Twarda barwione brzegi,13.5x21.0,424,"0,535 kg",09.10.2024,9788383820453 (9788383820453),9788383820453,/img/product_images_new/187/928187_01_smolarz_komisarz_igor_brudny_tom_6_wyd_2024.300.jpg,"Ekskluzywne wydanie w twardej oprawie z barwionymi brzegami. W Bieszczadach dochodzi do zaginięcia dwóch turystek. Z powodu tragedii ożywa legenda o ponurym smolarzu. Dręczony wyrzutami sumienia Igor Brudny, który w górach próbował odzyskać spokój, wbrew sobie angażuje się w sprawę. Gdy podejrzenie pada na jego sąsiada, zajmującego się wypałem drewna Samuela, komisarz jako jedyny kwestionuje jego winę. Przeciwko sobie ma nie tylko tajemniczego mordercę, lecz także miejscowy układ sił, na którego czele stoi polityk będący dla mieszkańców niemal bogiem. Szukając sprawcy, Brudny odkryje tajemnicę, przy której straszna legenda okaże się jedynie bajeczką dla dzieci.","Kryminały, Powieść polska"
/pl/zaraza_komisarz_igor_brudny_tom_4_wyd_2024-9788383820460,książka / book,Książki i czasopisma / Books and periodicals,Przemysław Piotrowski,Zaraza,,polski,Czarna owca,2024,Twarda barwione brzegi,13.5x21.0,432,"0,53 kg",09.10.2024,9788383820460 (9788383820460),9788383820460,/img/product_images_new/188/928188_01_zaraza_komisarz_igor_brudny_tom_4_wyd_2024.300.jpg,"Ekskluzywne wydanie w twardej oprawie z barwionymi brzegami. Po tym, jak cudem uszedł z życiem z zasadzki psychopatycznego mordercy, Igor Brudny powoli dochodzi do siebie. Świat, w którym się obudził, nie jest już taki sam. Komisarz nie może wrócić do Warszawy, a zespół inspektora Romualda Czarneckiego nie istnieje. Ale przynajmniej dawna partnerka Brudnego, Julia Zawadzka, wciąż jest przy nim. Sama Zawadzka, po przeniesieniu do komendy w Zielonej Górze, również mierzy się z nowymi wyzwaniami. Prowadzone przez nią śledztwo utknęło w martwym punkcie, a w dodatku w pobliskim lesie znaleziono zwłoki kolejnej zamordowanej kobiety. Wyniki sekcji są jasne: w ciele ofiary nie została ani jedna kropla krwi. Wszystko wskazuje na to, że nad Zieloną Górą zbierają się ciemne chmury. Sfrustrowany własną bezradnością Brudny zastanawia się, czy zło, które znał tak dobrze, na stałe rozgościło się w mieście. Któregoś dnia w jego domu niespodziewanie pojawia się ktoś, kto desperacko potrzebuje pomocy. Czy pokiereszowany komisarz znajdzie w sobie siłę, by rozwiązać jeszcze jedną sprawę?","Kryminały, Powieść polska"
/pl/anubis_komisarz_igor_brudny_tom_7_wyd_2024-9788383820347,książka / book,Książki i czasopisma / Books and periodicals,Przemysław Piotrowski,Anubis,,polski,Czarna owca,2024,Twarda barwione brzegi,13.5x21.0,416,"0,51 kg",09.10.2024,9788383820347 (9788383820347),9788383820347,/img/product_images_new/182/928182_01_anubis_komisarz_igor_brudny_tom_7_wyd_2024.300.jpg,"Ekskluzywne wydanie w twardej oprawie z barwionymi brzegami. Gdyby nie meldunek z Interpolu, to akta tej sprawy nadal kurzyłyby się w policyjnym Archiwum X. Dwie ofiary – jedną sprzed pięciu lat z Zielonej Góry i drugą sprzed miesiąca z Hurghady – łączy bardzo niepokojący fakt: obydwa trupy zostały zmumifikowane. Komendant Romuald Czarnecki wysyła do Egiptu swojego najlepszego człowieka. Igor Brudny leci na miejsce zbrodni w towarzystwie aspirant Jagny Witos. Nie podoba się to Julce Zawadzkiej, która wciąż dochodzi do siebie po akcji w Bieszczadach. Jej zdaniem młoda policjantka ma wobec Brudnego własne zamiary… Gdzieś między Polską a Egiptem grasuje morderca, który wzorem staroegipskich bóstw upomina się o sprawiedliwość. Brudny nie wie, kim jest, gdzie się ukrywa ani ile osób zabił. Jednego jest jednak pewien – zabójca wkrótce uderzy ponownie.","Powieść polska, Kryminały"
/pl/bagno_komisarz_igor_brudny_tom_5_wyd_2024-9788383820354,książka / book,Książki i czasopisma / Books and periodicals,Przemysław Piotrowski,Bagno,,polski,Czarna owca,2024,Twarda barwione brzegi,13.5x21.0,448,"0,545 kg",09.10.2024,9788383820354 (9788383820354),9788383820354,/img/product_images_new/183/928183_01_bagno_komisarz_igor_brudny_tom_5_wyd_2024.300.jpg,"Ekskluzywne wydanie w twardej oprawie z barwionymi brzegami. Audycję radiową przerywa telefon od tajemniczego człowieka, który przedstawia się jako Sędzia. Jednocześnie w internecie pojawia się transmisja, w trakcie której mężczyzna w katowskim kapturze torturuje bliskiego współpracownika władzy. Przed egzekucją wyjawia wszystkie grzechy i przewinienia swojej ofiary. Służby zostają postawione w stan najwyższej gotowości. Policja odnajduje ciało straconego na wizji mężczyzny na terenie dawnego sierocińca sióstr hieronimek. Na miejsce zdarzenia wezwany zostaje komisarz Igor Brudny. Człowiek, którego już nigdy nie chciał spotkać, składa mu propozycję nie do odrzucenia. Brudny i Zawadzka muszą odnaleźć się w kompletnie obcym im świecie wielkiej polityki, zgniłych układów i tajnych służb. Kolejne działania Sędziego skutecznie paraliżują państwo, a wzburzeni ludzie wychodzą na ulice. W całym tym chaosie, po raz kolejny tropiąc psychopatycznego mordercę, Brudny po raz pierwszy nie wie, czy stoi po właściwej stronie.","Powieść polska, Kryminały"
/pl/cherub_komisarz_igor_brudny_tom_3_wyd_2024-9788383820361,książka / book,Książki i czasopisma / Books and periodicals,Przemysław Piotrowski,Cherub,,polski,Czarna owca,2024,Twarda barwione brzegi,13.5x21.0,440,"0,55 kg",09.10.2024,9788383820361 (9788383820361),9788383820361,/img/product_images_new/184/928184_01_cherub_komisarz_igor_brudny_tom_3_wyd_2024.300.jpg,"Ekskluzywne wydanie w twardej oprawie z barwionymi brzegami. Zielonogórskie lato przerywa kolejna zbrodnia. Prokurator Brunon Kotelski zostaje bestialsko okaleczony i zamordowany. W tym samym czasie w Warszawie komisarz Igor Brudny otrzymuje pamiątkę z przeszłości. Pod nieobecność emerytowanego inspektora Romualda Czarneckiego sprawę przejmuje prokurator Arleta Winnicka. Zainscenizowane miejsce zbrodni, wybór ofiary i brak śladów nie pozostawiają żadnych wątpliwości. Morderca jest brutalny, nieprzewidywalny i świetnie panuje nad sytuacją. Bardzo szybko daje śledczym do zrozumienia, że żadne z nich nie może czuć się bezpieczne. Szykuje się najtrudniejsza sprawa w ich karierze. Brudny, zdeterminowany, by uratować przyjaciół i raz na zawsze zostawić przeszłość za sobą, podejmuje wyzwanie. Finałowy pojedynek dopiero się rozpoczyna.","Kryminały, Powieść polska"
/pl/zaginiona_kareta_psi_patrol_story-9788382828924,książka / book,Książki i czasopisma / Books and periodicals,,Psi Patrol Story 54 Zaginiona kareta,,polski,Media Service Zawada,2024,Miękka,22.0x21.5,24,"0,10 kg",20.12.2024,9788382828924 (9788382828924),9788382828924,/img/product_images_new/725/1053725_01_zaginiona_kareta_psi_patrol_story.300.jpg,"Opowiadania dla najmłodszych miłośników. W każdej książeczce czytelnicy poznają nową, wspaniałą historię. 24 strony czytania, wielkie kolorowe ilustracje. Sprawdź, jakie przygody przytrafiły się ulubionym bohaterom!","Dla dzieci i młodzieży, Dzieci do lat 6, Bajka i baśń"
/pl/dzien_czekolady-9788382081374,książka / book,Książki i czasopisma / Books and periodicals,Anna Onichimowska,Dzień czekolady,,polski,Literatura,2022,Twarda,16.8x22.0,56,"0,25 kg",03.11.2022,9788382081374 (9788382081374),9788382081374,/img/product_images_new/495/724495_01_dzien_czekolady_wyd_7.300.jpg,"Opowieść o czasie, który wszystko zmienia, o lękach, marzeniach, tęsknocie, a przede wszystkim – o miłości. Jej bohaterowie – siedmioletni Dawid i Monika – przeżywają problemy zbyt trudne na swój wiek. Radzą sobie z nimi, oswajając rzeczywistość na swój dziecięcy sposób.  Książka została nagrodzona w I Konkursie Literackim im. Astrid Lindgren i jest inspiracją do filmu pod tym samym tytułem w reżyserii Jacka Piotra Bławuta.","Przygodowa, Dla dzieci i młodzieży, Literatura dla dzieci polska, Literatura dla dzieci polska (7-13 lat), Dla dzieci i młodzieży, Dzieci od 7 do 13"
/pl/basn_o_zlamanym_sercu-9788367195553,książka / book,Książki i czasopisma / Books and periodicals,Stephanie Garber,Baśń o złamanym sercu,Once Upon a Broken Heart,angielski,Poradnia K,2023,Miękka ze skrzydełkami,20.5x13.5,344,"0,355 kg",25.01.2023,9788367195553 (9788367195553),9788367195553,/img/product_images_new/878/716878_01_basn_o_zlamanym_sercu.300.jpg,"Baśń o złamanym sercu to urzekająca powieść fantasy i wspaniały początek nowej serii uwielbianej autorki książek dla młodzieży i powrót do magicznego świata znanego z Caravalu. Czytelnicy będą zachwyceni. W nowej książce Stephanie Garber dostają wszystko to, co lubią : niezwykłą historię, misternie rozwijane wątki, szybkie tempo, szalone zwroty akcji i barwne postaci z krwi i kości. Zaczyna się jak w bajce… Evangelina Fox zawsze wierzyła w prawdziwą miłość. Aż do czasu, kiedy ukochany mężczyzna zaręczył się z jej przyrodnią siostrą! Evangelina jest pewna, że został zaczarowany. Nie może dopuścić do małżeństwa! Zrobi wszystko, by, jak w bajkach, żyć długo i szczęśliwie. Zdesperowana zawiera pakt z Jacksem, charyzmatycznym Księciem Serc. W zamian za trzy pocałunki, które Evangelina ma złożyć w wybranym przez niego miejscu i czasie, książę powstrzyma ślub, a dziewczyna wyleczy złamane serce. To pozornie niewielka cena za szczęście, ale umowa z nieśmiertelnym to niebezpieczna gra. Wkrótce Evangelina przekonuje się, że książę chce od niej znacznie więcej, niż mu przyrzekła. Ma swoje plany względem dziewczyny, plany, które mogą zakończyć się albo wielkim szczęściem, albo wielką tragedią. Baśń o złamanym sercu to idealny romans fantasy. Prawdziwa miłosna magYA!","Dla dzieci i młodzieży, Literatura dla młodzieży, Literatura dla młodzieży zagraniczna, Bajka i baśń, Fantastyka, Fantasy"
/pl/gil_teofil-9788383453651,książka / book,Książki i czasopisma / Books and periodicals,Dorota Kozioł,Gil Teofil,,polski,Wydawnictwo Diecezjalne,2025,Miękka,21.0x29.5,16,"0,11 kg",18.04.2025,9788383453651 (9788383453651),9788383453651,/img/product_images_new/095/1325095_01_gil_teofil.300.jpg,Gil Teofil to kolejny bohater ulubionej dziecięcej serii. Mały ptak o wrażliwym sercu chce pomóc cierpiącemu Panu Jezusowi na krzyżu. I dzięki temu otrzymuje wyjątkową nagrodę.,"Dla dzieci i młodzieży, Literatura dla dzieci polska, Religijna"
/pl/pas_oriona-9788382932737,książka / book,Książki i czasopisma / Books and periodicals,Rose Merrin,Pas Oriona,Orion’s Belt,angielski,Videograf,2025,Miękka ze skrzydełkami,13.5x20.8,304,"0,25 kg",24.06.2025,9788382932737 (9788382932737),9788382932737,/img/product_images_new/077/1454077_01_pas_oriona.300.jpg,"XVII-wieczna Holandia to czas kolonizacji, rozwoju, nauki i dobrobytu, złoty wiek. Jej tolerancja religijna przyciąga ludzi z całej Europy, w tym Żydów wypędzonych z Hiszpanii i Portugalii. Ci obcokrajowcy niosą ze sobą swoje różnice, kulturę, odrębne wartości i marzenia. Uwięziona pomiędzy dwoma światami młoda Isabella nie należy do żadnego z nich. Co stanie się z kobietą poszukująca niezależności w złożonym świecie, w którym indywidualne dążenia zderzają się z uprzedzeniami i normami? Do jakich niemożliwych wyborów i zbrodni będzie musiała się posunąć, aby ocalić swoją dumę? Jej uroda sprawia, że staje się modelką Johannesa Vermeera i pozuje do dwóch jego obrazów: Dziewczyna z perłą i Dziewczyna siedząca przy klawesynie – ostatnia praca artysty. Pas Oriona to książka o kobietach, emancypacji, miłości i wolności. Książka o przemianie, jaką narzuca nam życie, ale która po jej urzeczywistnieniu zapewnia oczyszczenie i wyzwolenie.","Społeczno-obyczajowa, Literatura kobieca, Powieść zagraniczna"
/pl/lisia_zona-9788383820026,książka / book,Książki i czasopisma / Books and periodicals,Yangsze Choo,Lisia żona,The Fox Wife,polski,Echa,2025,Twarda,13.0x21.5,496,"0,64 kg",18.06.2025,9788383820026 (9788383820026),9788383820026,/img/product_images_new/504/1459504_01_lisia_zona.300.jpg,"Niektórzy uważają, że lisy są podobne do duchów, bo też gromadzą qi, ale nic bardziej mylnego. Jesteśmy żywymi istotami, takimi jak wy, po prostu zazwyczaj lepiej wyglądamy… Mandżuria, rok 1908. W ostatnich latach rządów dynastii Qing właściciel restauracji znajduje na swoim progu zamarzniętą kurtyzanę. Jej śmierć wywołuje plotki o lisach, które według ludowych wierzeń zwodzą śmiertelników, przybierając postać pięknych kobiet i przystojnych mężczyzn. Bao, detektyw obdarzony niezwykłą zdolnością wykrywania kłamstw, otrzymuje zadanie ustalenia tożsamości zmarłej. Tymczasem rodzina chińskich aptekarzy, mimo biegłości w leczeniu chorób, nie potrafi uwolnić się od klątwy, która nad nimi wisi. Wydaje się jednak, że gdy w ich życie wkracza niebezpiecznie czarująca służka zwana Śnieżną, ich los w końcu się odmienia. Tylko czy na pewno? Śnieżna skrywa wiele sekretów, a przede wszystkim jest matką, która pragnie pomścić swoje utracone dziecko. Trop zaprowadzi ją z północy Chin aż do Japonii, a Bao będzie podążał za nią niczym wierny pies. Zarówno Śnieżna, jak i Bao, poruszając się wśród mitów i błędnych wyobrażeń o lisich duchach, spotkają starych przyjaciół i nowych wrogów – a trup nadal będzie ścielić się gęsto. Yangsze Choo mistrzowsko eksploruje świat śmiertelników i duchów, ludzi i innych stworzeń, a także olśniewające momenty, gdy ich ścieżki się krzyżują. Lisia żona, napisana z epickim rozmachem i pełna wyjątkowych, niezapomnianych bohaterów, to zachwycająca powieść o dawnych miłościach i drugich szansach, głębi matczynej miłości oraz pradawnych ludowych podaniach, które mogą okazać się prawdą. Yangsze Choo to malezyjska pisarka chińskiego pochodzenia. Po ukończeniu studiów licencjackich na Harvardzie, pracowała w korporacjach, a następnie napisała debiutancką powieść The Ghost Bride. Narzeczona ducha, która stała się bestsellerem „New York Timesa” i została zekranizowana jako serial Netflixa. Jej druga powieść Nocny tygrys została wybrana jako lekturę klubu czytelniczego Reese Witherspoon, a jej fragmenty czytano podczas platynowego jubileuszu królowej Elżbiety II. Proza Choo jest bogata, a powolne odkrywanie skomplikowanych relacji łączących bohaterów, którzy spotykają się po latach, trzyma w ogromnym napięciu. Wspaniała rzecz. – „Publishers Weekly” Intrygująca, chytrze pomyślana i zagadkowa powieść, dla której warto uwierzyć w niewiarygodne (…) Bogata azjatycka tradycja związana z lisim folklorem stanowi tło dla złożonej, nastrojowej historii o tożsamości i odkrywaniu tajemnic rozgrywającej się w Mandżurii na początku XX wieku.– „Kirkus”","Powieść zagraniczna, Społeczno-obyczajowa"
/pl/somatyczna_terapia_traumy_skuteczne_narzedzia_wzma-9788382527964,książka / book,Książki i czasopisma / Books and periodicals,Jordan Dann,Somatyczna terapia traumy Skuteczne narzędzia wzmacniania relacji umysł-ciało,Somatic Therapy for Healing Trauma,polski,Czarna Owca,2025,Twarda,14.5x21.5,192,"0,335 kg",18.06.2025,9788382527964 (9788382527964),9788382527964,/img/product_images_new/488/1459488_01_somatyczna_terapia_traumy.300.jpg,"Ulecz się z traumy i odzyskaj spokój Terapia somatyczna pozwala uwolnić uwięziony w ciele stres emocjonalny i psychiczny. Jej zastosowanie umożliwia przetworzenie traumy i powrót do zdrowia. Techniki oparte na dowodach naukowych Dowiedz się, czym jest terapia somatyczna i jak działa, a także poznaj najważniejsze metody jej stosowania. Terapia somatyczna w praktyce Wykorzystaj ćwiczenia pisemne, pracę z ciałem i ćwiczenia oddechowe do regulacji układu nerwowego i przywrócenia równowagi umysłu oraz ciała. Spokój i lepsze życie w zasięgu ręki Odzyskaj grunt pod nogami i ciesz się stabilniejszym i szczęśliwszym życiem. *** Jordan Dann– dyplomowana psychoanalityczka zajmująca się terapią somatyczną i terapią par. Ukończyła zaawansowane szkolenie w zakresie terapii Gestalt i jest specjalistką w zakresie metod Somatic Experiencing oraz Imago Relationship. Prowadzi prywatną praktykę w Nowym Jorku i jest członkinią wydziału Gestalt Associates for Psychotherapy. Możesz ją obserwować na Instagramie (@jordandann).","Poradniki, Psychologia. Psychoterapia, Uczucia. Emocje. Zmysły, Stres. Agresja. Przemoc, Psychologia. Psychoterapia, Techniki psychologii i psychoterapii"
/pl/psi_patrol_kocham_naklejac_psiastyczni_przyjaciele-9788382829143,książka / book,Książki i czasopisma / Books and periodicals,,Psi Patrol. Kocham naklejać. Psiastyczni Przyjaciele Psi Patrol. Kocham naklejać. Psiastyczni Przyjaciele,,polski,Media Service Zawada,2025,Miękka,24.5x27.0,6,"0,10 kg",30.05.2025,9788382829143 (9788382829143),9788382829143,/img/product_images_new/024/1475024_01_psi_patrol_kocham_naklejac_psiastyczni_przyjaciele.300.jpg,"Dołącz do ulubionych bohaterów z Psi Patrol i baw się naklejkami jak nigdy dotąd!Zestaw „Psi Patrol. Psiastyczni Przyjaciele” to prawdziwa przygoda dla dzieci, które kochają zabawę z naklejkami i bohaterską ekipą z Zatoki Przygód. W środku czeka 70 wypukłych naklejek Psi Patrol, przedstawiających Chase’a, Marshalla, Skye, Rocky’ego i pozostałych pupilków w pełnej akcji odsłonie. Krótkie opowiadanie rozwija wyobraźnię, a wygodna teczka z rączką pozwala zabrać książkę wszędzie — do przedszkola, na wakacje, do dziadków. Książeczka z naklejkami Psi Patrol z serii „Kocham naklejać” to świetna okazja, by połączyć zabawę z rozwojem małej motoryki i twórczym myśleniem. Idealna jako prezent dla małych fanów bajki! Cechy produktu:  Aż 70 wypukłych naklejek z bohaterami Psi Patrol Poręczna teczka z rączką – wygodna do noszenia i przechowywania Opowiadanie inspirowane przygodami z Zatoki Przygód  Dodaj do koszyka i wyrusz z Psi Patrol na kolejną naklejkową misję!",Dla dzieci i młodzieży
/pl/nieczuly_casanova-9788368381153,książka / book,Książki i czasopisma / Books and periodicals,L.J. Shen,Nieczuły casanova,Cold Hearted Casanova,angielski,LUNA,2025,Miękka ze skrzydełkami,13.5x20.5,448,"0,405 kg",25.06.2025,9788368381153 (9788368381153),9788368381153,/img/product_images_new/885/1490885_01_nieczuly_casanova.300.jpg,"Miliarder Riggs Bates dobrze wie, że pieniądze nie kupią mu szczęścia. Utrzymuje swój majątek w sekrecie, a kobiety zmienia jak rękawiczki. Przynajmniej do momentu, gdy zostaje przyłapany na romansie z zamężną prezenterką przez jej ambitną asystentkę. Daphne Markham pragnie w życiu dwóch rzeczy: małżeństwa, które zapewni jej stabilność, i życia w Stanach. Gdy niedoszły narzeczony odchodzi, by „odnaleźć siebie”, a wiza pracownicza zbliża się do wygaśnięcia, dziewczyna decyduje się na drobny szantaż. Na szczęście Riggsowi również zależy na pozostaniu w Nowym Jorku, więc zaręczyny szybko dochodzą do skutku. Mimo początkowej niechęci Riggs i Daphne zaczynają z czasem zauważać, ile ich łączy. Małżeństwo, które miało być fałszywe, coraz bardziej przypomina prawdziwy związek. Pytanie jednak, czy i ona, i on będą mieli na tyle odwagi, by sięgnąć po upragnioną miłość…","Romanse, Powieść zagraniczna"
/pl/to_jej_wina-9788321353371,książka / book,Książki i czasopisma / Books and periodicals,Emma Ångström,To jej wina,Det hon förtjänar,szwedzki,LeTra,2025,Miękka ze skrzydełkami,13.5x21.5,352,"0,38 kg",02.07.2025,9788321353371 (9788321353371),9788321353371,/img/product_images_new/515/1496515_01_to_jej_wina.300.jpg,"Niektóre związki mogą być niebezpieczne, a niektóre decyzje mogą kosztować życie… Fanny Karlsson dobiega trzydziestki, pracuje jako fizjoterapeutka i desperacko pragnie miłości. Jej przyjaciele pochłonięci są własnym życiem, a jedyną bliską jej osobą jest Maj-Britt, starsza pani, z którą spotyka się podczas spacerów z psem. Pewnego wieczoru Fanny natrafia na program telewizyjny o więźniach. Wystarczy jedno spojrzenie na Johana, skazanego za morderstwo, by poczuła, że musi go poznać. Wierzy, że jest w nim coś więcej – że tylko ona może go zrozumieć i się nim zaopiekować. Ich korespondencja przeradza się w relację, która stopniowo staje się pułapką bez wyjścia. W tym samym czasie Edda Nord porzuca błyskotliwą karierę w PR i zaczyna pracę w Fundacji Pomocy Kobietom. Chce pomagać innym, ale nie przeczuwa, że sama może znaleźć się w niebezpieczeństwie. Jej własne małżeństwo zaczyna się rozpadać, a historie podopiecznych otwierają jej oczy na rzeczywistość, której wcześniej nie dostrzegała. Losy bohaterek przecinają się, gdy zdesperowana Fanny zgłasza się do fundacji po pomoc – zaczyna rozumieć, że coś jest nie tak, ale jest już za późno. Johan nie zamierza pozwolić jej odejść. Edda robi wszystko, by ochronić kobietę, ale nieświadomie sprowadza na nią jeszcze większe niebezpieczeństwo. Czy mimo wszystko uda jej się uratować Fanny?","Powieść zagraniczna, Sensacyjne i thrillery"
/pl/robert_lewandowski_fantastyczna_9-9788384000250,książka / book,Książki i czasopisma / Books and periodicals,Maciej Słomiński,Robert Lewandowski Fantastyczna 9,,polski,RM,2025,Miękka,14.0x20.5,416,"0,44 kg",25.06.2025,9788384000250 (9788384000250),9788384000250,/img/product_images_new/988/1527988_01_robert_lewandowski_fantastyczna_9.300.jpg,"Najlepszy polski piłkarz – pewnie wiecie, o kim mowa. Ale czy znacie szczegóły jego kariery? Dlaczego rozstał się z Legią? Kto zabrał go na obóz Znicza Pruszków? Dlaczego tak trudno mu było odejść z Lecha Poznań? Jak rozwijała się jego światowa kariera? I jak wyglądały kulisy jego przejścia do FC Barcelony? Autor dotarł do osób, które towarzyszyły Lewemu na każdym etapie jego sportowej drogi, począwszy od prezesów klubów, przez kolegów z boiska i trenerów, skończywszy na dziennikarzach, którzy widzieli, jak Robert strzela cztery gole Realowi Madryt czy pięć Wolfsburgowi w dziewięć minut. Sławomir Peszko, jeden z najlepszych kolegów Lewego, powiedział nam o hierarchii panującej w kadrze: najpierw jest selekcjoner, on wszystko konsultuje z Robertem, potem jest cała reszta piłkarzy. Chcecie wiedzieć więcej? Sięgnijcie po nową, zaktualizowaną biografię Roberta Lewandowskiego. Maciej Słomiński – pracował dla UEFA podczas Euro 2012 i jako polski korespondent brytyjskiego dziennika „The Guardian”. Publikował m.in. w „Fakcie”, „Rzeczpospolitej”, a od 2020 r. jest dziennikarzem portalu Interia. Oprócz biografii Roberta Lewandowskiego jest współautorem biografii Grzegorza Króla Przegrany. Od urodzenia w 1978 r. mieszka w Sopocie.","Sport, Sport, Historia i teoria sportu. Sportowcy, Sport, Piłka nożna, Biografie"
/pl/zlodziejka_wspomnien_barwione_brzegi-9788367788649,książka / book,Książki i czasopisma / Books and periodicals,Renata Wasilewska,Złodziejka wspomnień barwione brzegi,,polski,BIAŁE PIÓRO,2025,Miękka barwione brzegi,14.5x21.0,354,"0,425 kg",,9788367788649 (9788367788649),9788367788649,/img/product_images_new/104/1541104_01_zlodziejka_wspomnien.300.jpg,"Czy zastanawialiście się kiedyś, jak by to było, gdybyśmy mogli pozbywać się niechcianych wspomnień? Wyrzucić z głowy wszystkie traumy, porażki i życiowe wpadki. Jak wolny byłby wtedy nasz umysł?! Złodziejka wspomnień jest właśnie próbą odpowiedzi na powyższe pytania. Ale nie jest to powieść psychologiczna. O nie! To przewrotna obyczajówka z wątkiem kryminalnym i szczyptą fantazji oraz ogromną dawką dobrego humoru, który z pewnością poprawi Wam samopoczucie. Nie zabraknie w niej również historii miłosnej, bez której każda powieść wygląda przecież „blado”. Obdarzona nietypowymi zdolnościami Matylda Ladro pomaga usunąć niechciane wspomnienia. W jej pracy towarzyszą i pomagają jej: podrywacz – Jerry Świstak oraz internetowa hakerka z zamiłowania – Zuza Swift. Ich rutynowy świat usług nietypowych zostaje zachwiany, gdy na horyzoncie pojawia się widmo morderstwa. Czy świeżo upieczonym detektywom amatorom uda się zapobiec zbrodni? Jakie niespodzianki napotkają? I czy nitka tajemnicy nie zaprowadzi ich przypadkiem do kłębka zagadek? Zanurzcie się w niesamowity świat złodziejki wspomnień i kota, który ją sobie wychował.","Powieść polska, Społeczno-obyczajowa, Literatura kobieca"
/pl/my_beloved_monster_ilustrowane_brzegi-9788328910782,książka / book,Książki i czasopisma / Books and periodicals,Marta Łabęcka,My Beloved Monster. Wydanie premium,,polski,BeYA,2025,Twarda barwione brzegi,14.0x20.8,648,"0,53 kg",,9788328910782 (9788328910782),9788328910782,/img/product_images_new/858/1649858_01_my_beloved_monster_ilustrowane_brzegi.300.jpg,"Dlaczego to zrobiłeś, Chad?! Norwood w Karolinie Północnej uchodziło za najspokojniejsze miejsce na świecie. Mieszkańcy znali się doskonale ― byli świadomi radości i smutków swoich sąsiadów, spędzali razem czas, przyjaźnili się ze sobą. W Norwood nigdy nie dzieje się nic złego ― powtarzano. Dorośli wypowiadali te słowa z łagodnym spokojem, młodzież z pewną irytacją. Przy całej swojej sielankowości bowiem ich miasteczko było po prostu nudne. Aż do dnia, w którym Chadwick Myers postanowił ten spokój zburzyć i wymierzył broń w swoich najlepszych przyjaciół. Nieobecność w szkole jego dziewczyny Holly Wilson uczyniła ją w oczach wszystkich współwinną okrutnej zbrodni, w wyniku której miasteczko Norwood znalazło się nagle na pierwszych stronach gazet w całej Ameryce. Co się kryło za straszliwym czynem ukochanego Holly? Czy Chadwick Myers naprawdę był takim potworem, za jakiego mają go mieszkańcy Norwood? Czy dziewczynie uda się dotrzeć do prawdy?","Dla dzieci i młodzieży, Literatura dla młodzieży"
/pl/niezwykle_objawienia_ks_jerzego_popieluszki_we_wlo-9788368317879,książka / book,Książki i czasopisma / Books and periodicals,"Milena Kindziuk , Józef Naumowicz",Niezwykłe objawienia ks. Jerzego Popiełuszki we Włoszech,,polski,Esprit,2025,Miękka ze skrzydełkami,13.0x20.0,240,"0,268 kg",25.06.2025,9788368317879 (9788368317879),9788368317879,/img/product_images_new/426/1549426_01_niezwykle_objawienia_ks_jerzego_popieluszki_we_wloszech.300.jpg,"Objawienia ks. Jerzego Popiełuszki, doświadczane od kilkunastu lat przez Francescę Sgobbi z Fiumicello we Włoszech, to unikatowy fenomen na skalę światową. Błogosławiony kapłan przekazuje jej duchowe przesłania, także o swojej męczeńskiej śmierci. Ks. prof. Józef Naumowicz i dr Milena Kindziuk odwiedzili wizjonerkę i opisali jej życie oraz objawienia w swojej najnowszej książce. Co chce nam dziś powiedzieć ks. Popiełuszko? I dlaczego właśnie teraz?","Literatura religijna, Religia i wiara, Historia religii i kościoła. Duchowni"
/pl/siedem_skor_esther_wilding-9788368367614,książka / book,Książki i czasopisma / Books and periodicals,Holly Ringland,Siedem skór Esther Wilding,The Seven Skins of Esther Wilding,angielski,MARGINESY,2025,Miękka ze skrzydełkami,13.5x21.0,600,"0,554 kg",02.07.2025,9788368367614 (9788368367614),9788368367614,/img/product_images_new/306/1567306_01_siedem_skor_esther_wilding.300.jpg,"Esther Wilding jechała do domu drogą wzdłuż wybrzeża dokładnie w rocznicę tego dnia, gdy jej siostra weszła do morza i zaginęła. Teraz, pod wieczór, światło było boleśnie złote.  Przejmująca i magiczna powieść o żałobie, odwadze, przemianie i sile napisana przez autorkę międzynarodowego bestsellera Wszystkie kwiaty Alice Hart  Wydaje się, że część odpowiedzi kryje się w pamiętniku, do którego dziewczyna wkleiła siedem ilustracji przedstawiających tajemnicze postacie i do każdej dołączyła zagadkowe wersy. By podążyć śladami ukochanej siostry, Esther wyrusza z Tasmanii do Kopenhagi. Podczas długiej podróży, która zaprowadzi ją aż na Wyspy Owcze, odnajdzie bohaterki nordyckich legend i baśni, ale też żywe kobiety gotowe podzielić się swoją mocą i mądrością.  Siedem skór Esther Wildingto poruszająca powieść o siostrzanej więzi, o miłości i o przemianie.","Sensacyjne i thrillery, Powieść zagraniczna"
/pl/ballada_dla_adeli-9788383298979,książka / book,Książki i czasopisma / Books and periodicals,Anna Stryjewska,Ballada dla Adeli,,polski,Skarpa Warszawska,2025,Miękka,13.5x20.5,352,"0,275 kg",02.07.2025,9788383298979 (9788383298979),9788383298979,/img/product_images_new/041/1570041_01_ballada_dla_adeli.300.jpg,"Bełdów, kwiecień 1947 Trwa msza rezurekcyjna, mieszkańcy wioski celebrują kolejne święta Wielkiej Nocy w wyzwolonej Polsce. Pod parkanem kościoła zbierają się miejscowi żebracy - ofiary wojny, sieroty, chorzy i okaleczeni. Wśród nich pojawia się nowy. Skulony, w podartych łachmanach klęczy i gra na skrzypcach, które nie mają strun. Mimo, iż instrument nie wydaje z siebie żadnego dźwięku, odnosi się wrażenie, jakby skrzypek słyszał i czuł każdą wybrzmiewającą nutę. Jego osoba zwraca uwagę wychodzącej ze świątyni wiejskiej nauczycielki, Alicji. Młoda, ambitna kobieta wysnuwa przypuszczenie, że za tym dziwnym zachowaniem kryje się nieprzeciętny talent. Ciąg kolejnych wydarzeń tylko ją w tym przekonaniu utwierdza. Więcej, okazuje się, że mężczyzna przeszedł przez obozowe piekło. Polska Ludowa, nowy ład i dwoje doświadczonych, skrywających bolesną tajemnicę ludzi, którym los skrzyżował te same drogi nie bez powodu. A w tle piękna, pełna miłości ballada niosąca nie tylko ukojenie, ale również tęsknotę za czymś dawno utraconym. Wzruszająca, utkana z emocji historia o ludzkim, przekornym losie, różnych obliczach człowieczeństwa, demonach przeszłości i odnajdywaniu siebie w nowej rzeczywistości.","Społeczno-obyczajowa, Literatura kobieca, Powieść polska"
/pl/uzdrawianie_dzwiekiem_pracuj_z_cialem-_zredukuj_st-9788383719986,książka / book,Książki i czasopisma / Books and periodicals,Vickie Dodd,"Uzdrawianie dźwiękiem Pracuj z ciałem, zredukuj stres, pozbądź się lęku i ulecz traumy",Healing through Sound: Awakening Your Audible Body,eng,Wydawnictwo Kobiece,2025,Miękka ze skrzydełkami,14.5x20.5,256,"0,29 kg",16.07.2025,9788383719986 (9788383719986),9788383719986,/img/product_images_new/056/1570056_01_uzdrawianie_dzwiekiem_pracuj_z_cialem-_zredukuj_stres-_pozbadz_sie_leku_i_ulecz_traumy.300.jpg,"Uzdrawianie dźwiękiem – zredukuj stres, pozbądź się lęku i ulecz traumy Ciało to dźwięk – wystarczy wsłuchać się w jego rytmy i opowieści, które proszą, by je zauważyć i zintegrować. Dzięki mocy własnego głosu możesz uzdrawiać ciało warstwa po warstwie: budząc komórki, uwalniając napięcia, stres i emocjonalne traumy. W tym przewodniku pionierka terapii dźwiękiem Vickie Dodd przedstawia swój autorski system pracy z traumą zakodowaną w ciele, wykorzystując uzdrawiającą moc dźwięku. Opisuje działanie układu nerwowego oraz oddechu aktywującego układ przywspółczulny i pokazuje, jak dźwięk wędruje wewnętrznymi ścieżkami ciała. A w tej wędrówce wywołuje reakcje zapisane w pamięci tkanek i mięśni, omijając przy tym umysł. Dźwięk może zmieniać strukturę tkanek, korygować postawę i uwalniać nieprzepracowane doświadczenia emocjonalne. Dzięki ćwiczeniom zawartym w książce „Uzdrawianie dźwiękiem. Pracuj z ciałem, zredukuj stres, pozbądź się lęku i ulecz traumy” nauczysz się precyzyjnie słuchać własnego ciała, odkrywać rytmy obszarów wymagających leczenia i rozpoznawać dźwięki potrzebne do ich uzdrowienia – znajdziesz swój indywidualny odcisk dźwiękowy.","Zdrowie i uroda, Zdrowie. Uroda, Poradniki"
/pl/szczesciary-9788383672182,książka / book,Książki i czasopisma / Books and periodicals,Magdalena Kordel,Szczęściary,,polski,Znak,2025,Miękka ze skrzydełkami,14.4x20.5,400,"0,31 kg",16.07.2025,9788383672182 (9788383672182),9788383672182,/img/product_images_new/860/1572860_01_szczesciary.300.jpg,"Gdy życie wystawia cię na próbę, pamiętaj, że masz przyjaciółki! Zyta, Miłka, Pola i Łucja są różne jak pory roku, ale od piaskownicy łączy je przyjaźń, która przetrwała próbę czasu. To ich bezpieczna przystań, do której zawsze mogą wrócić. Tego burzliwego lata życie każdej z nich wywinie fikołka i znów przekonają się, że razem mogą stawić czoła każdej przeciwności. Czy Zyta będzie umiała zaufać, gdy jej serce raz już pękło? Czy Miłka odważy się zacząć od zera? Czy zmęczona Pola znajdzie wreszcie czas dla siebie? Czy Łucja sięgnie po swoje marzenia? Szczęściary to opowieść jak leniwe popołudnie spędzone na leżaku, wypełnione śmiechem najbliższych. Pełna czułości, nadziei i śmiechu przez łzy przypomina, ile szczęścia daje prawdziwa przyjaźń! Masz przyjaciółki? Jesteś Szczęściarą!","Powieść polska, Społeczno-obyczajowa, Literatura kobieca"
/pl/cala_slodycz_zycia-9788384023433,książka / book,Książki i czasopisma / Books and periodicals,Agnieszka Jeż,Cała słodycz życia,,polski,Filia,2025,Miękka ze skrzydełkami,13.5x20.5,368,"0,40 kg",02.07.2025,9788384023433 (9788384023433),9788384023433,/img/product_images_new/698/1575698_01_cala_slodycz_zycia.300.jpg,"PEŁNA CIEPŁA I REFLEKSJI POWIEŚĆ O TYM, ŻE NIGDY NIE JEST ZA PÓŹNO, BY POUKŁADAĆ SWOJE ŻYCIE NA NOWO – NAWET JEŚLI OZNACZA TO POWRÓT DO MIEJSCA, KTÓRE CHCIAŁO SIĘ NA ZAWSZE ZOSTAWIĆ ZA SOBĄ. Magda miała wszystko – kochającą rodzinę, stabilną pracę, eleganckie życie w Warszawie. Miała też plan: nigdy nie być jak jej matka. A jednak, po odkryciu zdrady męża, ląduje tam, dokąd absolutnie nie chciała wracać – w rodzinnym domu na Dolnym Śląsku. W Dobromyślu czeka na nią nie tylko przeszłość, ale też... zaskakująca teraźniejszość. Trzy kobiety. Trzy pokolenia. Jeden dom – pełen niedopowiedzeń, dawnych ran i ukrytych tajemnic. Czy różnice nie do pogodzenia mogą się stać mostem do zrozumienia? Czy da się odnaleźć siebie tam, skąd kiedyś uciekło się bez żalu?","Powieść polska, Społeczno-obyczajowa, Społeczno-obyczajowa, Literatura kobieca"
/pl/mniej_wiecej_maddy-9788384023495,książka / book,Książki i czasopisma / Books and periodicals,Lisa Genova,Mniej więcej Maddy,More or Less Maddy,angielski,FILIA,2025,Miękka,13.5x20.5,512,"0,46 kg",02.07.2025,9788384023495 (9788384023495),9788384023495,/img/product_images_new/701/1575701_01_mniej_wiecej_maddy.300.jpg,"Zapierająca dech w piersi, wciągająca opowieść o młodej kobiecie, z chorobą dwubiegunową, odrzucającej poczucie stabilizacji i aprobaty oferowanej przez tradycyjnie pojmowane „normalne” życie na rzecz kariery komika stand-upowego.  Maddy Banks jest zwyczajną, zestresowaną studentką pierwszego roku na Uniwersytecie Nowego Jorku. Nauka, egzaminy, życie w wielkim mieście i niedawne zerwanie z chłopakiem: to normalne, że w takim układzie można się czuć przytłoczonym. Nie pomaga również to, że zawsze czuła się inna niż pozostali członkowie jej idealnej rodziny z Connecticut. Jednak ostatnie załamanie okazuje się dewastująco poważne i Maddy zaczyna brać leki antydepresyjne. Czuje się coraz lepiej, w zasadzie to nawet fantastycznie – i wkrótce wskakuje na szaleńczą karuzelę przerażającej manii, co ostatecznie prowadzi do diagnozy schorzenia dwubiegunowego. Walcząc o odnalezienie swojej własnej drogi w nowej rzeczywistości, o kontrolę nad skomplikowanymi efektami, jaki choroba wywiera na jej poczuciu tożsamości, relacjach z bliskimi osobami i marzeniach, Maddy musi sama nauczyć się, w jaki sposób radzić sobie z poczuciem, że jednocześnie jest niewystarczająco dobra i przesadnie wspaniała.","Powieść zagraniczna, Społeczno-obyczajowa"
/pl/zwierzaki_zadanka__malowanki_wodne-9788382079890,książka / book,Książki i czasopisma / Books and periodicals,Wioleta Żyłowska,Zadanka & malowanki wodne Zwierzaki,,polski,Skrzat,2025,Folia,14.0x20.0,8,"0,085 kg",18.06.2025,9788382079890 (9788382079890),9788382079890,/img/product_images_new/150/1581150_01_zwierzaki_zadanka_malowanki_wodne.300.jpg,"Porównuj elementy, odgaduj zależności i szukaj właściwych dróg. Koloruj sympatycznych bohaterów kilkoma kroplami wody. Rozwiąż wesołe zadania wymagające nieco chlapania! Zawarte w książeczce ćwiczenia i związane z nimi wodne malowanki pomogą maluchowi doskonalić spostrzegawczość i umiejętność kojarzenia. Pozwolą też rozwijać sprawność manualną i przygotują rękę do pisania. Zestaw z serii „Zadanka & Malowanki Wodne” zawiera zeszyt z zadankami i malowankami powleczonymi specjalną powłoką, która zmienia swoje właściwości pod wpływem wilgoci, oraz pisak ze zbiorniczkiem na wodę. Malowanki wielorazowego użytku – ponownie tracą kolor po wyschnięciu. Elementy zestawu nie podlegają sprzedaży osobno. Aby wykonać wodną malowankę: 1. Rozkręć wodny pisak i napełnij zbiorniczek wodą. Skręć przyrząd. 2. Zamaluj pisakiem te obszary wodnej malowanki, którym chcesz nadać kolor. 3. Kiedy malowanka wyschnie, barwy znikną. Możesz kolorować jeszcze raz!","Dla dzieci i młodzieży, Książki zabawki. Puzzle. Układanki. Wycinanki, Kolorowanki"
/pl/samochody_specjalistyczne_zadanka__malowanki_wodne-9788382079869,książka / book,Książki i czasopisma / Books and periodicals,Wioleta Żyłowska,Zadanka & malowanki wodne Samochody specjalistyczne,,polski,Skrzat,2025,Folia,14.0x20.0,8,"0,09 kg",18.06.2025,9788382079869 (9788382079869),9788382079869,/img/product_images_new/146/1581146_01_samochody_specjalistyczne_zadanka_malowanki_wodne.300.jpg,"Porównuj elementy, odgaduj zależności i szukaj właściwych dróg. Koloruj sympatycznych bohaterów kilkoma kroplami wody. Rozwiąż wesołe zadania wymagające nieco chlapania! Zawarte w książeczce ćwiczenia i związane z nimi wodne malowanki pomogą maluchowi doskonalić spostrzegawczość i umiejętność kojarzenia. Pozwolą też rozwijać sprawność manualną i przygotują rękę do pisania. Zestaw z serii „Zadanka & Malowanki Wodne” zawiera zeszyt z zadankami i malowankami powleczonymi specjalną powłoką, która zmienia swoje właściwości pod wpływem wilgoci, oraz pisak ze zbiorniczkiem na wodę. Malowanki wielorazowego użytku – ponownie tracą kolor po wyschnięciu. Elementy zestawu nie podlegają sprzedaży osobno. Aby wykonać wodną malowankę: 1. Rozkręć wodny pisak i napełnij zbiorniczek wodą. Skręć przyrząd. 2. Zamaluj pisakiem te obszary wodnej malowanki, którym chcesz nadać kolor. 3. Kiedy malowanka wyschnie, barwy znikną. Możesz kolorować jeszcze raz!","Dla dzieci i młodzieży, Książki zabawki. Puzzle. Układanki. Wycinanki, Kolorowanki"
/pl/syrenki_zadanka__piaskowanki-9788382079647,książka / book,Książki i czasopisma / Books and periodicals,Wioleta Żyłowska,Zadanka i piaskowanki Syrenki,,polski,Skrzat,2025,Koperta,18.0x26.0,8,"0,115 kg",24.06.2025,9788382079647 (9788382079647),9788382079647,/img/product_images_new/665/1593665_01_syrenki_zadanka_piaskowanki.300.jpg,"Odkrywaj tajemnice, porównuj elementy i szukaj właściwych dróg. Koloruj sympatycznych bohaterów barwnym piaskiem. Rozwiąż wesołe zadania wymagające nieco piaskowania! Zawarte w książeczce ćwiczenia i związane z nimi piaskowanki pomogą dzieciom doskonalić spostrzegawczość i umiejętność kojarzenia. Pozwolą też rozwijać sprawność manualną i przygotują rękę do pisania. Zestaw z serii „Zadanka & Piaskowanki” zawiera: książeczkę z zadaniami, 3 karty do pokolorowania piaskiem, 6 woreczków z kolorowymi piaskami, rysik. Wskazówki co do użycia poszczególnych kolorów na oznaczonych polach malowanki znajdują się w zadaniach. Karty przeznaczone do kolorowania zostały powleczone klejem – do zabawy nie są niezbędne żadne przybory spoza zestawu. Wszystkie elementy spakowano w kartonową kopertę i nie podlegają osobnej sprzedaży.","Dla dzieci i młodzieży, Książki zabawki. Puzzle. Układanki. Wycinanki"
/pl/smoki_zadanka__piaskowanki-9788382079630,książka / book,Książki i czasopisma / Books and periodicals,Żyłowska Wioleta,Smoki. Zadanka & piaskowanki,,polski,Skrzat,2025,Koperta,18.0x26.0,8,"0,115 kg",24.06.2025,,9788382079630,/img/product_images_new/664/1593664_01_smoki_zadanka_piaskowanki.300.jpg,"Odkrywaj tajemnice, porównuj elementy i szukaj właściwych dróg. Koloruj sympatycznych bohaterów barwnym piaskiem. Rozwiąż wesołe zadania wymagające nieco piaskowania! Zawarte w książeczce ćwiczenia i związane z nimi piaskowanki pomogą dzieciom doskonalić spostrzegawczość i umiejętność kojarzenia. Pozwolą też rozwijać sprawność manualną i przygotują rękę do pisania. Zestaw z serii „Zadanka & Piaskowanki” zawiera: książeczkę z zadaniami, 3 karty do pokolorowania piaskiem, 6 woreczków z kolorowymi piaskami, rysik. Wskazówki co do użycia poszczególnych kolorów na oznaczonych polach malowanki znajdują się w zadaniach. Karty przeznaczone do kolorowania zostały powleczone klejem – do zabawy nie są niezbędne żadne przybory spoza zestawu. Wszystkie elementy spakowano w kartonową kopertę i nie podlegają osobnej sprzedaży.","Dla dzieci i młodzieży, Książki zabawki. Puzzle. Układanki. Wycinanki"
/pl/audiobook_podroz_tomka_sawyera-9788368395327,Compact Disc,Audiobooki / Audiobooks,Mark Twain,[Audiobook] Podróż Tomka Sawyera,Tom Sawyer Abroad,angielski,Aleksandria,2025,Digipack,14.0x12.5,,"0,05 kg",24.06.2025,9788368395327 (9788368395327),9788368395327,/img/product_images_new/846/1596846_01_podroz_tomka_sawyera.300.jpg,"Co zrobić, aby nie przegapić kolejnej WIELKIEJ PRZYGODY? Nigdy nie wiadomo, co będzie jej początkiem! Gdy Tomek Sawyer zostaje bohaterem i najsłynniejszym podróżnikiem w miasteczku, wszyscy mówią tylko o nim. Jednak jego popularność blednie. To znak, że nadszedł czas na wdrożenie jednego z genialnych planów i odzyskanie sławy! Ale niełatwo się zdecydować, gdy nastoletnia głowa jest pełna zwariowanych pomysłów. Tymczasem szalony naukowiec wybiera się balonem do Europy. Tomek i jego przyjaciele cichaczem dostają się do gondoli i nagle… miasto ucieka im spod nóg! Co czeka ich w tej niespodziewanej podróży? Wyruszcie z Tomkiem, Huckiem i Jimem na wyprawę w nieznane! ""Przygody Tomka Sawyera"" ""Przygody Hucka Finna"" ""Tomek Sawyer jako detektyw"" CYTAT: – Głupcy! Mówili, że mój balon nie będzie mógł latać. Chcieli go oglądać i szpiegować, żeby wydobyć ze mnie jego sekret. Ale nie dałem się. Nikt oprócz mnie nie zna tej tajemnicy!","Historyczna. Wojenna, Audiobooki"
/pl/seria_futrzana_-_lew_leonard-9788383452814,książka / book,Książki i czasopisma / Books and periodicals,Dorota Kozioł,Lew Leonard,,polski,Wydawnictwo Diecezjalne,2025,Twarda,9.0x12.5,18,"0,155 kg",25.06.2025,9788383452814 (9788383452814),9788383452814,/img/product_images_new/346/1522346_01_seria_futrzana_-_lew_leonard.300.jpg,"Do naszego futrzanego zwierzyńca dołączył Lew Leonard dla najmłodszych, bo z twardymi stronami i miękkim futerkiem na okładce. Poznaj jego zabawne przygody i zachwyć się barwnymi ilustracjami!","Dla dzieci i młodzieży, Dzieci do lat 6"
/pl/piesek_wegielek-9788383453781,książka / book,Książki i czasopisma / Books and periodicals,Dorota Kozioł,Piesek Węgielek,,polski,Wydawnictwo Diecezjalne,2011,Miękka,21.0x28.0,20,"0,105 kg",,9788383453781 (9788383453781),9788383453781,/img/product_images_new/993/1622993_01_piesek_wegielek.300.jpg,"Ta książeczka to bardzo pouczająca opowieść o psiaku, który choć nie był urodziwy miał piękne i dobre serce. Napisana łatwo wpadającym w ucho wierszem, prosta w formie pozwoli z łatwością odczytać sens jej przesłania nawet najmłodszym czytelnikom. Urody dodają jej piękne ilustracje.","Dla dzieci i młodzieży, Dzieci do lat 6, Przygodowa"
/pl/modlitewnik_dla_dzieci-9788366783843,książka / book,Książki i czasopisma / Books and periodicals,Karolina Dróżdż-Kołacińska,Modlitewnik dla dzieci,,polski,Paulinianum,2025,Twarda,12.5x19.5,52,"0,20 kg",24.06.2025,9788366783843 (9788366783843),9788366783843,/img/product_images_new/682/1599682_01_modlitewnik_dla_dzieci.300.jpg,"Każdy kto kocha Pana Boga wie, że im wcześniej zaczyna się uczyć dzieci modlitwy tym lepiej. Dlaczego? Bo dziecko ma naturalny instynkt religijny, a jego modlitwa ma niezwykłą moc otwierania Nieba. Książeczka, którą przygotowaliśmy zawiera modlitwy najważniejsze i najświętsze. One są fundamentem, na którym można zbudować relację dziecka wobec kochającego go Boga. W modlitwy wkomponowane są rysunki Artura Nowickiego. To prawdziwy mistrz, który swoimi pomysłami raduje i zaskakuje również rodziców. Oni z pewnością poczują się zaproszeni, do wyjaśniania swoim dzieciom modlitw przełożonych na rysunek.","Dla dzieci i młodzieży, Literatura dla dzieci polska, Religijna"
/pl/tyldzia_i_cynamonka_moja_przyjaciolka_cynamonka-9788328737617,książka / book,Książki i czasopisma / Books and periodicals,Ninka Reittu,Tyldzia i Cynamonka. Moja przyjaciółka Cynamonka,Ystäväni Pulla Vehnänen,polski,Magiczne,2025,Miękka,21.0x25.5,32,"0,13 kg",16.07.2025,9788328737617 (9788328737617),9788328737617,/img/product_images_new/923/1622923_01_tyldzia_i_cynamonka_moja_przyjaciolka_cynamonka.300.jpg,"Urzekająca, bogato ilustrowana książka o przyjaźni dziewczynki i dowcipnej klaczy. Tyldzia marzy o posiadaniu własnego kucyka. Dlatego, gdy spotyka Cynamonkę, od razu wie, że to będzie jej najlepsza przyjaciółka. Ale kucyczka ani trochę nie zachowuje się, jak przeciętny kucyk. I za nic w świecie nie chce się dać osiodłać. Czy dziewczynka dogada się z Cynamonką? I co tak naprawdę oznacza bycie czyimś przyjacielem? „Tyldzia i Cynamonka"" to dowcipna i urzekająca seria o przyjaźni, miłości i wzajemnym zrozumieniu.","Dla dzieci i młodzieży, Dzieci do lat 6, Bajka i baśń"
/pl/diabelskie_morze_wyd_2025-9788324185016,,Książki i czasopisma / Books and periodicals,"Clive Cussler , Dirk Cussler",Diabelskie Morze wyd. 2025,,,Amber,2025,Miękka,20.5x13.5,372,"0,322 kg",,9788324185016 (9788324185016),9788324185016,/img/product_images_new/388/1617388_01_diabelskie_morze_wyd_2025.300.jpg,"Światowy bestseller Wielkiego Mistrza Przygody z jego najsławniejszym bohaterem. TYM RAZEM DIRK PITT MUSI UDAREMNIĆ ZBRODNICZE PLANY CHIN. Od ośnieżonych szczytów Himalajów, przez tajwańskie i hinduskie muzea, po niebezpieczne głębiny Pacyfiku trwa szalony wyścig o odnalezienie buddyjskiego artefaktu i walka z bezwzględnymi chińskimi komandosami. Stawką jest ocalenie pewnej religii, a może nawet całego świata… Rok 1959. Grupa tybetańskich bojowników ma wraz z CIA ewakuować z Lhasy Dalajlamę, którego władze Chin chcą wtrącić do więzienia. Akcja zostaje udaremniona, a samolot rozbija się w górach. Razem z nim ginie tajemniczy przedmiot kultu. Rok 2022. Chińczycy wystrzeliwują prototypowy pocisk manewrujący, który tonie w Morzu Południowochińskim. Pekin natychmiast wysyła oddział specjalny, by go odzyskać. Dirk Pitt i jego dzieci – Dirk i Summer – prowadzą wtedy badania w pobliżu Filipin. Monstrualna fala znikąd prawie zatapia ich statek i wyrzuca na brzeg stary samolot transportowy. A w nim… starożytne tybetańskie artefakty. Dirk i Summer postanawiają zgłębić ich tajemnicę, podczas gdy Dirk Pitt musi ubiec chińskich żołnierzy, by odnaleźć fragmenty hipersonicznego pocisku. A poszukiwania prowadzą do ujawnienia istnienia broni, mogącej wywołać III wojnę światową. CLIVE CUSSLER to najpopularniejszy na świecie autor powieści przygodowo-sensacyjnych. Podróżnik, badacz historii katastrof morskich, poszukiwacz zatopionych wraków, sam był uosobieniem przygody. To jedyny pisarz, którego powieści – wydawane w 105 krajach – od ponad pół wieku nie schodzą ze szczytów list bestsellerów. Clive Cussler nazwany jest Wielkim Mistrzem Przygody i fascynuje czytelników w każdym wieku.",Kryminały
/pl/kot_w_domu_w4-9788384000335,książka / book,Książki i czasopisma / Books and periodicals,Barbara Sieradzan,Kot w domu,,polski,RM,2025,Miękka,20.1x14.3,160,"0,226 kg",09.07.2025,9788384000335 (9788384000335),9788384000335,/img/product_images_new/642/1628642_01_kot_w_domu_w4.300.jpg,"Kot w domu to nie jest zwykły poradnik. To pouczająca opowieść o życiu z kotami, którą dopełniają dowcipne i pełne kocich mądrości ilustracje Magdaleny Gałęzi znane z profilu Miłozwierz na Facebooku. Zastanawiasz się nad adopcją kota, ale nie wiesz, jak się do tego zabrać? Albo może masz już jednego, dwa… lub małe stado w domu, ale nadal nie umiesz poradzić sobie z podawaniem leków, wyjściami do weterynarza czy drapaniem mebli? A może po prostu chcesz lepiej zrozumieć swojego kota i być bardziej kompetentnym opiekunem? Barbara Sieradzan, dziennikarka i autorka związana z miesięcznikiem „Kocie Sprawy”, dzieliła życie z niejednym kotem. W swojej książce – niezwykle ciepłej i osobistej – przekazuje wiedzę i doświadczenie na temat kocich charakterów i spraw. Zdradza ciemne i jasne strony kociej osobowości. Podsuwa propozycje rozwiązań problemów, z którymi spotyka się większość kocich opiekunów.","Społeczno-obyczajowa, Opowiadanie polskie"
/pl/czytamy_i_sluchamy_na_morzu-9788382078916,książka / book,Książki i czasopisma / Books and periodicals,Aneta Grabowska,Czytamy i słuchamy Na morzu,,polski,Skrzat,2025,Kartonowa,24.0x19.0,10,"0,25 kg",14.07.2025,9788382078916 (9788382078916),9788382078916,/img/product_images_new/624/1628624_01_czytamy_i_sluchamy_na_morzu.300.jpg,Delfin zmierza na spotkanie ze swoją przyjaciółką foką. Podekscytowani mieszkańcy morza chcą odkryć tajemnicę wraku statku leżącego w głębinach… Czy im się uda? Na pewno nie obejdzie się bez perypetii! Seria „Czytamy i Słuchamy” to ilustrowane opowiadania dla najmłodszych wzbogacone o panel dźwiękowy. Naciskanie guziczków z obrazkami pozwala poznać dźwięki wydawane przez postaci lub przedmioty. Przyciski z numerami stron uruchomią nagranie z opowieścią czytaną przez lektora.,"Dla dzieci i młodzieży, Dzieci do lat 6, Bajka i baśń"
/pl/czytamy_i_sluchamy_w_domu-9788382078947,książka / book,Książki i czasopisma / Books and periodicals,Aneta Grabowska,Czytamy i słuchamy W domu,,polski,Skrzat,2025,Kartonowa,24.0x19.0,10,"0,25 kg",14.07.2025,9788382078947 (9788382078947),9788382078947,/img/product_images_new/626/1628626_01_czytamy_i_sluchamy_w_domu.300.jpg,"Kot, pies, papuga i kanarek to weseli mieszkańcy pewnego domu. Zwierzaki żyją w harmonii, dopóki nie pojawiają się nieproszeni goście… Kot próbuje uchronić obiad przed natrętną muchą. Czy mu się uda? Na pewno nie obejdzie się bez perypetii! Seria „Czytamy i Słuchamy” to ilustrowane opowiadania dla najmłodszych wzbogacone o panel dźwiękowy. Naciskanie guziczków z obrazkami pozwala poznać dźwięki wydawane przez postaci lub przedmioty. Przyciski z numerami stron uruchomią nagranie z opowieścią czytaną przez lektora.","Dla dzieci i młodzieży, Dzieci do lat 6, Bajka i baśń"
/pl/w_miescie_poznaj_swiat_zabawa_z_naklejkami-9788382743128,książka / book,Książki i czasopisma / Books and periodicals,Opracowanie Zbiorowe,Poznaj świat Zabawa z naklejkami W mieście Poznaj świat. Zabawa z naklejkami. W mieście,,polski,Dragon,2023,Miękka,20.3x26.8,16,"0,09 kg",,9788382743128 (9788382743128),9788382743128,/img/product_images_new/460/796460_01_w_miescie_poznaj_swiat_zabawa_z_naklejkami.300.jpg,Poznaj świat. Zabawa z naklejkami to seria zeszytów edukacyjnych wzbogacających słownictwo dziecka za pomocą zabawy z naklejkami.  Poznaj świat. Zabawa z naklejkami to seria zeszytów edukacyjnych wzbogacających słownictwo dziecka za pomocą zabawy z naklejkami.,"Dla dzieci i młodzieży, Książki zabawki. Puzzle. Układanki. Wycinanki"
/pl/dzieci_media_okultyzm-9788366783898,książka / book,Książki i czasopisma / Books and periodicals,Małgorzata Więczkowska,Dzieci Media Okultyzm,,polski,Paulinianum,2025,Miękka,17.0x24.0,640,"1,075 kg",11.07.2025,9788366783898 (9788366783898),9788366783898,/img/product_images_new/592/1641592_01_dzieci_media_okultyzm.300.jpg,"Z recenzji – Ks. dr hab. Józef M. Młyński, prof. UKEN Doktorantka podjęła się tematu rzadko wybieranego w badaniach analitycznych, szczególnie w analizach socjologicznych i pedagogicznych. […] Porusza istotny temat, incydentalnie podejmowany w socjologii i naukach społecznych. Praca jest dobrze osadzona teoretycznie, poprawna metodologicznie. Autorka prowadzi intrygującą narrację, angażując czytelnika do dyskusji w badanym obszarze. […] projekt stanowi cenne źródło wiedzy z mało przebadanych obszarów, zwłaszcza w perspektywie dzieci. […] Z tego względu praca uzyskuje status innowacyjności i kompleksowości – można ją uznać za pionierską. Z recenzji – dr hab. Mirosław Z. Babiarz, prof. UJK Autorka w swoich poszukiwaniach badawczych podjęła problematykę o ile ciekawą, to i bardzo trudną, a zarazem potrzebną. Świat okultyzmu, propozycje działań okultystycznych, doświadczania czegoś „innego i magicznego” stały się niemal codziennością. Niestety, przenikają one do świata realnego i medialnego młodych ludzi. Biorąc pod uwagę potrzebę lepszego poznania „groźnego przeciwnika”, temat podjęty przez Doktorantkę należy uznać za bardzo ważny. Oryginalność badań mgr Małgorzaty Więczkowskiej polega na wielostronnej eksploracji zagadnienia z uwzględnieniem rodziny, szkoły, Kościoła i ludzi nauki. […] Autorce udało się w znacznym stopniu przedstawić złożoność problematyki okultystycznych propozycji mediów dla dzieci. Analiza jakościowego materiału badawczego ukazuje złożoność problemu w sensie pedagogicznym, socjologicznym i teologicznym.","Naukowe i popularno-naukowe, Popularno-naukowe, Socjologia. Społeczeństwo"
/pl/na_koncu_swiata-9788368018394,książka / book,Książki i czasopisma / Books and periodicals,James Oliver Curwood,Na końcu świata (The Alaskan),,polski,CM,2024,Miękka,19.5x13.0,256,"0,25 kg",,9788368018394 (9788368018394),9788368018394,/img/product_images_new/964/919964_01_na_koncu_swiata.300.jpg,"Na statku płynącym z Seattle do Alaski płynie Alan Holt, farmer zatrudniający Eskimosów do wypasu bydła, wielki pasjonat tego regionu, wiążący z nim ogromne nadzieje. Niespodziewanie na statek przybywa tajemnicza młoda kobieta, która każe siebie nazywać Mary Standish. Jej zachowanie jest bardzo nietypowe i zwraca uwagę Alana Holta. Już niebawem Mary Standish zwraca się z prośbą do Alana Holta o pomoc w zaimprowizowaniu jej śmierci na statku. Co się za tym kryje i czy ta sprawa ma związek z odwiecznym wrogiem Holta, milionerem Johnem Grahamem? Na końcu świata to powieść przygodowo-kryminalna dziejąca się na Alasce.","Powieść zagraniczna, Przygodowa"
/pl/nieznane_opowiesci-9788368508031,książka / book,Książki i czasopisma / Books and periodicals,Edgar Allan Poe,Nieznane opowieści,,polski,CM,2025,Miękka,13.0x19.5,92,"0,105 kg",,9788368508031 (9788368508031),9788368508031,/img/product_images_new/675/1423675_01_nieznane_opowiesci.300.jpg,"Zbiór 7 nieznanych polskim czytelnikom opowieści Edgara Allana Poego, niewydanych po polsku w dotychczasowych antologiach. Znaleźć można tutaj pojedynek księcia de L’Omelette z samym diabłem, opowiadanie o człowieku, który dosłownie stracił oddech (i nie przestał przez to istnieć), czy futurystyczną wizję świata roku 2848 w Mellonta Tauta. Perełką jest opowiadanie pod tytułem Cwaniakowanie, wnikliwe studium tego, co odróżnia ludzi od zwierząt. Wspólnym mianownikiem utworów są gry językowe (objaśnione w przypisach), które prawdopodobnie sprawiły, że wcześniejsi tłumacze Poego pomijali te teksty w swoich zbiorach.","Opowiadanie zagraniczne, Fantastyka"
/pl/chrobry-9788383306643,książka / book,Książki i czasopisma / Books and periodicals,Grzegorz Gajek,Chrobry,,polski,SQN,2025,Twarda,14.0x20.5,544,"0,53 kg",09.07.2025,9788383306643 (9788383306643),9788383306643,/img/product_images_new/716/1641716_01_Chrobry.300.jpg,"Ojciec. Król. Cień. Zbliża się rok tysięczny. Świat się chwieje, zmienia, a Bolesław Mieszkowic – zwany Chrobrym – jest coraz bliżej spełnienia marzenia o królewskiej koronie. Ale władza ma swoją cenę. Coś trzeba zawsze poświęcić, kogoś się wyrzec. Opowieść o pierwszym królu Polski snują jego dzieci – Regelinda Miśnieńska i Mieszko II Lambert. Ona, przebywając na obcej ziemi, usiłuje zrozumieć, jakie demony prześladują ojca i wyciągają szpony po brata. On dorasta w cieniu potęgi, rozdarty między miłością do ojca a lękiem przed jego pierworodnym synem, Bezprymem. Oto kronika narodzin królestwa, pamiętnik ukazujący ludzi schwytanych przez burzę dziejów, spowiedź z miłości i okrucieństwa. BIOGRAM Grzegorz Gajek  Życie według Grega Gajka zaczyna się latem 1987 roku. I jest proste. Co warto? Warto czasem wypalić fajkę na balkonie, warto napić się wina z przyjaciółmi wieczorem, warto poopowiadać głupoty przy ognisku, warto wleźć na jakąś górę i zgubić się w lesie, i pętać się po uliczkach w obcym mieście. Warto też mieć książki. Czytać je, pisać, tłumaczyć. Tym właśnie Greg zajmuje się od piętnastu lat. Czyta wszystko, co mu wpadnie w ręce. Tłumaczy beletrystykę, reportaże i opowiadania. Pisze powieści historyczne, słowiańskie, z rzadka zaprawiane fantastyką i grozą. W 2021 roku nakładem Wydawnictwa SQN ukazał się Piast, rok później Bolko, a w 2023 Tofa. Księżniczka Słowian, która wraz z kontynuacją Tove. Królowa Duńczyków skradła serca tysięcy czytelników. Wreszcie, w 2024 roku, przyszedł czas na zbierający znakomite recenzje Kraj kobiet.","Powieść polska, Historyczna. Wojenna"
/pl/pojazdy-9788381726542,książka / book,Książki i czasopisma / Books and periodicals,Opracowanie Zbiorowe,Pojazdy,,polski,Dragon,2020,Miękka,20.0x26.0,16,"0,08 kg",,9788381726542 (9788381726542),9788381726542,/img/product_images_new/543/551543_01_Pojazdy.300.jpg,Duże kolorowe grafiki z zaznaczonymi polami na naklejki. Z ponad 100 naklejek trzeba znaleźć właściwe i przykleić w odpowiednie miejsca. Trening na spostrzegawczość prawie jak przy puzzlach!,"Dla dzieci i młodzieży, Książki zabawki. Puzzle. Układanki. Wycinanki"
/pl/mega_koty_zeszyt_bystrzaka-9788367861304,książka / book,Książki i czasopisma / Books and periodicals,Opracowanie Zbiorowe,Zeszyt bystrzaka. Mega koty,,polski,IBIS,2023,Miękka,20.6x27.0,32,"0,11 kg",15.09.2023,9788367861304 (9788367861304),9788367861304,/img/product_images_new/862/814862_01_mega_koty_zeszyt_bystrzaka.300.jpg,"Zeszyt bystrzaka to seria książek edukacyjnych dla dzieci, w których nauka łączy się z dobrą zabawą. Każda strona to inne zadanie do wykonania! Rozwiązując je, dzieci poznają m.in. sposoby na właściwą pielęgnację i opiekę nad kotami, ich potrzeby i cechy charakterystyczne, takie jak: budowa ciała, zwyczaje i zmysły, kocie tajemnice, różnice pomiędzy opieką nad małym kociakiem i dorosłym kotem, najpopularniejsze rasy kotów.","Naukowe i popularno-naukowe, Popularno-naukowe, Wydawnictwa popularno-naukowe dla dzieci i młodzieży, Dom. Gospodarstwo domowe, Zwierzęta i rośliny w domu, Zwierzęta w domu, Koty"
/pl/inteligencja_emocjonalna-9788382652857,książka / book,Książki i czasopisma / Books and periodicals,Daniel Goleman,Inteligencja emocjonalna,Emotional Intelligence,angielski,Media Rodzina,2023,Miękka,14.5x20.5,534,"0,575 kg",,9788382652857 (9788382652857),9788382652857,/img/product_images_new/722/744722_01_inteligencja_emocjonalna.300.jpg,"Inteligencja emocjonalna to jedna ze sztandarowych publikacji naukowych. Żywo dyskutowana na całym świecie, przynosi odpowiedź na nurtujące pytania. Jak to się dzieje, że zdolni uczniowie stają się zaledwie przeciętnymi pracownikami, albo że osoby o wysokim ilorazie inteligencji nierzadko z trudem radzą sobie w życiu? Jeśli nawet pytanie to wydaje się banalne, to odpowiedź, którą dokumentują najnowsze badania naukowe, obala dotychczasowe poglądy na rolę intelektu w odnoszeniu życiowego sukcesu życiowego. Zależy on bowiem w głównym stopniu od samoświadomości, czyli od kontrolowania własnych emocji, zapału i wytrwałości w dążeniu do celu, a także od zdolności do empatii i umiejętności zachowań społecznych. Czyli – jak to określa autor – współczynnika inteligencji emocjonalnej. Inteligencja emocjonalna nie jest cechą wrodzoną. Książka wskazuje, kiedy i jakimi metodami można ją kształtować w dzieciach, aby zapewnić im jak najwłaściwsze wykorzystanie wrodzonych zdolności w uzyskaniu sukcesu w życiu. Mimo że nie jest poradnikiem, najprawdopodobniej zetknął się z nią każdy zainteresowany rozwojem osobistym.",Psychologiczna
/pl/ziola_zycia_przez_nature_do_szczescia-9788383435770,książka / book,Książki i czasopisma / Books and periodicals,Anna Kosmala,Zioła życia Przez naturę do szczęścia,,polski,HARDE,2025,Miękka ze skrzydełkami,16.3x20.5,224,"0,36 kg",18.06.2025,9788383435770 (9788383435770),9788383435770,/img/product_images_new/090/1541090_01_ziola_zycia_przez_nature_do_szczescia.300.jpg,"@ziolazycia to popularny profil na Instagramie, na którym Anna Kosmala każdego dnia pokazuje kobietom (i nie tylko!), jak naturalnymi sposobami zadbać o kondycję i dobre samopoczucie. Teraz wszystkie swoje najlepsze rady zebrała w tej książce. Czy Twoje ciało wysyła Ci sygnały, które ignorujesz, aż w końcu odzywa się bólem, zmęczeniem lub spadkiem energii? Poznaj potrzeby swojego organizmu i zacznij żyć w zgodzie z jego naturalnym rytmem. Znajdziesz tu porady dotyczące: ·odżywiania, ·równowagi hormonalnej i menopauzy, ·ajurwedyjskich metod zdrowego życia, ·technik oddechowych, ·jogi, ·ziołowych rytuałów, ·świadomego ruchu, a także przepisy na mieszanki ziołowe, sposoby na radzenie sobie ze stresem i budowanie harmonii między ciałem a duchem.  Ciesz się zdrowiem każdego dnia! To nie kolejna książka o dietach cud, ale inspirujący przewodnik, który uczy, jak na co dzień dbać o siebie w sposób holistyczny i naturalny. Praktyczne wskazówki i zachęta do zdrowego życia, bez konieczności sięgania po leki i odwiedzania lekarzy. Jeśli szukasz prostych, ale skutecznych metod na lepsze samopoczucie i zdrowie, ta książka jest dla Ciebie. Małe kroki, proste nawyki i nagle okazuje się, że nasz organizm zaczyna się „naprawiać”. Bo Twoje ciało wie najlepiej – wystarczy go posłuchać.    Anna Kosmala Chemiczka, zielarka, psycholożka, naturoterapeutka, instruktorka ajurwedy, dietetyczka. Od 25 lat prowadzi w Łodzi zielarnię i pomaga ludziom holistycznie odnaleźć drogę do dobrostanu i szczęścia. Korzystając z naturalnych metod, pomaga kobietom m.in. z insulinoopornością, otyłością, uzależnieniami, Hashimoto czy menopauzą. Kocha podróże i sporty. Po 40-tce nauczyła się jeździć na nartach, pływać na windsurfingu i nurkować z butlą. Na Instagramie prowadzi profil @ziolazycia, na którym na własnym przykładzie pokazuje, jak w każdym wieku żyć zdrowo, energicznie i pełną piersią.","Zdrowie i uroda, Medycyna, Choroby. Terapia. Leki, Farmacja. Leki. Toksykologia, Ziołolecznictwo, Poradniki"
/pl/nasza_wielka_letnia_ucieczka-9788384040324,książka / book,Książki i czasopisma / Books and periodicals,Małgorzata Lis,Nasza wielka letnia ucieczka,,polski,Emocje,2025,Miękka ze skrzydełkami,14.0x20.5,328,"0,365 kg",02.07.2025,9788384040324 (9788384040324),9788384040324,/img/product_images_new/177/1525177_01_nasza_wielka_letnia_ucieczka.300.jpg,"Gdy marzenia się nie spełniają, zmień marzenia!  Pięć koleżanek wpadło na niesamowity pomysł. Zorganizowały upragniony urlop w Portugalii – bez mężów, dzieci i domowych obowiązków. Niestety awaryjne lądowanie w Monachium pokrzyżowało ich wielkie plany ucieczki. Choć nie do końca… Kto powiedział, że w Bawarii nad urokliwym jeziorem Chiemsee i wśród przepięknych alpejskich widoków nie można uciec od rzeczywistości?  To nietuzinkowo zabawna, lekka i zaskakująca opowieść o dojrzałych kobietach, które zmuszone przez niespodziewane okoliczności odważają się na odrobinę szaleństwa. A nawet więcej niż odrobinę, bo wymuszona zmiana wakacyjnych planów to jeszcze nie koniec ich przygód.  Do Niemiec bowiem niespodziewanie przybywają także ich mężowie, którzy korzystając z nieobecności swoich drugich połówek, postanowili wybrać się na wielki mecz Bayernu…  Czy w tej całej opowieści brakuje wam już tylko zbuntowanego i zakochanego nastolatka, który w obronie planety postanowił przykleić się do asfaltu? Będzie i o nim. Przecież jak się choć na chwilę spuszcza rodzinę z oka, wszystko jest możliwe!  Małgorzata Lis - z wykształcenia nauczycielka historii i historyk sztuki, ale od kilku lat nie pracuje zawodowo, lecz prowadzi edukację domową. W wolnym czasie czyta i pisze książki. Jest autorką podręczników do nauki historii oraz kilkunastu powieści. Mieszka pod Warszawą z mężem i siedmiorgiem dzieci","Powieść polska, Społeczno-obyczajowa, Literatura kobieca"
/pl/kredki_bambino_swiecowe_24_kolory-5903235000218,Inny / Other,Inne / Other,,Kredki Bambino świecowe 24 kolory,,polski,St. Majewski,2013,Kartonowa,18.0x11.0,,"0,15 kg",,,5903235000218,/img/product_images_new/337/131337_01_kredki_bambino_swiecowe_24_kolory.300.jpg,Kredki Bambino  24 kolory,Artykuly papiernicze
/pl/co_wie_rzeka_sekrety_nilu_tom_1-9788328730496,książka / book,Książki i czasopisma / Books and periodicals,Isabel Ibanez,Co wie rzeka,What the River Knows,angielski,You&Ya,2024,Miękka ze skrzydełkami,14.5x20.5,416,"0,35 kg",17.07.2024,9788328730496 (9788328730496),9788328730496,/img/product_images_new/070/890070_01_co_wie_rzeka_sekrety_nilu_tom_1.300.jpg,"Romantyczna, zniewalająca przygoda. Rebecca Ross, autorka bestsellerów Divine Rivals, Ruthless Vows i serii Żywioły Cadence W pełnej przepychu społeczności dziewiętnastowiecznego Buenos Aires Inez Olivera ma wszystko oprócz jednej rzeczy, której naprawdę pragnie: obecności rodziców. Mama i tata od lat zostawiają ją pod opieką krewnych i wyruszają do Egiptu na wiele miesięcy w roku. Pewnego dnia dziewczyna otrzymuje list o strasznej treści: jej rodzice zaginęli w tajemniczych okolicznościach na pustyni i zostali uznani za zmarłych. Inez zdeterminowana, by odkryć prawdę, decyduje się wyruszyć do Kairu, zabierając ze sobą szkicownik i starożytny pierścień, który przysłał jej niedawno w paczce ojciec. Jednak po przybyciu do Egiptu pełen magii pierścień zostaje skradziony, a Inez daje się wciągnąć w zdradziecką grę, która może zagrozić jej życiu. Dziewczyna nie może zaufać nikomu, a szczególnie bezczelnemu i irytująco przystojnemu asystentowi jej wuja, Whitowi, który zrobi wszystko, by pokrzyżować jej plany...","Dla dzieci i młodzieży, Literatura dla młodzieży, Literatura dla młodzieży zagraniczna, Przygodowa"
/pl/zojka_i_zu_samodzielnosc-9788379127962,książka / book,Książki i czasopisma / Books and periodicals,Asia Olejarczyk,Zojka i Zu Samodzielność,,polski,DEMART,2025,Miękka,22.0x22.0,32,"0,145 kg",28.07.2025,9788379127962 (9788379127962),9788379127962,/img/product_images_new/566/1459566_01_zojka_i_zu_samodzielnosc.300.jpg,"Poznajcie Zojkę i jej puchatego przyjaciela Zu! Przedstawiamy serię książek stworzoną z myślą o dzieciach w wieku 3–5 lat. To ciepłe opowieści, które pomagają przedszkolakom oswoić się z ich emocjami i codziennymi wyzwaniami. Zojka i jej brat Niko spędzają przedpołudnie ze swoim dziadkiem. Staje się to pretekstem do włączenia dzieci w różnego rodzaju obowiązki domowe i codzienne, rytunowe czynności. W książce znajdziecie wiele prostych wskazówek, jak rozwijać u swoich pociech autonomię i sprawczość oraz wspierać samodzielność i umiejętność decydowania o sobie.","Dla dzieci i młodzieży, Dzieci do lat 6, Bajka i baśń"
/pl/zojka_i_zu_zolwik_na_zgode-9788379127979,książka / book,Książki i czasopisma / Books and periodicals,Asia Olejarczyk,Zojka i Zu Żółwik na zgodę,,polski,DEMART,2025,Miękka,22.0x22.0,32,"0,145 kg",28.07.2025,9788379127979 (9788379127979),9788379127979,/img/product_images_new/563/1459563_01_zojka_i_zu_zolwik_na_zgode.300.jpg,"Poznajcie Zojkę i jej puchatego przyjaciela Zu! Przedstawiamy serię książek stworzoną z myślą o dzieciach w wieku 3–5 lat. To ciepłe opowieści, które pomagają przedszkolakom oswoić się z ich emocjami i codziennymi wyzwaniami. Zojka uczestniczy w trudnych sytuacjach na placu zabaw i w domu w trakcie gry i zabawy z bratem Nikiem. Jak wspierać dziecko w przeżywaniu silnych emocji? Jak nauczyć je rozwiązywania konfliktów tak, żeby żadna ze stron nie czuła się przegrana?","Dla dzieci i młodzieży, Dzieci do lat 6, Bajka i baśń"
/pl/wanda_panda_pomaga-9788328735958,książka / book,Książki i czasopisma / Books and periodicals,Sylwia Winnik,Wanda Panda pomaga,,polski,Magiczne,2025,Miękka,20.0x20.0,24,"0,08 kg",09.07.2025,9788328735958 (9788328735958),9788328735958,/img/product_images_new/265/1567265_01_wanda_panda_pomaga.300.jpg,"Każdy może być bohaterem – nawet Ty! Wanda dowiaduje się, że pomaganie to coś więcej niż tylko praca strażaka czy lekarza. To także drobne gesty, ciepłe słowa i uważność na innych. W codziennym życiu każdy z nas może zrobić coś dobrego – wystarczy tylko chcieć! „Wanda Panda” to seria książeczek dla najmłodszych do rodzinnego czytania i wspólnego odkrywania świata. Autorka skupia się na codzienności małych dzieci, które każdego dnia napotykają różnego rodzaju wyzwania i poznają zaskakujące fakty o sobie samych i o tym, co nas otacza. Książka jest tworzona we współpracy z psychologiem dziecięcym, dzięki czemu może z powodzeniem wspierać dorosłych w wychowaniu najmłodszych.","Dla dzieci i młodzieży, Dzieci do lat 6, Bajka i baśń"
/pl/instytut_absurdu-9788383302362,książka / book,Książki i czasopisma / Books and periodicals,Justyna Sosnowska,Instytut Absurdu,,polski,SQN,2024,Miękka ze skrzydełkami,14.0x20.5,400,"0,335 kg",28.02.2024,9788383302362 (9788383302362),9788383302362,/img/product_images_new/308/852308_01_instytut_absurdu.300.jpg,"Ciekawość to pierwszy stopień do... Instytutu Absurdu?  Eliza Żaczek, niedoszła studentka dziennikarstwa, podczas poszukiwania swojego pierwszego wielkiego tematu wplątuje się w niedorzeczną historię. Podążając tropem tajemniczego mężczyzny, trafia do biblioteki uniwersyteckiej, gdzie przeżywa atak krwiożerczych moli książkowych. Nie poddaje się jednak – chęć napisania wspaniałego artykułu sprawia, że ciekawość staje się silniejsza niż instynkt samozachowawczy. Śledztwo doprowadza ją do magicznego Instytutu Absurdu, gdzie nic nie jest normalne: na widok wilkołaków to kobiety wyją do księżyca, wampiry są weganami, a gargulce – niszczarkami do papieru. Absurd goni absurd, a Eliza staje w samym jego centrum i może wybrać – albo przyjmie posadę stażystki w tym pokręconym miejscu, albo pożegna się z marzeniem o samodzielnym życiu w dużym mieście. Wybór może być tylko jeden. Instytucie, poznaj swoją nową stażystkę!  *** Nie do wiary! Spojrzała na niego i zamrugała kilkukrotnie. Założyli się o to, czy odważy się przyjść ponownie do tego wariatkowa?! O, nie! Udowodni sobie i im, że nie znalazła się tu przypadkiem. Instytut Absurdu nie wpuścił jej tu bez przyczyny, prawda? Prawda! No chyba prawda… (fragment książki)  BIOGRAM Justyna Sosnowska Architektka krajobrazu z Wrocławia, rocznik 1991, w wolnym czasie pisze humorystyczne historie fantasy o tematyce słowiańskiej. Na Wattpadzie debiutowała Instytutem Absurdu, który zdobył tam ogromną popularność. Jej opowiadania zostały opublikowane w kilku antologiach, w tym w charytatywnym e-booku Wszyscy razem, z którego zysk przeznaczany jest na Wielką Orkiestrę Świątecznej Pomocy. Obecnie pracuje nad kontynuacją Instytutu Absurdu.","Powieść polska, Fantastyka, Fantasy"
/pl/instytut_absurdu_poszukiwanie_pana_p-9788383307633,książka / book,Książki i czasopisma / Books and periodicals,Justyna Sosnowska,Instytut Absurdu Poszukiwanie Pana P.,,polski,SQN,2025,Miękka ze skrzydełkami,14.0x20.5,400,"0,326 kg",09.07.2025,9788383307633 (9788383307633),9788383307633,/img/product_images_new/718/1641718_01_instytut_absurdu_poszukiwanie_pana_p.300.jpg,"Podejrzane perfumy, podziemne potyczki, piana party pod pałacem, porozumienie ponad podziałami – to i wiele więcej czeka Elizkę Żaczek w drugim tomie Instytutu Absurdu!  Eliza pogodziła się już z tym, że są na świecie rzeczy, które nie śniły się zwykłym studentkom i polubiła pracę w Instytucie Absurdu – magicznym urzędzie, który odpowiada za utrzymanie w ryzach magii i nonsensu. Praca za biurkiem i skrupulatne sporządzanie raportów zalatują jednak nudą, więc stażystka gorliwie towarzyszy inspektorom w ich kolejnych misjach.  Razem z Jagą wyjaśnia sprawę podejrzanych perfum, z Marcelem prowadzi sprawę kryształowej kuli z przemytu, pomaga też ustalić, kto u licha zanieczyścił studnię wodnika Miecia i urządził mu niechciane piana party. W wirze absurdalnych wydarzeń nie zapomina jednak o najważniejszym zadaniu: musi ustalić tożsamość Pana P., który coraz odważniej pogrywa sobie z pracownikami Instytutu i wydaje się wyprzedzać ich zawsze o krok… lub sto lat!  Rozwiązanie zagadki może kryć się w archiwum, no ale jak tu ślęczeć nad tonami dokumentów, gdy za drzwiami Instytutu czeka świat pełen przygód i absurdów? *** W Instytucie Absurdu pewne są dwie rzeczy. Po pierwsze: odwiedzisz najbardziej magiczne miejsca w Polsce. Po drugie: musisz spodziewać się niespodziewanego, bo każdy ma swoje sekrety. Czy jesteście gotowi na absurdalnie niezwykłą i wciągającą przygodę? @ohh_books z działu Kłopotliwe Kreatury  Czytając, parskałam ze śmiechu, a potem zastanawiałam się, jak aplikować do Instytutu Absurdu. Ten tom to czysta frajda dla wszystkich, którzy tęsknią za książkami pełnymi szalonych przygód, cudacznych zagadek i dialogów, które chce się cytować. Psikusy Weasleyów to przy tym niewinne igraszki — w Instytucie absurd goni absurd, a Elizka z wdziękiem pakuje się w każdą magiczną kabałę. I właśnie za to ją uwielbiam! @sliwkowy.kompocik z działu Frapująca Flora BIOGRAM Justyna Sosnowska  Architektka krajobrazu z Wrocławia, rocznik 1991, w wolnym czasie pisze humorystyczne historie fantasy o tematyce słowiańskiej. Na Wattpadzie debiutowała Instytutem Absurdu, który zdobył tam ogromną popularność.","Powieść polska, Fantastyka, Fantasy"
/pl/borderline-_czyli_jedna_noga_nad_przepascia-9788328929135,książka / book,Książki i czasopisma / Books and periodicals,Monika Kotlarek,"Borderline, czyli jedną nogą nad przepaścią",,polski,Sensus,2025,Miękka,14.0x20.8,304,"0,53 kg",,9788328929135 (9788328929135),9788328929135,/img/product_images_new/982/1474982_01_borderline-_czyli_jedna_noga_nad_przepascia.300.jpg,"Poradnik i ćwiczenia dla osób z osobowością borderline oraz ich bliskich i opiekunów Przewodnik po życiu na krawędzi Borderline, czyli w pełnym brzmieniu borderline personality disorder. Po polsku: osobowość chwiejna emocjonalnie podtypu granicznego. Brzmi poważnie? Słusznie, bo sprawa jest poważna. Życie z borderline można porównać do wiecznego balansowania nad przepaścią, w ciągłym lęku, że kolejny krok może oznaczać upadek. Góra – dół. Góra – dół. Radość – smutek – wściekłość – depresja – obojętność. Tak opisuje to autorka. Przez cały czas, w każdej sekundzie - bo o ile chorzy zmagający się z chorobą dwubiegunową doświadczają przynoszących krótkotrwałą ulgę stanów pomiędzy skrajnymi wahaniami nastroju, o tyle osoby z borderline są pozbawione nawet tej odrobiny komfortu. Borderline nie jest chorobą, a typem osobowości. Co oznacza, że - inaczej niż w przypadku depresji czy zaburzeń lękowych - nie da się go wyleczyć w tradycyjnym rozumieniu tego słowa. Z borderline trzeba nauczyć się żyć, a pomóc w tym może odpowiednia terapia. Monika Kotlarek, oprócz podpartych rzetelną wiedzą naukową obserwacji na temat borderline, zawarła w książce także historie osób, u których zdiagnozowano ten podtyp osobowości. Stworzyła w ten sposób swoisty przewodnik po życiu z borderline, przydatny dla samych chorych, ale także dla ich bliskich czy terapeutów. Przewodnik, który pomoże zrozumieć i wesprzeć - bez szufladkowania ani stygmatyzowania.","Poradniki, Psychologia. Psychoterapia"
/pl/mitologia_slowianska-9788375766721,książka / book,Książki i czasopisma / Books and periodicals,"Jakub Bobrowski , Mateusz Wrona",Mitologia słowiańska,,polski,Bosz,2023,Twarda,16.5x24.0,160,"0,492 kg",,9788375766721 (9788375766721),9788375766721,/img/product_images_new/687/734687_01_mitologia_slowianska.300.jpg,"Mitologia słowiańska Jakuba Bobrowskiego i Mateusza Wrony zabiera czytelników w fascynujący świat pradawnych Słowian oraz ich wierzeń. Autorzy, w oparciu o aktualne opracowania naukowe z dziedziny historii, religioznawstwa i językoznawstwa, w sposób barwny i pobudzający wyobraźnię prezentują sylwetki pradawnych bogów i herosów, jak również postaci słowiańskiej demonologii. Tym, co wyróżnia 'Mitologię słowiańską' spośród innych dostępnych tego typu książek, jest przyjazny każdemu czytelnikowi język przedstawionych historii, pozbawiony naukowych, często trudno rozumianych terminów. Publikacja ta jest zbiorem fabularnych opowiadań ilustrujących treść słowiańskich mitów, jednak wszystkie kulturowo-historyczne składniki zawartych w niej tekstów - imiona bóstw i demonów, ich atrybuty i zachowania - zgodne są z wiedzą naukową. W połączeniu z atrakcyjną i przejrzystą formą narracji czyni to niniejszą książkę atrakcyjną nie tylko dla badaczy historii Słowian, ale także miłośników literatury fantasy, gier komputerowych i wszelkich działań mających charakter rekonstrukcji przeszłości.","Legendy, podania, mity, Naukowe i popularno-naukowe, Popularno-naukowe"
/pl/substytucja_seria_z_joanna_chylka_tom_19-9788368370973,,Książki i czasopisma / Books and periodicals,Remigiusz Mróz,Substytucja. Seria z Joanną Chyłką. Tom 19,,,CZWARTA STRONA /WYD. POZNAŃSKIE/,2025,Miękka,20.5x13.5,456,"0,402 kg",02.07.2025,9788368370973 (9788368370973),9788368370973,/img/product_images_new/693/1599693_01_substytucja_seria_z_joanna_chylka_tom_19.300.jpg,"""Kiedy wieść o szokujących zdarzeniach w podwarszawskim miasteczku obiega świat palestry, żaden adwokat nie pali się do podjęcia obrony nastolatki, która razem z kolegą zamordowała swoich rodziców. Horror, który przed śmiercią przeszło małżeństwo, podaje w wątpliwość człowieczeństwo podsądnych. W sytuacji braku adekwatnej reprezentacji oboje składają do sądu wniosek o ustanowienie obrońcy z urzędu. Adwokatem, który zostaje im przydzielony, jest świeżo upieczony ojciec dwójki dzieci, Kordian Oryński. Nie jest gotów zrezygnować, wierzy bowiem, że nikomu nie można odmówić obrony. Przebywająca na urlopie macierzyńskim Joanna Chyłka nie jest co do tego przekonana. Czy bowiem istotnie każdy na nią zasługuje?""","Kryminały, Powieść polska"
/pl/dexter_demony_dextera_wyd_2025-9788324185009,książka / book,Książki i czasopisma / Books and periodicals,Jeff Lindsay,Dexter Demony Dextera,,polski,Amber,2025,Miękka,20.5x13.5,306,"0,95 kg",16.07.2025,9788324185009 (9788324185009),9788324185009,/img/product_images_new/387/1617387_01_dexter_demony_dextera_wyd_2025.300.jpg,"POZNAJCIE DEXTERA. JEST CZARUJĄCY. JEST BŁYSKOTLIWY. JEST GENIALNY. JEST ULUBIONYM KSIĄŻKOWYM I FILMOWYM SERYJNYM ZABÓJCĄ. Dexter Morgan to za dnia sumienny analityk śladów krwi w policyjnym laboratorium kryminalistycznym w Miami, a w nocy – seryjny morderca, który wymierza własną Sprawiedliwość... innym seryjnym mordercom. W ten sposób zaspokaja dręczącą go żądzę. Zabija. Skrupulatnie. Z rozwagą. Analitycznie. Według planu. I zawsze zgodnie z pedantycznie wypracowanymi zasadami. I dlatego zabija tylko tych „złych”, którzy wymknęli się wymiarowi sprawiedliwości. Nagle uporządkowany świat Dextera się chwieje: pojawia się naśladowca. Zabija dokładnie w stylu Dextera – z tą samą maestrią, z tą samą finezją. Dexter jest najpierw dumny, że ktoś czerpie inspirację z jego niepowtarzalnych pomysłów. Potem pełen podziwu dla artyzmu tego drugiego. A w końcu zaczyna wątpić, czy w ogóle jest jakiś drugi... Makabryczne, szokujące, a jednocześnie pełne ironii i humoru inteligentne powieści Lindsaya odniosły międzynarodowy sukces. Są wydawane w 30 krajach. Na kanwie tych przewrotnych thrillerów powstał nagradzany serial telewizyjny. Jego popularność rośnie od 20 lat, a po 8 sezonach powstają nowe seriale. Najnowszy „Dexter: Zmartwychwstanie” ma światową premierę w lipcu 2025, a w Polsce 12 września 2025.","Powieść zagraniczna, Kryminały"
/pl/tam-_gdzie_milkna_slowa-9788383739809,,Książki i czasopisma / Books and periodicals,Anna Błażejewska-Woźniak,"Tam, gdzie milkną słowa",,,Novae Res,2025,Miękka ze skrzydełkami,20.9x13.2,246,"0,253 kg",,978-83-8373-980-9 (9788383739809),9788383739809,/img/product_images_new/261/1552261_01_tam-_gdzie_milkna_slowa.300.jpg,"Czasem, by usłyszeć siebie, trzeba przestać słuchać innych Za zamkniętymi drzwiami ich małżeństwa kryje się cisza. Nie ta kojąca, lecz ta, która boli – pełna tłumionych emocji, niezadanych pytań oraz słów, jakich nikt nie ma odwagi wypowiedzieć. Kaja i Daniel wydają się idealną parą. Ale tak naprawdę z każdym dniem rośnie między nimi przepaść. On jest spokojny – przywiązany do codziennej rutyny, skupiony na swoich pasjach. Ona czuje się coraz bardziej przytłoczona – dusi się w klatce pozorów, którą wspólnie stworzyli. Powoli Kaja zatraca samą siebie. Jej lojalność zderza się z pragnieniem wolności, strach – z nadzieją na nowe życie. A kiedy cisza staje się nie do zniesienia, pozostaje jej tylko jedno: wybór. Taki, który może zburzyć wszystko – albo dać początek czemuś prawdziwemu. „Tam, gdzie milkną słowa” to poruszająca opowieść o kobiecie, która przestaje milczeć. O samotności w związku, odwadze, by zacząć od nowa, i o tym, że czasem największym aktem miłości jest odejście.",Społeczno-obyczajowa
/pl/pozwolcie_mi_odejsc_wstrzasajaca_historia_ofiary_h-9788327293763,książka / book,Książki i czasopisma / Books and periodicals,"Linda Watson-Brown , Caitlin Spencer",Pozwólcie mi odejść Wstrząsająca historia ofiary handlu ludźmi,,polski,Chmury,2025,Miękka,14.5x20.5,188,"0,21 kg",11.07.2025,9788327293763 (9788327293763),9788327293763,/img/product_images_new/850/1649850_01_pozwolcie_mi_odejsc_wstrzasajaca_historia_ofiary_handlu_ludzmi.300.jpg,"Kiedy czternastoletnia Caitlin odpowiada na ogłoszenie znalezione w gazecie – „Poszukujemy modelek” – nie wie, że w ten sposób podpisuje na siebie wyrok. Od tego czasu jest nieustannie kontrolowana, gwałcona, sprzedawana i przekazywana gangom w całej Wielkiej Brytanii. Jej oprawcy wcale się nie ukrywali: często odbierali ją ze szkoły lub z domu i zabierali do swoich mieszkań, domów rodzinnych lub hoteli, gdzie była systematycznie wykorzystywana. „Pozwólcie mi odejść. Wstrząsająca historia ofiary handlu ludźmi” to opowieść Caitlin o piekle, które udało jej się przetrwać.",Biograficzna
/pl/amok-9788367520706,książka / book,Książki i czasopisma / Books and periodicals,Czoik Sandra,Amok,,polski,Wydawnictwo ReWizja,2025,Miękka ze skrzydełkami,20.5x13.0,320,"0,276 kg",24.07.2025,9788367520706 (9788367520706),9788367520706,/img/product_images_new/871/1490871_01_Amok.300.jpg,"Lexod to arena, gdzie ludzka moralność kona w kałuży krwi. Tu śmierć jest spektaklem, a tortury – sztuką. Ci, którzy oglądają, żądają krwi. Ci, którzy zabijają, nie mają już dusz. Kodein nie jest zwykłym oprawcą. Jest legendą. Bestią, której boją się nawet potwory. Ale jego nie obchodzi uznanie. Nie obchodzi go władza. On chce tylko ją. Kobietę, która stworzyła go na nowo. Która uczyniła go tym, czym się stał – bezwzględnym katem, maszyną do zabijania. Nie będzie już odwrotu. Aby ją odnaleźć, zawiera pakt z szefem Lexodu – człowiekiem rządzącym tym piekłem. Każda decyzja kosztuje kolejne życie. Każdy krok to wstęp do nowego koszmaru. „Amok” to historia, w której granice nie istnieją, a utarte ścieżki rozmazują się pod naciskiem szaleństwa pomieszanego z żądzą. Przepełniona brutalnością i okraszona krwią. To pozycja, która emocjami mrozi krew w żyłach. I jedno jest pewne: Ten, kto patrzy w otchłań, w końcu sam się nią staje.","Powieść polska, Sensacyjne i thrillery"
/pl/teoria_pozwol_im-9788375799538,książka / book,Książki i czasopisma / Books and periodicals,Mel Robbins,Teoria Pozwól im,The Let Them Theory,polski,Galaktyka,2025,Miękka,15.2x22.7,336,"0,49 kg",23.04.2025,9788375799538 (9788375799538),9788375799538,/img/product_images_new/476/1226476_01_teoria_pozwol_im.300.jpg,"Mel Robbins zyskała uznanie na całym świecie dzięki książce Reguła 5 sekund, w której przedstawia skuteczną metodę radzenia sobie z prokrastynacją. W najnowszym poradniku Teoria „pozwól im”  prezentuje przełomową metodę, która zainspirowała już miliony ludzi, pozwalającą na poprawę relacji z otoczeniem poprzez zaakceptowanie faktu, że każdy ma prawo do własnych wyborów, nawet jeśli nie zawsze je rozumiemy. Zdaniem autorki sekret prawdziwej wolności polega na tym, że pozwolisz innym być sobą. Bo im mniej próbujesz kontrolować innych, tym więcej kontroli odzyskujesz nad własnym życiem. Jeśli nauczysz się dystansować od frustrujących cię sytuacji, na które nie masz wpływu, twoje życie nabierze nowej jakości. Zbyt wiele energii poświęcamy na analizowanie cudzych decyzji i zamartwianie się rzeczami, na które nie mamy wpływu:   Co ktoś powiedział? (Dlaczego to powiedział?)  Co ktoś zrobił? (Dlaczego to zrobił?)  Kto będzie zawiedziony?  Kto mnie lubi?   I tak bez końca… To wyczerpujące. Zamiast więc stresować się działaniami innych i próbować kontrolować ich zachowanie, po prostu… pozwól im żyć swoim życiem i nie bierz tego do siebie. W tej teorii kluczowe jest także pozwolenie sobie – na spokój, na radość, na życie zgodne z własnymi wartościami. Pozwól sobie odpuścić toksyczne relacje, pozwól sobie przestać przejmować się opiniami innych, pozwól sobie być sobą – bez potrzeby ciągłego tłumaczenia się czy spełniania cudzych oczekiwań. Pozwól i zobacz, jak wiele zyskasz. Z książki dowiesz się m.in. jak:  panować nad stresem przestać bać się cudzych opinii radzić sobie z czyimiś negatywnymi reakcjami przełamać nawyk ciągłego porównywania się do innych pomagać osobom zmagającym się z problemami wybierać miłość, na jaką zasługujesz","Poradniki, Psychologia. Psychoterapia, Techniki psychologii i psychoterapii"
/pl/regiel-9788383299020,książka / book,Książki i czasopisma / Books and periodicals,Michał Śmielak,Regiel,,polski,SKARPA WARSZAWSKA,2025,Miękka,13.5x20.5,368,"0,285 kg",16.07.2025,9788383299020 (9788383299020),9788383299020,/img/product_images_new/489/1614489_01_Regiel.300.jpg,"Wraz z nadejściem lata mieszkańców wsi Rosochate zastała nowa rzeczywistość. Deweloper postanowił wybudować hotel w sercu Bieszczad, burząc dotychczasowy spokój i sielankowe życie miejscowych. Gdy ryk pił spalinowych niesie się po połoninach, miejscowi kręcą z niedowierzaniem głowami i z lękiem czekają na to, co się wydarzy. Lokalne podania przestrzegają bowiem, że jeśli ktokolwiek zetnie drzewo w zagajniku zwanym Reglem, czeka go śmierć. Odkrycie zwłok stróża pilnującego placu budowy wskazuje na to, że legendy nie kłamały. To jednak dopiero początek koszmaru, ponieważ przebudzone zło nie zamierza poprzestać na jednej ofierze. Starszy aspirant Przemysław Nowacki rusza w pościg za mordercą. I choć doskonale wie, że nie ma mowy o żadnej legendzie, nie zdaje sobie sprawy, jakiej sile stawia czoło. Tajemnice zdają się otaczać go z każdej strony niczym potężne, bieszczadzkie lasy i są groźniejsze od mieszkających w nich demonów. Jednocześnie złu rzuca wyzwanie Maciej, szukający w okolicy zaginionej dziewczyny oraz Oskar, który wrócił w rodzinne strony, by odnaleźć spokój utracony w wielkim mieście. Jak bardzo żywe mogą być legendy? Co może zbudzić zło? I przede wszystkim - jak je ponownie uśpić?","Sensacyjne i thrillery, Powieść polska"
/pl/kucharz-9788328736498,książka / book,Książki i czasopisma / Books and periodicals,Piotr Chomczyński,Kucharz,,polski,Muza,2025,Miękka ze skrzydełkami,13.0x20.5,320,"0,25 kg",09.07.2025,9788328736498 (9788328736498),9788328736498,/img/product_images_new/812/1596812_01_Kucharz.300.jpg,"PIOTR CHOMCZYŃSKI, UZNANY KRYMINOLOG, PRZEMYCA NIUANSE SWOJEJ PRACY W POWIEŚCI O NARKOTYKACH SYNTETYCZNYCH, KTÓRE ZALEWAJĄ POLSKIE ULICE. Nowa trucizna na rynku, stare demony w cieniu. Kto pociąga za sznurki w grze, w której stawką jest życie?  W Poznaniu pojawił się nowy kucharz narkotyków, który zalał miasto nieznanym syntetykiem. Nowa substancja zbiera śmiertelne żniwo, pozostawiając za sobą pytania, na które nikt nie chce odpowiadać. W żyłach ofiar płynie trucizna, której skład przypomina laboratorium szaleńca. Marcin Koch – młody kryminolog, który dotąd jedynie konsultował sprawy dla policji – tym razem wchodzi w śledztwo głębiej, niż powinien. Wciąga go nie tylko tajemnica syntetyków, ale też determinacja Natalii, córki jego guru, która za wszelką cenę chce poznać prawdę. Tropy urywają się w podejrzany sposób. Wszyscy, którzy wiedzą za dużo, milkną albo znikają. Koch czuje, że w tej sprawie chodzi o coś więcej niż nielegalne laboratoria.  Kiedy śmierć staje się tylko eksperymentem, a wiedza zabójczą bronią, agonia przybiera nową twarz. Czy Marcin Koch odważy się odkryć prawdę?","Kryminały, Powieść polska"
/pl/patopanstwo_o_tym-_jak_elity_pustosza_nasz_kraj-9788383872124,książka / book,Książki i czasopisma / Books and periodicals,Jan Śpiewak,Patopaństwo O tym jak elity pustoszą nasz kraj,,polski,W.A.B.,2025,Miękka ze skrzydełkami,14.5x21.0,416,"0,466 kg",26.02.2025,9788383872124 (9788383872124),9788383872124,/img/product_images_new/388/1183388_01_patopanstwo_o_tym-_jak_elity_pustosza_nasz_kraj.300.jpg,"Najnowsza książka twórcy haseł „państwo z kartonu” i „patodeweloperka” Co jest nie tak z Polską? Jakie są źródła patologii życia publicznego? Takie pytania zadaje sobie wielu z nas, obserwując polską rzeczywistość. Jan Śpiewak zabiera nas w podróż po Patopaństwie. To opowieści o kraju, w którym feudalizm i dziki kapitalizm podają sobie ręce nad głowami obywateli. O januszexie, który przebrał się za europejskie państwo. O szlacheckim folwarku, który nigdy nie umarł, a w III RP wręcz się odrodził. Dlaczego polskie osiedla mieszkaniowe przypominają chów klatkowy, zamiast być dobrymi miejscami do życia? Dlaczego pijemy więcej alkoholu niż w czasach PRL-u? Dlaczego pracujemy dłużej i w gorszych warunkach niż większość Europy? Czemu media tradycyjne i społecznościowe promują patologie? Dlaczego Polacy spłacają najdroższe kredyty hipoteczne w Unii? Dlaczego miliony Polaków nie mają dostępu do transportu publicznego? Czemu polskie instytucje przypominają folwarki? Dlaczego w polityce od 35 lat są te same twarze? Dziesiątki trudnych pytań, setki niewesołych odpowiedzi. Autor przypomina, że państwo może zrobić dla obywateli wiele dobrego, jeśli tylko realizuje interesy wspólnoty, a nie najsilniejszych. Razem możemy niemal wszystko, osobno niewiele. Tymczasem – witajcie w Patopaństwie. „Janek Śpiewak bywa ostry, radykalny, niektórzy zarzucają mu nawet swego rodzaju fanatyzm. I być może tak jest, ale gdy idziemy przez dżunglę, na przodzie musi iść ktoś, kto ma maczetę. Janek wycina nam drogę do trochę lepszego świata, niż ten, który mamy” Jakub Żulczyk","Polityka, Naukowe i popularno-naukowe, Popularno-naukowe, Polityka, Państwo. Władza. Partie polityczne"
/pl/kapturek_musi_zginac-9788368381337,książka / book,Książki i czasopisma / Books and periodicals,A.K. Benedict,Kapturek musi zginąć,Little Red Death,polski,Luna,2025,Miękka ze skrzydełkami,13.5x20.5,416,"0,385 kg",09.07.2025,9788368381337 (9788368381337),9788368381337,/img/product_images_new/143/1525143_01_kapturek_musi_zginac.300.jpg,"Katie budzi się w nieznanym pokoju, zdezorientowana i obolała. Szybko dochodzi do wniosku, że ktoś ją uwięził. Jej oprawca, który określa siebie jako „Wilk”, domaga się, aby pisała opowiadania o morderstwach inspirowanych baśniami braci Grimm. Sugeruje jednak, że tworzone przez nią historie mają prowadzić do rzeczywistych morderstw. Przerażona kobieta musi wybrać – jej życie lub cudze. Jeśli nie spełni żądań porywacza, zginie... Katie zaczyna więc pisać. Detektyw Lyla została policjantką, mając nadzieję, że kiedyś uda jej się odnaleźć Allison, przyjaciółkę, która zniknęła w tajemniczych okolicznościach. Na łóżku dziewczyny znaleziono tylko... nadgryzione zatrute jabłko. Kiedy szefowa powierza Lyli sprawę mordercy zwanego Grimmem Rozpruwaczem, szybko okazuje się, że tym razem policjantka może być bliżej odkrycia prawdy na temat nierozwiązanego zaginięcia Allison niż kiedykolwiek wcześniej…","Powieść zagraniczna, Sensacyjne i thrillery"
/pl/niezdobyta_tom_1-2_ilustrowane_brzegi-9788397145566,,Książki i czasopisma / Books and periodicals,Melissa Darwood,Niezdobyta. Tom 1-2 (ilustrowane brzegi),,,30279,2025,Twarda,20.5x14.0,694,"0,924 kg",,978-83-971455-6-6 (9788397145566),9788397145566,/img/product_images_new/436/1519436_01_niezdobyta_tom_1-2_ilustrowane_brzegi.300.jpg,"Bestsellerowa komedia romantyczna w nowym, jednotomowym wydaniu specjalnym!  Zabawne dialogi, rozpalające zmysły sceny, moc wrażeń i zachwycające krajobrazy.  Poznaj emocjonującą historię Julki i Jeremiego, którzy skradli serca polskich czytelniczek. Jestem dziennikarką. Cholernie dobrą dziennikarką. Piszę o sprawach ważnych, poruszających, mających znaczenie… No, może nie zawsze. I niekoniecznie tym razem.  Bo jak to w życiu bywa, liczy się kasa. Na wyraźne polecenie mojej redaktorki zbieram materiały o znanym himalaiście, który rozgrzeje czytelniczki naszej gazety.  Po drodze pojawia się jednak mały problem. Ten problem to ja. Julka Kabat, trzydziestodwulatka szukająca wyzwań i drugiego dna w każdym temacie. I tak, zamiast o popularnym hot wspinaczu, decyduję się napisać o JJ-u zwanym szalonym Icemanem. Jestem taka podekscytowana! Mam przeczucie, że to będzie hit!  A może jednak kit? Bo JJ to dziwak. Szorstki, zdystansowany, tajemniczy mruk, który nie chce mieć ze mną nic wspólnego. Ale ja się nie poddam, muszę poznać jego historię! Idę o zakład, że krążące o nim legendy to zaledwie czubek góry lodowej. Ja zaś zamierzam zdobyć tę górę, tak jak on planuje zdobyć swoją niezdobytą Czogori. Pytanie tylko, czy oboje jesteśmy gotowi na tę wyprawę?",Romanse
/pl/marika_i_bazyli_tajemnice_amazonii_barwione_brzegi-9788367788533,książka / book,Książki i czasopisma / Books and periodicals,Elżbieta Dziedzic,Marika i Bazyli. Tajemnice Amazonii,,polski,BIAŁE PIÓRO,2025,Miękka barwione brzegi,14.8x21.0,272,"0,31 kg",29.03.2025,9788367788533 (9788367788533),9788367788533,/img/product_images_new/755/1270755_01_marika_i_bazyli_tajemnice_amazonii.300.jpg,"„Dżungla zastygła w oczekiwaniu. Piękny las skrywał wiele tajemnic. Z wysokich drzew spoglądało tysiące oczu. Czapierzaste korony dawały schronienie, ale i maskowały drapieżców. W tropikalnym lesie każdy walczył o przetrwanie.” Tym razem Marika i Bazyli trafiają do Amazonii i, jak się okazuje, nie jest to przypadek. W dżungli roi się od niesamowitych stworzeń i dzieją się zagadkowe rzeczy. Gdy deszczowy las roztacza swe czary, w plątaninie roślin i przygód łatwo można stracić orientację oraz poczucie czasu. Czy bohaterom uda się uniknąć kłopotów i czy ta niezwykła przygoda w jakiś sposób ich zmieni? Dynamiczna, motywująca opowieść o wewnętrznej sile, pokonywaniu trudności i poszukiwaniu skarbów, rozwijająca w czytelnikach miłość i szacunek do natury.","Dla dzieci i młodzieży, Literatura dla dzieci polska, Literatura dla dzieci polska (7-13 lat), Przyrodnicza, Dla dzieci i młodzieży, Dzieci od 7 do 13"
/pl/kuszenie-9788368005240,książka / book,Książki i czasopisma / Books and periodicals,Katarzyna Berenika Miszczuk,Kuszenie,,polski,Mięta,2024,Miękka ze skrzydełkami,13.5x20.5,352,"0,36 kg",19.06.2024,9788368005240 (9788368005240),9788368005240,/img/product_images_new/099/882099_01_Kuszenie.300.jpg,"A może by tak rzucić wszystko i wyjechać w Bieszczady? Ewa należy do silnego kobiecego rodu. Mimo trzydziestki na karku mieszka z matką, babką i prababką. Pewnego dnia rzuca pracę i postanawia zmienić swoje życie. Znalezione przypadkiem ogłoszenie sprzedaży starego pensjonatu w Bieszczadach wydaje się rozwiązaniem wszystkich problemów. Pełna dobrych chęci Ewa decyduje się zacząć wszystko od nowa. Po przyjeździe do Ostrówka okazuje się, że o tajemniczym budynku, zwanym przez miejscowych Mnichówką, krążą lokalne legendy. Mieszkańcy wsi, łącznie z dopiero co poznanym księgowym Adamem, jawnie odradzają kobiecie kupno nieruchomości. Ewa nie byłaby jednak sobą, gdyby nie spróbowała rozwikłać zagadki pensjonatu i jego poprzednich właścicieli, którzy zaskakująco często źle kończyli. Czy Ewa i Adam poradzą sobie z sekretami zamkniętymi w piwnicy?","Społeczno-obyczajowa, Literatura kobieca, Powieść polska"
/pl/glodne_duchy-9788383961309,książka / book,Książki i czasopisma / Books and periodicals,Kevin Jared Hosein,Głodne duchy,Hungry Ghosts,polski,Czarne,2025,Miękka ze skrzydełkami,12.5x20.5,520,"0,425 kg",04.07.2025,9788383961309 (9788383961309),9788383961309,/img/product_images_new/953/1596953_01_glodne_duchy.300.jpg,"Trynidad, lata czterdzieste XX wieku. Jedna wyspa, wiele różnych światów. Na wzgórzu ponad miasteczkiem wznosi się farma. Zamożny plantator Dalton Changoor i jego żona Marlee mieszkają tu w luksusie, o jakim ich sąsiedzi mogą jedynie pomarzyć. Poniżej, nad rzeką, w rozpadającym się budynku z drewna i blachy, który podzielono na prowizoryczne mieszkania dla pracowników plantacji trzciny cukrowej, żyje rodzina Saroopów: Hans, jego żona Szueta i syn Kryszna. Kiedy plantator znika w tajemniczych okolicznościach, a jego żonie może grozić niebezpieczeństwo, Hans, zwabiony wizją oszałamiającego zarobku, godzi się pracować jako nocny stróż w willi Changoorów. Nie wie jeszcze, jak ta decyzja wpłynie na jego rodzinę, której losy podstępnie splotą się z losami bogaczy. Czy zagadkę zniknięcia Daltona uda się rozwikłać i jaki będzie tego koszt? Książka Kevina Jareda Hoseina to osadzona w krajobrazie Trynidadu powieść o bogaczach i nędzarzach, o przeklętych rodach i nieuchronności losu, o przemocy, różnicach klasowych i międzypokoleniowych traumach. To także przypowieść o fatum, zemście, zbrodni i karze; o tkwiących w nas wiecznie głodnych duchach, których mimo wszelkich starań nigdy nie uda się nakarmić.  „To imponująca i moim zdaniem bardzo ważna powieść. Narracyjna intensywność, z jaką pochłania czytelnika, fascynująca epoka i sceneria, w których rozgrywa się akcja, sprawiają, że nie sposób się od niej oderwać. Z każdej strony emanują energia i pomysłowość.” Hilary Mantel  „„Głodne duchy” to stylistyczne fajerwerki, wartka akcja i psychologiczna głębia.” Bernardine Evaristo  „Lektura „Głodnych duchów” przywodzi na myśl grecką tragedię, której akcja toczy się w gotyckiej scenerii Karaibów rodem z twórczości Jean Rhys [...]. Autor snuje opowieść o rodzinach naznaczonych klątwą, dziedziczonej z pokolenia na pokolenie żądzy zemsty, niewytłumaczalnej grozie, nieosiągalnych pragnieniach i o kraju nękanym przez duchy wyzyskiwanych robotników kontraktowych […]. Wspaniała, świetnie napisana powieść.” „The Times”  „Język tej opowieści jest równie bogaty, różnorodny i ekscytujący, co opisany w niej krajobraz […] Prawdziwie elektryzująca proza.” „New York Times Book Review”  „Spektakularna, panoramiczna opowieść o awansie społecznym, osadzona w najgorętszym okresie rządów kolonialnych w Trynidadzie, ojczystym kraju autora. Niezwykła, narracyjnie porywająca, skupiona zarówno na narodowych, jak i prywatnych konfliktach, pełna postaci z krwi i kości, poprowadzona w taki sposób, że czytelnik z zapartym tchem śledzi rozwój wydarzeń, aż do zwalającego z nóg finału.” „Daily Mail”  „W „Głodnych duchach” Kevin Jared Hosein bierze na warsztat konkretne miejsce, niewielki wycinek Trynidadu i ukazuje go z należytą mu głębią i rozmachem. Doskonale wie, o czym pisze, ponieważ zna ten świat na wylot [...] W efekcie dostajemy wstrząsającą opowieść, drapieżnie piękną i do szpiku ludzką.” Ayanna Lloyd Banwo",Powieść zagraniczna
