Link,Rodzaj (nośnik),Dział,Autor,Tytuł,Tytuł originału,Język,Wydawca,Rok wydania,Rodzaj oprawy,Wymiary,Liczba stron,Ciężar,Wydano,ISBN,EAN/UPC,Image,Description,Kategoria
/pl/jadlonomia_kuchnia_roslinna__100_przepisow_nie_tyl-9788363696351,książka / book,Książki i czasopisma / Books and periodicals,Marta Dymek,Jadłonomia Kuchnia roślinna – 100 przepisów nie tylko dla wegan,,polski,Dwie Siostry,2020,Twarda,17.0x21.5,282,"0,714 kg",12.04.2017,9788363696351 (9788363696351),9788363696351,/img/product_images_new/397/321397_01_jadlonomia.300.jpg,"Pierwsza książka kucharska twórczyni „Jadłonomii” – najpopularniejszego polskiego bloga o kuchni roślinnej. Czy łodyga brokułu nadaje się do jedzenia? Do czego wykorzystać natkę marchewki? Jak zrobić bezmięsny pasztet na świąteczny stół? Odpowiedź na te i wiele innych pytań znajdziecie w długo wyczekiwanej książce Marty Dymek  – znanej z programu „Dzień Dobry TVN” autorki „Jadłonomii”, najpopularniejszego bloga w polskim internecie poświęconego kuchni roślinnej, Kulinarnego Bloga Roku 2013. Autorka skomponowała ponad 100 przepisów na wegańskie śniadania, obiady i kolacje z bulw, korzeni i liści. Tu burak zmienia się w ciasto czekoladowe, pietruszka występuje w parze z gruszką, a z garści kapusty powstają chrupiące chipsy. Pozycja obowiązkowa dla wszystkich jaroszy i tych, którzy do tej pory nie wyobrażali sobie bezmięsnego obiadu. Informacja dotycząca wprowadzenia produktu do obrotu: Ten produkt został wprowadzony na rynek przed 13 grudnia 2024 r. zgodnie z obowiązującymi wówczas przepisami (Dyrektywą o ogólnym bezpieczeństwie produktów). W związku z tym może on być nadal sprzedawany bez konieczności dostosowania do nowych wymogów wynikających z Rozporządzenia o Ogólnym Bezpieczeństwie Produktów (GPSR). Produkt zachowuje pełną legalność w obrocie, a jego jakość i bezpieczeństwo pozostają zgodne z obowiązującymi wcześniej standardami. Information regarding product placement on the market: This product was placed on the market before December 13, 2024, in accordance with the applicable regulations at the time (the General Product Safety Directive). As a result, it can continue to be sold without needing to meet the new requirements introduced by the General Product Safety Regulation (GPSR). The product remains fully compliant with all previously valid legal standards, ensuring its continued quality and safety.","Książki kucharskie i diety, Poradniki"
/pl/central_park-9788378853848,książka / book,Książki i czasopisma / Books and periodicals,Guillaume Musso,Central Park,,francuski,ALBATROS,2015,Miękka ze skrzydełkami,14.0x20.5,352,"0,445 kg",12.08.2015,9788378853848 (9788378853848),9788378853848,/img/product_images_new/591/209591_01_central_park.300.jpg,"Najnowsza powieść mistrza thrillera i jednego z najpoczytniejszych pisarzy w historii literatury francuskiej. 8 rano. Alice i Gabriel budzą się na ławce w Central Parku skuci ze sobą kajdankami. Nie znają się i nie pamiętają, żeby się kiedykolwiek spotkali. Poprzedniej nocy Alice bawiła się z przyjaciółkami na Polach Elizejskich, a Gabriel grał na pianinie w dublińskim klubie. Niemożliwe? A jednak… Jak wplątali się w tę niebezpieczną historię? Plamy czyjej krwi znajdują się na koszulce Alice? Dlaczego w jej broni brakuje jednego pocisku?",
/pl/dziewczyna_z_brooklynu-9788365781338,książka / book,Książki i czasopisma / Books and periodicals,Guillaume Musso,Dziewczyna z Brooklynu,La fille de Brooklyn,francuski,Albatros,2017,Miękka ze skrzydełkami,14.5x20.5,368,"0,464 kg",,9788365781338 (9788365781338),9788365781338,/img/product_images_new/811/326811_01_dziewczyna_z_brooklynu.300.jpg,"Guillaume Musso, który od lat utrzymuje się na pierwszym miejscu listy najpopularniejszych francuskich pisarzy, słusznie nazywany jest mistrzem suspensu! Doskonale pamiętam ten moment: stoimy nad brzegiem morza, patrząc, jak zachodzące słońce rozświetla horyzont. Wtedy Anna zapytała: „Czy wciąż byś mnie kochał, gdybym zrobiła coś naprawdę złego?“. Co mogłem odpowiedzieć? Anna była kobietą mojego życia. Za trzy miesiące mieliśmy się pobrać. Oczywiście, że ją kochałem, niezależnie od tego, co zrobiła. Tak przynajmniej myślałem, gdy ona gorączkowo szperała w torebce i wręczała mi zdjęcie, mówiąc: „Oto, co zrobiłam“. Patrzyłem oszołomiony na jej sekret i wiedziałem, że nasz los odmienił się bezpowrotnie. Zszokowany, odszedłem bez słowa. Kiedy wróciłem, było już za późno – Anna zniknęła. Od tamtej chwili wciąż jej szukam. Informacja dotycząca wprowadzenia produktu do obrotu: Ten produkt został wprowadzony na rynek przed 13 grudnia 2024 r. zgodnie z obowiązującymi wówczas przepisami (Dyrektywą o ogólnym bezpieczeństwie produktów). W związku z tym może on być nadal sprzedawany bez konieczności dostosowania do nowych wymogów wynikających z Rozporządzenia o Ogólnym Bezpieczeństwie Produktów (GPSR). Produkt zachowuje pełną legalność w obrocie, a jego jakość i bezpieczeństwo pozostają zgodne z obowiązującymi wcześniej standardami. Information regarding product placement on the market: This product was placed on the market before December 13, 2024, in accordance with the applicable regulations at the time (the General Product Safety Directive). As a result, it can continue to be sold without needing to meet the new requirements introduced by the General Product Safety Regulation (GPSR). The product remains fully compliant with all previously valid legal standards, ensuring its continued quality and safety.",
/pl/potem-9788376590158,książka / book,,Guillaume Musso,Potem,ET APRES...,francuski,Albatros,2009,Miękka ze skrzydełkami,12.2x19.5,304,"0,32 kg",,9788376590158 (9788376590158),9788376590158,/img/product_images_new/648/89648_01_potem.300.jpg,"Nowojorski adwokat Nathan Del Amiro robi karierę kosztem zaniedbywanej rodziny. Jego żona, Mallory, decydeje się odejść, choć wciąż go kocha. Pewnego razu w kancelarii Nathana zjawia się Garrett Goodrich, chirurg, ordynator oddziału opieki paliatywnej, opiekun ludzi beznadziejnie chorych. Posiada on szczególny dar - dostrzega świetlistą aureolę nad osobami, które mają rychło zejść z tego świata. Goodrich w sposób zawoalowany mówi Nathanowi, że i on wkrótce umrze. Od tej pory Nathan inaczej patrzy na świat, zdaje sobie sprawę, że zawiódł ukochaną żonę. Stara się ułożyć stosunki z Mallory i córką, bierze na siebie winę za wypadek, którego nie spowodował. Ścigając się z czasem, nie od razu pojmuje, że jego przeznaczeniem jest zostać Posłańcem...",
/pl/uratuj_mnie-9788373594630,książka / book,Książki i czasopisma / Books and periodicals,Guillaume Musso,Uratuj mnie,SAUVE-MOI,francuski,Albatros,2007,Miękka ze skrzydełkami,12.2x19.4,368,"0,375 kg",,9788373594630 (9788373594630),9788373594630,/img/product_images_new/612/178612_01_uratuj_mnie.300.jpg,"Nie wyznając sobie swoich uczuć, para zakochanych żegna się na lotnisku. Samolot, do którego wsiada dziewczyna rozbija się krótko po starcie. Ale to jeszcze nie koniec... Czy miłość okaże się silniejsza od śmierci""",
/pl/bedziesz_tam-9788373596825,książka / book,Książki i czasopisma / Books and periodicals,Guillaume Musso,Będziesz tam?,Seras tu la?,francuski,Albatros,2014,Miękka ze skrzydełkami,13.0x20.0,318,"0,329 kg",,9788373596825 (9788373596825),9788373596825,/img/product_images_new/993/62993_01_bedziesz_tam.300.jpg,"Trzecia powieść niezwykle popularnego we Francji pisarza, autora bestsellerów Potem... oraz Uratuj mnie, którego firmowym znakiem jest nieposkromiona fantazja i ogromna wrażliwość. Elliott, uznany chirurg, ma sześćdziesiąt lat i niedługo umrze. Śmiertelna choroba nie daje mu nadziei na przyszłość. Największą radością jego życia jest dorosła już córka, Angie, a największym pragnieniem, raz jeszcze ujrzeć ukochaną kobietę - zmarłą w tragicznych okolicznościach przed trzydziestoma laty Ilenę. Podczas jednej z misji humanitarnych w Kambodży, po operacji małego chłopca, Elliott otrzymuje od jego dziadka dziwny flakonik z trzema złotymi pigułkami, dzięki którym będzie ponoć mógł spełnić swoje największe marzenie. Gdy zażywa pierwszą z ampułek jego świat ulega całkowitej przemianie - może podróżować w czasie, po raz kolejny przeżywa swoją młodość... Czy uda mu się ocalić przed śmiercią ukochaną kobietę?","Psychologiczna, Powieść zagraniczna, Społeczno-obyczajowa"
/pl/poniewaz_cie_kocham-9788373598508,książka / book,Książki i czasopisma / Books and periodicals,Guillaume Musso,Ponieważ Cię kocham,PARCE QUE JE T'AIME,francuski,Albatros,2012,Miękka ze skrzydełkami,12.3x19.5,304,"0,32 kg",,9788373598508 (9788373598508),9788373598508,/img/product_images_new/098/63098_01_poniewaz_cie_kocham.300.jpg,"W centrum handlowym, wskutek nieuwagi opiekunki, znika bez śladu pięcioletnia Layla. Nikt nie żąda okupu, a prowadzone przez policję poszukiwania okazują się bezowocne. Załamani tragedią rodzice, szanowany psycholog i znakomita skrzypaczka, obwiniają się wzajemnie i rozstają. Mark dosłownie ląduje na ulicy, zaś jego żona Nicole rzuca się w wir pracy. Pięć lat później ścieżki obojga małżonków ponownie się krzyżują. Mark ratuje życie wracającej po koncercie do domu żonie, zaatakowanej przez bandytę z nożem. Niedługo potem Layla pojawia się dokładnie w tym samym miejscu, w którym zniknęła. Co działo się z dziewczynką przez pięć lat? Zaskakujący powrót córki to nie jedyna niespodzianka, jaką los zgotował bohaterom...",
/pl/kim_bylbym_bez_ciebie-9788376593753,książka / book,Książki i czasopisma / Books and periodicals,Guillaume Musso,Kim byłbym bez ciebie,,polski,Albatros,2011,Miękka ze skrzydełkami,14.5x20.5,360,"0,448 kg",,9788376593753 (9788376593753),9788376593753,/img/product_images_new/901/89901_01_kim_bylbym_bez_ciebie.300.jpg,"Kolejna znakomita powieść Guillaume Musso, autora niezapomnianego ""Potem"", romantyczny kryminał, w którym świat rzeczywisty miesza się z fantazją, a przestępstw dokonuje się z wdziękiem i w białych rękawiczkach. W życiu Gabrielle najważniejsi są dwaj mężczyźni - ojciec i ukochany. Jeden z nich jest złodziejem, drugi policjantem. Ojciec dziewczyny, Archibald, to przestępca starej daty - okrzyknięty najprzebieglejszym przestępcą wszech czasów, oczytany erudyta, który z niewymuszonym urokiem kradnie największe dzieła sztuki. Martin Beaumont zawodowo zajmuje się ściganiem ludzi pokroju Archibalda. Młody, obdarzony fantastyczny temperamentem, staje właśnie przed życiową szansą - pojmaniem legendarnego złodzieja. Żaden z nich nie wie, kim jest ten drugi.",
/pl/zamien_chemie_na_jedzenie-9788324020454,książka / book,Książki i czasopisma / Books and periodicals,Julita Bator,Zamień chemię na jedzenie,,polski,Znak,2020,Miękka,14.0x20.5,286,"0,34 kg",28.08.2013,9788324020454 (9788324020454),9788324020454,/img/product_images_new/803/142803_01_zamien_chemie_na_jedzenie.300.jpg,"Książka, która nie zawiera chemii ani polepszaczy smaku! Co to znaczy zdrowo się odżywiać? Zacznij od unikania chemicznych dodatków. Nie tylko nie są potrzebne, one szkodzą! Jednego czekoladowego batona można przegryźć bez obaw, ale rozmaite barwniki, słodziki, wzmacniacze smaku i aromaty zjedzone także w płatkach śniadaniowych, w domowej(!) zupie czy lodach sumują się. I rujnują twoje zdrowie. Są przyczyną alergii, niestrawności, złego samopoczucia, a być może także zespołu ADHD. Niewiele przeprowadzono rzetelnych badań dotyczących sztucznych dodatków do żywności. Julita Bator weryfikuje dane od producentów. Ponieważ dzieci autorki wykazują silną alergię na „polepszacze” i konserwanty musiała zmienić styl odżywiania się i życia całej rodziny. Od czterech lat próbuje, nie wydając dużych sum na kupowanie wyłącznie ekologicznych produktów, żyć bez „chemii”. Jej książka może być dla nas przewodnikiem po kuchni, która pachnie tak, jak jedzenie pamiętane z naszego dzieciństwa. W dwudziestu rozdziałach udziela porad, jak unikać szkodliwej żywności, ale także jakie naczynia stosować w kuchni, jak przemycać wartościowe produkty w potrawach. Podaje 81 przepisów, które przywracają polskiej kuchni dawną, utraconą przed laty świetność.","Poradniki, Zdrowie i uroda"
/pl/fatalna_lista-9788372296344,książka / book,Książki i czasopisma / Books and periodicals,Siobhan Vivian,Fatalna lista,,polski,Feeria,2020,Miękka,14.5x20.5,408,"0,378 kg",,9788372296344 (9788372296344),9788372296344,/img/product_images_new/393/314393_01_fatalna_lista.300.jpg,"Piękno i brzydota nie zawsze są kwestią wyglądu. Wyobraź sobie, że gdy przychodzisz do szkoły, oczy wszystkich są wbite w jeden punkt. W listę. Czy znajdziesz na niej swoje nazwisko? A jeśli tak, to w której kategorii? Co roku ktoś - nie wiadomo, kto - wybiera dwie dziewczyny z każdego rocznika. Jedna zostaje okrzyknięta najpiękniejszą, druga - najbrzydszą. O tych spoza listy natychmiast się zapomina. Wybrane nagle znajdują się w centrum uwagi całej szkoły. Na liście są nazwiska ośmiu dziewcząt. W świecie po liście ich życie już nigdy nie będzie takie samo.","Dla dzieci i młodzieży, Literatura dla młodzieży"
/pl/z_pierwszej_pilki-9788382802894,książka / book,Książki i czasopisma / Books and periodicals,Remigiusz Mróz,Z pierwszej piłki,,polski,Filia,2022,Miękka ze skrzydełkami,13.5x20.5,656,"0,66 kg",09.11.2022,9788382802894 (9788382802894),9788382802894,/img/product_images_new/372/727372_01_z_pierwszej_pilki.300.jpg,"Nim doszło do tragedii, Rewera Opole została okrzyknięta największym fenomenem polskiego futbolu. W efektowny sposób awansowała do najwyższej klasy rozgrywkowej, a potem rozbijała rywali jednego po drugim. Wszystko skończyło się, gdy trener i piętnastu piłkarzy zginęło w tragicznym wypadku. Teraz klub, pozbawiony większości kadry, znalazł się na skraju przepaści. Nowy szkoleniowiec jest zwalnianym z kolejnych drużyn wyrzutkiem, a jego zespół składa się z niedoświadczonych, młodych chłopaków z podwórka. Czy uda im się stawić czoła najlepszym ligowym zespołom? I obronić to, co wywalczyli ich poprzednicy? Kibice pokładają największe nadzieje w nastolatku grającym z numerem 15, którego marzeniem jest podbicie piłkarskiego świata. Popełnia on jednak tragiczny błąd, który kosztować może go nie tylko karierę, ale także życie.","Kryminały, Powieść polska"
/pl/milosc_czyni_dobrym-9788328715509,książka / book,Książki i czasopisma / Books and periodicals,Katarzyna Bonda,Miłość czyni dobrym,,,Muza,2020,,20.5x13.0,,"0,54 kg",,,9788328715509,/img/product_images_new/607/573607_01_milosc_czyni_dobrym.300.jpg,,"Kryminały, Powieść polska"
/pl/florystka-9788377589618,książka / book,Książki i czasopisma / Books and periodicals,Katarzyna Bonda,Florystka,,polski,Muza,2015,Miękka,11.1x18.0,576,"0,30 kg",28.01.2015,9788377589618 (9788377589618),9788377589618,/img/product_images_new/048/195048_01_florystka.300.jpg,"Hubert Meyer popełnił błąd w profilu i porzucił pracę w policji. Stary przyjaciel prosi go o pomoc w przesłuchaniu młodej kobiety, w związku z zaginięciem jej 9-letniej córki. Policjanci próbują łączyć tę sprawę z bestialskim zabójstwem 11-letniego Amadeusza, którego matka jest szanowaną w mieście florystką. Okazuje się, że była ona ostatnią osobą, która widziała Zosię żywą. Florystka początkowo pomaga w poszukiwaniach, ale gdy ciało dziecka odnajduje się na tym samym cmentarzu, gdzie pochowano Amadeusza, staje się główną podejrzaną. Osoba odpowiedzialna za wprowadzenie produktu na rynek Unii Europejskiej / die für das Inverkehrbringen des Produkts auf dem Markt der Europäischen Union verantwortliche Person / Responsible Person MUZA SA ul. Sienna 73 Warszawa 00-833 PL [email protected] Producent/Hersteller/Manufacturer Informacje dotyczące bezpieczeństwa / Sicherheitsinformationen / Safety Information Nie dotyczy",
/pl/kiedys_cie_odnajde-9788366195059,książka / book,Książki i czasopisma / Books and periodicals,Małgorzata Rogala,Kiedyś Cię odnajdę,,polski,Skarpa Warszawska,2019,Miękka,13.5x20.5,296,"0,305 kg",,9788366195059 (9788366195059),9788366195059,/img/product_images_new/345/453345_01_kiedys_cie_odnajde.300.jpg,"Czy jeden koszmar to za mało? Weronika miała dziewiętnaście lat, kiedy jej matkę brutalnie zgwałcono i zamordowano. Policji nie udało się złapać zwyrodnialca, który się tego dopuścił, więc sprawę umorzono. Gdyby nie Olga, jej najlepsza przyjaciółka, Weronice trudniej byłoby się otrząsnąć po tej tragedii. Po dziesięciu latach w podobnych okolicznościach ginie Olga. I znowu brak postępów w śledztwie. Tym razem Weronika zaczyna prywatne dochodzenie, w którym głównym podejrzanym jest jeden z byłych współpracowników jej przyjaciółki. Czy ten trop nie zwiedzie jej na manowce?","Powieść polska, Kryminały"
/pl/musze_to_wiedziec-9788328053823,książka / book,Książki i czasopisma / Books and periodicals,Karen Cleveland,Muszę to wiedzieć,Need to know,polski,W.A.B.,2019,Miękka ze skrzydełkami,14.0x20.0,352,"0,392 kg",06.06.2018,9788328053823 (9788328053823),9788328053823,/img/product_images_new/417/381417_01_musze_to_wiedziec.300.jpg,"Hit z USA, top 10 bestsellerów „New York Timesa”. Idealny mąż. Idealny ojciec. Idealny… kłamca? Vivian Moore to matka czwórki dzieci, szczęśliwa żona idealnego ojca i męża, Matta. Jednocześnie to również analityczka CIA zajmująca się rozpracowywaniem działalności rosyjskich szpiegów w USA. Pewnego dnia dociera do zawartości komputera potencjalnego rosyjskiego współpracownika. To, co tam znajduje, zagraża wszystkiemu, co dla niej ważne – jej rodzinie, jej pracy, jej samej… Vivian obiecała bronić swojego kraju przed wszystkimi wrogami, obcymi i domowymi. Ale teraz stoi przed niemożliwymi wyborami. Rozdarta między lojalnością a zdradą, miłością a podejrzliwością, komu może zaufać?",Kryminały
/pl/podpalona_od_koszmarow_przeszlosci_nie_ma_ucieczki-9788361299653,książka / book,Książki i czasopisma / Books and periodicals,Mark Billingham,Podpalona Od koszmarów przeszłości nie ma ucieczki...,The Burning Girl,angielski,G+J Gruner+Jahr Polska,2009,Miękka,13.0x19.5,364,"0,29 kg",,9788361299653 (9788361299653),9788361299653,/img/product_images_new/405/45405_01_podpalona.300.jpg,"Jessica Clarke została podpalona przed dwudziestoma laty. Sprawcę szybko ujęto i gdy przyznał się do winy, trafił do więzienia. Jeszcze jeden płatny zabójca znikł z ulic Londynu. Kto wobec tego nęka  byłą policjantkę Carol Chamberlain twierdząc, że to on jest prawdziwym podpalaczem? Carol zwraca się o pomoc do Toma Thorne’a. Inspektor ma tymczasem mnóstwo problemów z serią zabójstw, która prawdopodobnie jest wynikiem wojny o wpływy dwóch rywalizujących gangów. Nie układa mu się także współpraca z nadinspektorem. Wolałby chyba raczej ścigać kolejnego psychopatę niż poznawać mroczne sekrety świata zorganizowanej przestępczości. ""Death Message"", siódmy tom z cyklu poczytnych kryminałów o detektywie Tomie Thornie,  autorstwa Marka Billinghama, otrzymał nagrodę Theakston's Old Peculier 2009, przyznawaną przez czytelników dla najlepszej powieści kryminalnej roku. Billingham okazał się lepszy od Iana Rankina, Lee Childa i Vala McDermida! W Polsce, nakładem Wydawnictwa G+J ukazały się do tej pory 4 powieści z serii: Kokon, Mięczak, Ofiary, Podpalona. Kolejne w przygotowaniu.",
/pl/obled_-_trauma_-_katharsis_pakiet-9788379992874,książka / book,Książki i czasopisma / Books and periodicals,Erik Axl Sund,Obłęd / Trauma / Katharsis Pakiet,,polski,Sonia Draga,2015,Kartonowa,14.5x20.5,1167,"1,334 kg",,9788379992874 (9788379992874),9788379992874,/img/product_images_new/090/208090_01_obled_-_trauma_-_katharsis.300.jpg,"""Obłęd"" Policja znajduje w Sztokholmie zwłoki kilku chłopców. Noszą one ślady ciężkiego pobicia, są na nich dziwne znaki, jakby nakłuwano je igłami, a we krwi ofiar odkryto obecność środków odurzających. Do tego dwóm chłopcom sprawca obciął przed śmiercią genitalia, jednemu wydłubał oczy, obciął wargi i nos, a także powyrywał włosy z głowy. Śledztwo w sprawie zabójstw prowadzi komisarz policji, Jeanette Kihlberg. Ponieważ awansowała na to stanowisko niedawno, bardzo chce się wykazać. Jednak dochodzenie idzie jak po grudzie, bo sprawca nie zostawił żadnych śladów. Pani komisarz zdołała jedynie ustalić, że jeden z chłopców pochodził z Białorusi, a jeden z Afryki. Wiele wskazuje na to, że mogli paść ofiarą pedofila albo gangu przemycającego dzieci z Europy Wschodniej lub Afryki… Z Chin przybywa nielegalny imigrant. Ma kilkanaście lat i nazywa się Gao Lin. W Szwecji ma się skontaktować z kimś, kto się nim zaopiekuje. Jednak po drodze na umówione spotkanie poznaje kobietę, która prowadzi go do swojego mieszkania… ""Trauma"" Detektyw Jeanette Kihlberg musi przerwać śledztwo w sprawie zamordowanego chłopca imigranta, kiedy ginie wpływowy sztokholmski biznesmen. Zbrodnia ta nosi znamiona rytuału, a wiele wskazuje na to, że mógł to być również akt zemsty. Policja prosi o pomoc w przygotowaniu portretu psychologicznego sprawcy psycholog Sofię Zetterlund. Jeanette nie zaprzestaje pracy przy starym dochodzeniu i poszukiwań zaginionej Viktorii Bergmann. Ślady prowadzą do ekskluzywnej szkoły z internatem w Sigtunie, do Danii oraz wydarzeń z dalekiej przeszłości. ""Katharsis"" Trzeci tom bestsellerowej szwedzkiej trylogii Oblicza Victorii Bergman sprzedanej do 35 krajów! Wyróżniona m.in. nagrodą specjalną przez Szwedzką Akademię Twórców Literatury Kryminalnej! Poznaj najmroczniejsze zakamarki chorego ludzkiego umysłu!",
/pl/marysiu-_jak_myslisz-9788379433193,książka / book,Książki i czasopisma / Books and periodicals,Manuela Gretkowska,"Marysiu, jak myślisz...",,polski,ŚWIAT KSIĄŻKI,2013,Twarda,17.0x24.0,112,"0,45 kg",06.11.2013,9788379433193 (9788379433193),9788379433193,/img/product_images_new/382/150382_01_marysiu-_jak_myslisz.300.jpg,"To książka rodzinna, tak jak jest kino familijne. Młodsi wciągną się w przygody Marysi i jej braciszka Maksia wędrujących z mamą  przez czas. Dorosłych rozbawi  inne widzenie świata. Wszyscy będą mieli okazję zapoznać się z wiedzą filozoficzną starożytności i średniowiecza. Idee Platona zrozumieją nawet dzieci bawiące się w piasku.  Cynicy okażą się pierwszymi hippisami,  Marek Aureliusz postacią z ""Gladiatora"", natomiast Święta Hildegarda z Bingen gwiazdą rocka.  ""Jak myślisz Marysiu"" gwarantuje dobrą zabawę,",Dla dzieci i młodzieży
/pl/zbyt_wiele_i_nigdy_dosc_jak_moja_rodzina_stworzyla-9788326836169,książka / book,Książki i czasopisma / Books and periodicals,Mary L. Trump,Zbyt wiele i nigdy dość Jak moja rodzina stworzyła najniebezpieczniejszego człowieka na świecie,Too much and never enough,angielski,Agora,2021,Twarda,15.5x23.5,260,"0,528 kg",,9788326836169 (9788326836169),9788326836169,/img/product_images_new/179/544179_01_zbyt_wiele_i_nigdy_dosc_jak_moja_rodzina_stworzyla_najniebezpieczniejszego_czlowieka_na_swiecie.300.jpg,"„Mary L. Trump opisuje z perspektywy bliższej niż ktokolwiek przed nią, jak zrodził się człowiek bez serca, który wygrał wyścig do Białego Domu” - CNN Mary L. Trump swoje dzieciństwa spędziła w ogromnym domu dziadków w sercu nowojorskiej dzielnicy Queens. Tu dorastał też Donald Trump i jego bracia. Ich dojrzewanie - jak opisuje bratanica prezydenta i utytułowana psycholożka kliniczna - było ciągiem traum, niszczących relacji, oraz tragicznych doświadczeń odrzucenia oraz przemocy, do których dochodziło za zamkniętymi drzwiami rezydencji. Ponure wydarzenia w domu Trumpów Mary opisuje z zaskakującą dawką dowcipu i czarnego humoru. Jednocześnie z bezlitosną szczegółowością analizuje m.in. poturbowaną i bolesną relację Freda Trumpa z jego dwoma najstarszymi synami, Fredem Jr. oraz Donaldem, sposób, w jaki Donald budował pozycję w swoim klanie oraz to, w jak okrutny sposób ten ukochany syn i dziedzic odrzucił ojca, który zachorował na chorobę Alzheimera. Liczni eksperci, armia psychologów oraz dziennikarzy próbowała wyjaśnić niebezpieczne, ale też groteskowe zachowania Donalda Trumpa. To jednak Mary L. Trump ma kompetencję oraz unikalną wiedzę na temat własnej rodzinny, które są kluczem do stworzenia prawdziwie wielowymiarowego i mrocznego portretu najniebezpieczniejszego człowieka na ziemi.  Jako jedyna jest też w stanie opowiedzieć niezwykłą, przerażającą rodzinną sagę Trumpów. Nie tylko z powodu unikalnej wiedzy, ale także dlatego, że tylko jej Donald wyznał prawdę o jednej z najpotężniejszych, ale też najbardziej dysfunkcyjnych rodzin na świecie. „Ukazało się wiele książek na temat Donalda Trumpa, ale ta jest najważniejsza”. - Vanity Fair. „Łatwo zrozumieć, dlaczego prezydent Trump nie chciał, żeby ktokolwiek przeczytał tę książkę. Pokazuje ona bowiem, jak fałszywe są mity na jego temat, które sam stworzył i w które uwierzył”  - Los Angeles Times Informacja dotycząca wprowadzenia produktu do obrotu: Ten produkt został wprowadzony na rynek przed 13 grudnia 2024 r. zgodnie z obowiązującymi wówczas przepisami (Dyrektywą o ogólnym bezpieczeństwie produktów). W związku z tym może on być nadal sprzedawany bez konieczności dostosowania do nowych wymogów wynikających z Rozporządzenia o Ogólnym Bezpieczeństwie Produktów (GPSR). Produkt zachowuje pełną legalność w obrocie, a jego jakość i bezpieczeństwo pozostają zgodne z obowiązującymi wcześniej standardami. Information regarding product placement on the market: This product was placed on the market before December 13, 2024, in accordance with the applicable regulations at the time (the General Product Safety Directive). As a result, it can continue to be sold without needing to meet the new requirements introduced by the General Product Safety Regulation (GPSR). The product remains fully compliant with all previously valid legal standards, ensuring its continued quality and safety.",Biograficzna
/pl/agent-9788377999202,książka / book,Książki i czasopisma / Books and periodicals,Manuela Gretkowska,Agent,,polski,ŚWIAT KSIĄŻKI,2012,Twarda z obwolutą,13.5x22.0,224,"0,37 kg",09.05.2012,9788377999202 (9788377999202),9788377999202,/img/product_images_new/335/97335_01_agent.300.jpg,"Manuela Gretkowska w przebojowej formie! Od trzech lat, co roku wydaje znakomitą powieść. Do wnikliwej polsko-szwedzkiej „Miłości po polsku“ (2010) i polsko francuskim, obrazoburczym „Transie (2011) dorzuca brawurowego polsko-izraelskiego „Agenta“. Trzymająca w napięciu, doskonale, wręcz filmowo opowiedziana historia zaskakującego trójkąta miłosnego między Izraelem a Polską. Wciągająca, na przemian zabawna i wzruszająca fabuła z przejmującym finałem to jak zawsze u Gretkowskiej pretekst do mówienia o ważnych, niełatwych sprawach zamiatanych pod dywan poprawności. Szymon Golberg, ocalały z Holokaustu, ciągle atrakcyjny 60 –latek, biznesmen prowadzi podwójne życie. Kochającą go żonę Hannę zostawia coraz częściej w Tel Avivie żeby wyjechać służbowo do Polski. W Warszawie ulokował nie tylko firmę ale i nową miłość. Z młodą kochanką Dorotą ma syna. Szymon kocha obie kobiety i tak samo je oszukuje. Ale pewnego dnia, gdy żona postanawia odwiedzić go w Polsce,  sytuacja wymyka się spod kontroli. Jego życie zamienia się w karuzelę komiczno-dramatycznych wydarzeń. Gretkowska,  jak zwykle bezkompromisowo analizuje trudne relacje męsko-damskie. Odważnie punktuje absurdy polskiej rzeczywistości: hipokryzję, nacjonalizm, dwuznaczną rolę Kościoła, stereotypy polsko-żydowskie, uprzedzenia. Tworząc wielowymiarowe i sugestywne postacie nie pisze o narodach lecz o ludziach. Oni są najważniejsi: skomplikowani, wrażliwi, pogubieni. Każdy z nas  jest przecież inny: „Kiedy wychowa się wreszcie ludzi na ludzi, a nie na Żydów, Niemców, Palestyńczyków, Serbów, Polaków?“ – zadaje pytanie jeden z desperowanych bohaterów tej książki. „Agent“ to poruszająca powieść o sile uczuć, ukrytych pragnieniach, kłamstwie z miłości i jej braku, ze wszystkimi dramatycznymi konsekwencjami. „Wiem czego chcę, czego  nie chcę i ile jestem za to gotów zapłacić“ – powtarza swą życiową dewizę Szymon Golberg. Czyżby nie wiedział, że zapłacą za to także inni?",Społeczno-obyczajowa
/pl/filozofia_na_wynos-9788379821990,książka / book,Książki i czasopisma / Books and periodicals,Manuela Gretkowska,Filozofia na wynos,,polski,Narodowe Centrum Kultury,2016,Miękka,21.5x16.0,275,"0,615 kg",23.05.2016,9788379821990 (9788379821990),9788379821990,/img/product_images_new/326/268326_01_filozofia_na_wynos.300.jpg,"Czy znajomość historii filozofii może uratować młodego surfera z Kalifornii przed utonięciem? A może wystarczy przyjaźń z nastoletnią Marysią z Polski? Jak pracował Leonardo da Vinci? Jak zginął Giordano Bruno? Czy Kartezjusz lubił psy? Która królowa zamiast władzy wybrała filozofię? Co Schopenhauer myślał o Heglu? Najnowsza powieść Manueli Gretkowskiej pozwala młodemu czytelnikowi przeżyć fascynującą przygodę, pełną podróży w czasie i przestrzeni, a przy okazji poznać historię filozofii. Książkę, jak zawsze z przymrużeniem oka, komentarzami graficznymi opatrzył Henryk Sawka","Dla dzieci i młodzieży, Literatura dla młodzieży"
/pl/kosmitka-9788380316539,książka / book,Książki i czasopisma / Books and periodicals,Manuela Gretkowska,Kosmitka,,polski,ŚWIAT KSIĄŻKI,2016,Miękka ze skrzydełkami,14.0x21.5,224,"0,258 kg",26.10.2016,9788380316539 (9788380316539),9788380316539,/img/product_images_new/570/297570_01_kosmitka.300.jpg,"Punkt widzenia, jakiego jeszcze nie było w polskiej literaturze. Opowieść odkrywająca nieznane światy polityki, duchowości i rodzinnej codzienności. Paradoksy, komiczne sytuacje, łączenie wysokiej kultury z bieżączką. Wygląda na to, że nasza rzeczywistość wyrzuca w kosmos. Manuela Gretkowska - debiutowała w 1991 r. powieścią My zdies' emigranty. Wydała 20 książek przełożonych na kilkanaście języków, m.in.: Tarot paryski, Kabaret metafizyczny, Namiętnik, Polka, Europejka, Kobieta i mężczyźni, Obywatelka, Miłość po polsku, i Trans, Agent, Miłość klasy średniej (razem z Piotrem Pietuchą).",
/pl/na_dnie_nieba-9788324708338,książka / book,Książki i czasopisma / Books and periodicals,Manuela Gretkowska,Na dnie nieba,,polski,ŚWIAT KSIĄŻKI,2007,Miękka ze skrzydełkami,12.5x20.0,222,"0,22 kg",,9788324708338 (9788324708338),9788324708338,/img/product_images_new/607/162607_01_na_dnie_nieba.300.jpg,"""Może seks jest cierpieniem, którego większość z nas pragnie. Sadomasochistyczną grą wstępną do kultury Zachodu. Niechęć do mówienia o nim bierze się nie z zaciśniętego gardła, ale raczej mózgu. A jaka kopulacja, taka populacja - o czym można się przekonać, czytając choćby dane statystyczne o życiu i poglądach rodaków"".",
/pl/trans-9788377991589,książka / book,Książki i czasopisma / Books and periodicals,Manuela Gretkowska,Trans,,polski,ŚWIAT KSIĄŻKI,2011,Miękka ze skrzydełkami,12.5x20.0,288,"0,28 kg",07.11.2011,9788377991589 (9788377991589),9788377991589,/img/product_images_new/024/97024_01_trans.300.jpg,"Powszechna historia kobiety i mężczyzny, czyli opowieść o tym, jak wielka miłość zamienia się w dramat. Wnikliwe i bezkompromisowe studium toksycznego uzależnienia.",Społeczno-obyczajowa
/pl/europejka-9788389291929,książka / book,Książki i czasopisma / Books and periodicals,Manuela Gretkowska,Europejka,,polski,W.A.B.,2009,Twarda,12.0x19.0,354,"0,45 kg",,9788389291929 (9788389291929),9788389291929,/img/product_images_new/081/104081_01_europejka.300.jpg,"Najnowsza książka Manueli Gretkowskiej to dziennik powrotu z Europy do Polski, która staje się właśnie Europą. Paradoksy polskiej codzienności opisuje pisarka uchodząca za narodową skandalistkę, a prowadząca przykładne rodzinne życie na wsi. Europejka to również książka o młodych Polkach usiłujących zrozumieć mężczyzn, świat, a przede wszystkim same siebie. Pełna ironii i gorzkiej czasem refleksji, ale również dowcipna, jest lekturą dla każdego, kto pragnie intelektualnej przygody.",
/pl/pod_prad_rozmawia_magdalena_lyczko-9788379454563,książka / book,Książki i czasopisma / Books and periodicals,Robert Biedroń,Pod prąd Rozmawia Magdalena Łyczko,,polski,Edipresse Polska,2016,Twarda,15.0x21.0,256,"0,445 kg",,9788379454563 (9788379454563),9788379454563,/img/product_images_new/625/291625_01_pod_prad.300.jpg,"Jestem chłopakiem z Krosna, któremu często idąc pod prąd udaje się spełniać swoje marzenia. Liderem, który umie prowadzić dialog i pociągać za sobą ludzi. Synem, bratem, kolegą i w końcu też partnerem Krzyśka. Człowiekiem kochającym i szanującym naturę, z empatią patrzącym na los zwierząt. Politykiem, który kocha Polskę, stawia na zrównoważony rozwój, nowoczesne, uczciwe państwo dające równe szanse każdemu, wspierające edukację i kulturę, zapewniające bezpieczeństwo i rozwój. Ale przede wszystkim jestem i zawsze będę sobą, Robertem Biedroniem.","Historia Europy, Historia Polski, Historia Polski 1990-, Polityka, Biografie, Pamiętniki. Wspomnienia"
/pl/sexy_mama_bo_jestes_kobieta-9788393150502,książka / book,Książki i czasopisma / Books and periodicals,Katarzyna Cichopek,Sexy Mama Bo jesteś kobietą,,polski,Rodzinne,2010,Miękka ze skrzydełkami,16.0x21.0,232,"0,57 kg",,9788393150502 (9788393150502),9788393150502,/img/product_images_new/233/109233_01_sexy_mama_bo_jestes_kobieta.300.jpg,"„Ależ ona przytyła!”, „Co się stało, że tak schudła?”, „Wygląda kwitnąco!”, „Chyba cierpi na depresję” – mój wygląd to ulubiony temat w kolorowej prasie. Zwłaszcza od kiedy zaszłam w ciążę i urodziłam dziecko. Zdjęcia z tamtego okresu bez litości pokazują, że – jak każda młoda mama – musiałam zmagać się z dodatkowymi kilogramami i wahaniem nastroju. Nie będę oszukiwać – martwiłam się, że już nigdy nie odzyskam dawnej formy. Ale to już przeszłość. Dzisiaj czuję się i wyglądam nawet lepiej niż przed ciążą. Skoro mnie się to udało, dlaczego tobie miałoby nie wyjść? Nie ma znaczenia, czy urodziłaś dziecko dwa tygodnie, dwa miesiące, czy dwa lata temu. A może dopiero planujesz zostać mamą... O swojej kondycji i zdrowiu warto myśleć w każdym momencie życia. (…) Pomogę ci w tym. W książce, którą masz przed sobą, zdradzam moje ulubione ćwiczenia i przepisy na pyszne, nietuczące dania. Ale nie tylko – w kolejnych rozdziałach piszę także o tym, co zrobić, aby czuć się pewnie w nowej roli i jak z wypełnionego po brzegi dnia młodej mamy wyłuskać chwile tylko dla siebie. (fragment wstępu)","Poradniki, Zdrowie i uroda"
/pl/jak_przyciagnac_doskonalych_klientow_sztuka_tworze-9788362195145,książka / book,Książki i czasopisma / Books and periodicals,"Stacey Hall , Jan Brogniez",Jak przyciągnąć doskonałych klientów Sztuka tworzenia idealnego partnerstwa w biznesie,,polski,MT Biznes,2010,Miękka,13.5x21.0,224,"0,27 kg",,9788362195145 (9788362195145),9788362195145,/img/product_images_new/917/48917_01_jak_przyciagnac_doskonalych_klientow.300.jpg,"Stacey Hall i Jan Brogniez obalają staroświeckie przekonanie, że „biznes to wojna”, a zdobywanie udziałów na rynku oznacza „pobicie” kogoś innego. Szczegółowo przedstawiają prosty system uatrakcyjnienia twojej firmy tak bardzo, że doskonali klienci i interesanci są do ciebie naturalnie przyciągani. Zbyt piękne, aby było prawdziwe? Hall i Brogniez z powodzeniem zapoznają ze swoją teorią klientów już od wielu lat, a teraz dzielą się wiedzą, jak ich Plan strategicznego przyciągania może łatwo i szybko przyciągnąć tych klientów, którzy idealnie pasują do twojej firmy! To niewiarygodnie odkrywcza książka ze zdumiewająco praktycznym zastosowaniem. Moc przyciągania w biznesie jest potężną koncepcją dla każdego, aby rozwijać się szybciej i z większą przewidywalnością. Super! - Brian Tracy, autor książek Psychologia sprzedaży oraz Maksimum osiągnięć",
/pl/czemu_jeszcze_na_to_nie_wpadles_idealne_dostrojeni-9788377461198,książka / book,Książki i czasopisma / Books and periodicals,"Craig Stull , Phil Myers , David Meerman Scott",Czemu jeszcze na to nie wpadłeś? Idealne dostrojenie do potrzeb klientów,TUNED IN UNCOVER THE EXTRAORDINARY OPPORTUNITIES THAT LEAD TO BUSINESS BREAKTHROUGHS,angielski,MT Biznes,2011,Miękka,13.5x21.5,230,"0,25 kg",,9788377461198 (9788377461198),9788377461198,/img/product_images_new/374/94374_01_czemu_jeszcze_na_to_nie_wpadles.300.jpg,"Czy wywołujesz rezonans na swoim rynku? Jeśli chodzi o stworzenie i wprowadzenie na rynek nowej oferty, firmy ""niedostrojone"" popełniają błędy. Ignorują sygnały wskazujące, jakie problemy chcieliby rozwiązać nabywcy i za jakie rozwiązania chcieliby zapłacić. Natomiast dostrojone organizacje reprezentują diametralnie różne podejście. Obejmują rynek szerszym spojrzeniem i zwracają baczną uwagę na to, co ich nabywcy cenią najbardziej, tworząc przełomowe oferty nazywane Rezonatorami. Rezonatory oferują wartość, która jest natychmiast dostrzegana. Dlatego zachowują się tak, jakby same się sprzedawały. Książka ""Czemu jeszcze na to nie wpadłeś"" pokazuje sześć prostych, ale brzemiennych w skutki, kroków w tworzeniu produktów, usług lub idei, które od samego początku wywołują rezonans.",
/pl/drugie_zycie_bree_tanner-9788324589814,książka / book,Książki i czasopisma / Books and periodicals,Stephenie Meyer,Drugie życie Bree Tanner,The Second Life of Bree Tanner,angielski,Dolnośląskie,2010,Twarda,13.0x21.0,200,"0,28 kg",,9788324589814 (9788324589814),9788324589814,/img/product_images_new/178/31178_01_drugie_zycie_bree_tanner.300.jpg,"Powieść na motywach trzeciej części sagi Zmierzch – „Zaćmienia”. Opisuje losy Bree Tanner, postaci z „Zaćmienia”, która staje się wampirem. Akcja książki rozgrywa się w świecie wampirów, tak mrocznym i złowrogim, jak nigdy dotąd. „Drugie życie Bree Tanner” to połączenie tajemnicy, suspensu i romantycznej intrygi. Ekranizacja „Zaćmienia” wchodzi do kin 30 czerwca 2010. Bree jest w niej grana przez debiutantkę Jodelle Ferland. „Właściwie sama jestem zaskoczona, bo nie planowałam wydania tej opowieści oddzielnie. Zaczęłam ją pisać dawno temu, jeszcze zanim “Zmierzch” wszedł na ekrany kin. Po prostu dopracowywałam szczegóły „Zaćmienia” i całej tkanki mojego wampirzego świata. Dużo myślałam nad istotą nowonarodzonych, wyobrażałam sobie, jak wyglądałaby ich wersja wydarzeń. W końcu zaczęłam opisywać sprawy z punktu widzenia Bree. Ciekawiło mnie, jak to jest być nowonarodzonym (…)” Stephenie Meyer","Dla dzieci i młodzieży, Literatura dla młodzieży, Horror, literatura grozy"
/pl/harry_potter_i_insygnia_smierci-9788372782809,książka / book,Książki i czasopisma / Books and periodicals,J.K. Rowling,Harry Potter i Insygnia Śmierci,Harry Potter and the Deathly Hollows,angielski,Media Rodzina,2019,Miękka,14.0x21.0,784,"0,876 kg",,9788372782809 (9788372782809),9788372782809,/img/product_images_new/872/59872_01_harry_potter_i_insygnia_smierci.300.jpg,"Po śmierci Dumbledore`a Zakon Feniksa wzmaga swoją działalność, próbując przeciwstawić się coraz potężniejszym siłom śmierciożerców. Harry wraz z przyjaciółmi opuszcza Hogwart, by odnaleźć sposób na pokonanie Voldemorta. Wyprawa ta pełna niepewności i zwątpienia najeżona jest niebezpieczeństwami, a co gorsza nikt nie wie, czy zakończy się sukcesem i czy wszyscy dotrwają do jej końca. Dlaczego Dumbledore nie pozostawił Harry`emu czytelnych wskazówek? Czy przeszłość nieżyjącego dyrektora kryje jakieś niezwykłe tajemnice? Jaką rolę odegra Snape przy boku Voldemorta? Czy Harry`emu uda się dotrzeć do najważniejszych miejsc i faktów dotyczących jego rodziny? Siódmy tom przygód Harry`ego Pottera jest już ostatnią częścią cyklu i - jak spodziewają się czytelnicy - przynosi odpowiedzi na wszystkie istotne dla potteromaniaków pytania.","Dla dzieci i młodzieży, Literatura dla młodzieży, Dla dzieci i młodzieży"
/pl/moja_noc_jest_twoim_dniem-9788324133697,książka / book,Książki i czasopisma / Books and periodicals,Melanie Rose,Moja noc jest twoim dniem,,polski,AMBER,2009,Kartonowa Foliowana,20.5x14.5,304,"0,26 kg",,9788324133697 (9788324133697),9788324133697,/img/product_images_new/109/29109_01_moja_noc_jest_twoim_dniem.300.jpg,"Czy można być dwiema kobietami jednocześnie - jedną na jawie, drugą we śnie? Czy spełnienie marzeń zawsze trzeba okupić najwyższą ceną? Pewnego pięknego popołudnia Jessica na spacerze w parku spotyka mężczyznę z marzeń. Niespodziewanie nadchodzi burza i piorun razi Jessicę. Dziewczyna budzi się w szpitalu – ale jako Lauren, ukochana żona i matka czworga dzieci. W nocy budzi się znowu jako Jessica, dziewczyna bez zobowiązań – zakochana w mężczyźnie, który uratował jej życie w parku. Jessica chce za wszelką cenę wrócić do swojego życia. Przerażają ją mroczne sekrety luksusowej kobiety, którą teraz jest. Ale droga do zwyczajnego szczęścia okaże się usłana tragediami. Ta niezwykła, pełna ciepła, śmiechu i łez powieść Melanie Rose miała też niezwykłą historię. Opublikowana na własny koszt przez autorkę, została wybrana przez słuchaczy BBC Radio 4 jedną z najlepszych książek roku i kupiona przez brytyjskiego wydawcę Cecelii Ahern.","Społeczno-obyczajowa, Literatura kobieca, Powieść zagraniczna"
/pl/wspomnienia_niebieskiego_mundurka_lektura_z_opraco-9788375171044,książka / book,Książki i czasopisma / Books and periodicals,Wiktor Gomulicki,Wspomnienia niebieskiego mundurka Lektura z opracowaniem,,polski,GREG,2020,Miękka,14.5x20.5,190,"0,22 kg",,9788375171044 (9788375171044),9788375171044,/img/product_images_new/986/76986_01_wspomnienia_niebieskiego_mundurka.300.jpg,"Gęsie pióra do pisania, mundurki szkolne, nauka kaligrafii... - tak wyglądała szkoła przed stu laty. Ale czytając te przepiękne wspomnienia, można się przekonać, że problemy, radości, marzenia i plany uczniów z tamtych czasów niewiele się różniły od dzisiejszych, a bohaterowie tej książeczki są bardzo podobni do obecnych szkolnych kolegów...","Dla dzieci i młodzieży, Dzieci od 7 do 13, Dla dzieci i młodzieży, Literatura dla dzieci polska, Literatura dla dzieci polska (7-13 lat)"
/pl/feblik-9788362199754,książka / book,Książki i czasopisma / Books and periodicals,Małgorzata Musierowicz,Feblik,,polski,Akapit Press,2019,Miękka,14.5x21.0,264,"0,29 kg",,9788362199754 (9788362199754),9788362199754,/img/product_images_new/000/214000_01_feblik.300.jpg,"Feblik – najnowsza książka Małgorzaty Musierowicz – to ciąg dalszy bestsellerowej Wnuczki do orzechów. Akcja przebiega w czasie tych samych kilku upalnych dni sierpniowych, a dotyczy przełomu w życiu  Ignacego Grzegorza. Humor, dobra energia, radość życia i ciepło – znajome postacie i  zaskakujące wydarzenia! – jednym słowem: Jeżycjada! – Tom 21!","Dla dzieci i młodzieży, Literatura dla młodzieży, Literatura dla młodzieży polska, Literatura dla dziewcząt polska"
/pl/inwazja-9788328044234,książka / book,Książki i czasopisma / Books and periodicals,Wojtek Miłoszewski,Inwazja,,polski,W.A.B.,2017,Miękka ze skrzydełkami,14.0x20.5,512,"0,465 kg",07.06.2017,9788328044234 (9788328044234),9788328044234,/img/product_images_new/527/323527_01_inwazja.300.jpg,"Literacka fantazja czy niepokojąca wizja przyszłości? Sensacyjny debiut powieściowy Wojtka Miłoszewskiego! Współczesna Polska, w której żyją: Roman, były żołnierz wojsk specjalnych i uczestnik wielu zagranicznych misji, Danuta – kobieta kochająca luksus, ciężko pracująca i całkowicie uzależniona od ojca tyrana oraz Michał, bezrobotny historyk z żoną i dwójką dzieci. Tych bohaterów nic nie łączy do momentu, kiedy ich życie nie ulega drastycznej zmianie – kraj, w którym żyją, znajdzie się w stanie wojny. Jak doszło do inwazji? Dlaczego Putin zaatakował Polskę? Gdzie są nasi sojusznicy? Tych odpowiedzi udziela Wojtek Miłoszewski w swojej debiutanckiej powieści. Autor, wykorzystując swoje doświadczenie scenarzysty, znakomicie łączy elementy sensacyjne, militarne, romansowe i futurologiczne. Inwazja niepokoi, czasem zmusza do śmiechu przez łzy, budzi lęk i bez wątpienia zachęca do myślenia. Doskonałe dialogi i wartka akcja sprawiają, że Wojtek Miłoszewski to nowa gwiazda literatury sensacyjnej! Już teraz wiemy, że Inwazja to dopiero początek i że ciąg dalszy nastąpi…",Kryminały
/pl/apteka_w_getcie_krakowskim-9788308040713,książka / book,Książki i czasopisma / Books and periodicals,Tadeusz Pankiewicz,Apteka w getcie krakowskim,,polski,Literackie,2018,Miękka,12.3x19.6,278,"0,365 kg",,9788308040713 (9788308040713),9788308040713,/img/product_images_new/672/16672_01_apteka_w_getcie_krakowskim.300.jpg,"Wspomnienia Tadeusza Pankiewicza są jednym z najważniejszych świadectw dziejów Żydów krakowskich, a zwłaszcza ich tragicznego końca. Tadeusz Pankiewicz żył w latach 1908 - 1993. W czasie okupacji hitlerowskiej uczynił ze swojej apteki na terenie getta krakowskiego azyl - pod względem symbolicznym i praktycznym. W niej spotykali się oprawcy i ofiary. Dzięki zbiegowi okoliczności Pankiewicz mógł stać się bacznym obserwatorem wydarzeń w getcie. Polsłowie Brzoza Czesław.",Biografie
/pl/sceny_z_zycia_pozamalzenskiego-9788389291219,książka / book,Książki i czasopisma / Books and periodicals,Manuela Gretkowska,Sceny z życia pozamałżeńskiego,,polski,W.A.B.,2003,Miękka,12.0x19.0,398,"0,355 kg",,9788389291219 (9788389291219),9788389291219,/img/product_images_new/070/104070_01_sceny_z_zycia_pozamalzenskiego.300.jpg,"Dwie historie miłości, namiętności i obsesji: w buddyjskim klasztorze na południu Francji i na warszawskim Ursynowie. W pierwszej flirt szybko zamienia się w perwersyjną namiętność, w drugiej romans to obsesyjna gra, w której liczy się tylko ""tu i teraz"". Ucieczka od codzienności staje się dla bohaterów zaskakującą podróżą w głąb siebie. Miłość okazuje się życiową próbą: to, kogo i jak kochamy, pokazuje, kim jesteśmy.",
/pl/pamiec_doskonala-9788376595399,książka / book,Książki i czasopisma / Books and periodicals,Scott Bakker,Pamięć doskonała,,polski,ALBATROS,2012,Miękka,14.5x20.5,344,"0,43 kg",,9788376595399 (9788376595399),9788376595399,/img/product_images_new/965/89965_01_pamiec_doskonala.300.jpg,"Disciple Manning obdarzony jest pamięcią absolutną. Zapamiętuje najdrobniejszy szczegół: każdą chwilę swojego życia, każdą kobietę, z którą spał, wszystko co usłyszy i zobaczy. To jego przekleństwo, ale też i dar ogromnie przydatny w pracy prywatnego detektywa. Do Manninga zgłasza się zamożne białe małżeństwo z New Jersey, Jonathan i Amanda Bonjour: zaginęła ich córka, 21-letnia Jennifer. Jakiś czas temu zrezygnowała ze studiów, opuściła dom rodzinny, by zamieszkać z sektą o nazwie Dzieci Słońca na przedmieściach prowincjonalnego miasteczka Ruddick w Pensylwanii. Przywódcą tej społeczności jest Xenophon Baars, były profesor filozofii na Uniwersytecie Kalifornijskim, wyznawca teorii, że właśnie nadchodzi koniec świata. Czy ma coś wspólnego z zaginięciem dziewczyny? To nie jedyna tajemnica, z jaką musi zmierzyć się detektyw. Podupadające Ruddick okazuje się siedzibą Kościoła Trzeciego Zmartwychwstania, neonazistowskiej organizacji wierzącej w supremację białej rasy. Jaki jest jej związek ze zniknięciem Jennifer i znalezionymi przez policję odciętymi palcami?",Sensacyjne i thrillery
/pl/dom_przy_ulicy_am%C3%A9lie-9788381390897,książka / book,Książki i czasopisma / Books and periodicals,Kristin Harmel,Dom przy ulicy Amélie,,polski,Świat Książki,2020,Miękka ze skrzydełkami,13.5x21.5,392,"0,425 kg",15.05.2019,,9788381390897,/img/product_images_new/909/460909_01_dom_przy_ulicy_amlie.300.jpg,"""Emocjonalny, rozdzierający serca, inspirujący hołd  dla siły ludzkiego ducha i niewyczerpanej mocy miłości, przywołujący na myśl powieść Słowik Kristin Hannah."" MARIAH STEWART, autorka bestsellerów New York Times’a Drobne akty odwagi zmieniają świat… Gdy Ruby Henderson Benoit przybywa w 1939 roku do Paryża ze swoim świeżo poślubionym mężem Marcelem, wyobraża sobie, jak spacerują pod rękę rozległymi bulwarami, skąpanymi w złotym świetle popołudnia. Lecz wojna wisi w powietrzu. Naziści wchodzą do Francji, a jej małżeństwo zaczyna się rozpadać. Żydówka Charlotte Dacher ma jedenaście lat, gdy Niemcy wkraczają do paryskiej stolicy. Flagi ze swastykami złowrogo łopoczą na wietrze. Jej prawa zostają ograniczone i ma nosić żółtą gwiazdę. Charlotte uważa, że gorzej być nie może. Lecz wówczas zaczynają się masowe deportacje. Jej dotychczasowe życie legnie w gruzach. Thomas Clarke wstępuje w szeregi RAF, aby chronić swój kraj. Blitzkrieg wytraca moc, lecz podczas bombardowania ginie jego ukochana matka. Thomas traci wiarę w sens swoich działań. W końcu w cieniu paryskiej wieży Eiffla niespodziewanie odkrywa nowy powód, by walczyć dalej – oraz wracać do domu. Kiedy ich losy splatają się, Ruby, Charlotte i Thomas muszą wykazać się odwagą, przeciwstawić się nazistom – i ponownie otworzyć zbolałe serca na uczucia. Walczą, aby przeżyć.",
/pl/podroz_do_miasta_swiatel_rose_de_vallenord-9788310123299,książka / book,Książki i czasopisma / Books and periodicals,Małgorzata Gutowska-Adamczyk,Podróż do miasta świateł Rose de Vallenord,,polski,Nasza Księgarnia (WNK),2013,Miękka ze skrzydełkami,13.3x20.0,480,"0,43 kg",23.10.2013,9788310123299 (9788310123299),9788310123299,/img/product_images_new/677/146677_01_podroz_do_miasta_swiatel.300.jpg,"Rose i Nina, mimo że żyją w zupełnie innych czasach, mają bardzo podobne doświadczenia. Obie wyruszają w podróż do miasta świateł ze złamanym sercem. Obie, wbrew faktom, żywią nadzieję, że pobyt w Paryżu przyniesie ukojenie. Czy te oczekiwania się spełnią? Podążająca śladem Róży Nina pragnie wyjaśnić zagadkę serii kradzieży obrazów słynnej malarki. Na jej drodze pojawi się fascynujący i tajemniczy kolekcjoner sztuki z Argentyny. Razem spróbują się dowiedzieć, kto i dlaczego kradnie dzieła Rose de Vallenord. Tylko czy na pewno Nina może mu zaufać? Małgorzata Gutowska-Adamczyk znów zabiera czytelników w fascynującą podróż do dziewiętnastowiecznej i współczesnej Francji, snując opowieść o dwóch wyjątkowych kobietach. Równie ważnym bohaterem książki czyni Paryż – niezwykłe miasto, w którym zarówno cierpienie, jak i szczęście odczuwa się ze zdwojoną intensywnością. Po bestsellerowej ""Cukierni Pod Amorem"" zapraszamy na kolejną wyśmienitą ucztę literacką, która urzeka opowieścią o czasach minionych, pełnych nostalgicznego piękna. Jeśli marzy ci się prawdziwa uczta literacka połączona z podróżą do pięknego Paryża, sięgnij po powieść Małgorzaty Gutowskiej-Adamczyk. Jej bohaterki to kobiety wyjątkowe, intrygujące i wyraziste. Do tego świat francuskiej arystokracji i paryski szyk – ja nie mogłam się oderwać.- Beata Tyszkiewicz Odmalowanie realiów odległej epoki w sposób wiarygodny jest niełatwym zadaniem, a w tym przypadku udało się to wyśmienicie. Paryż Gutowskiej-Adamczyk pozwala przenieść się do innej rzeczywistości, a to najlepsze lekarstwo na kryzys. - Agnieszka Kantaruk, miesięcznik ""Modny Kraków""","Romanse, Społeczno-obyczajowa"
/pl/podroz_do_miasta_swiatel_roza_z_wolskich-9788310121769,książka / book,Książki i czasopisma / Books and periodicals,Małgorzata Gutowska-Adamczyk,Podróż do miasta świateł Róża z Wolskich,,polski,Nasza Księgarnia (WNK),2012,Miękka ze skrzydełkami,13.5x20.5,480,"0,43 kg",17.10.2012,9788310121769 (9788310121769),9788310121769,/img/product_images_new/971/17971_01_podroz_do_miasta_swiatel_roza_z_wolskich.300.jpg,"Iga Toroszyn, współwłaścicielka cukierni Pod Amorem, ma powody do niepokoju. Z muzeów na całym świecie w tajemniczych okolicznościach giną obrazy Rose de Vallenord. Trzeba więc zabezpieczyć przed kradzieżą należący do rodziny portret Tomasza Zajezierskiego. Tylko czy to na pewno dzieło słynnej rudowłosej malarki, która przed laty uwiodła młodego hrabiego? Odpowiedzi na to pytanie poszuka Nina, historyczka sztuki z Warszawy. W tym celu wyruszy do Paryża, tak jak ponad sto lat wcześniej Róża z Wolskich. Małgorzata Gutowska-Adamczyk zabiera czytelników w niezapomnianą podróż do dziewiętnastowiecznej Francji, snując opowieść o niezwykłej kobiecie: malarce, emancypantce, skandalistce. O jej pasji, pragnieniach, romansach. Równie ważnym bohaterem książki czyni Paryż – miasto magiczne, w którym spełniają się marzenia. Po bestsellerowej „Cukierni Pod Amorem” zapraszamy na kolejną wyśmienitą ucztę literacką, która urzeka opowieścią o czasach minionych, pełnych nostalgicznego piękna. Nieważne, czy Małgorzata Gutowska-Adamczyk pisze o dziewiętnastowiecznym Paryżu, czy fikcyjnym Gutowie – czytelnik zawsze czuje się tak, jakby w tych miejscach po prostu był. A Róża z Wolskich okazuje się jeszcze bardziej frapującą i wielowymiarową postacią, niż zapowiadało się to w „Cukierni Pod Amorem”. Agnieszka Sikorska-Celejewska, pisarka, dziennikarka Autorka tworzy ulotny portret miasta, którego w takim kształcie nie mamy już szansy odwiedzić. Powieściowy Paryż z czasów belle époque fascynuje i urzeka, a barwni bohaterowie, służący nam za przewodników, czynią tę niezwykłą podróż w czasie i przestrzeni jeszcze bardziej wyjątkową. Danuta Stenka, aktorka",Społeczno-obyczajowa
/pl/cien_tajnych_sluzb-9788375956405,książka / book,Książki i czasopisma / Books and periodicals,Dorota Kania,Cień tajnych służb,,polski,M,2013,Miękka,14.0x20.0,212,"0,26 kg",27.05.2013,9788375956405 (9788375956405),9788375956405,/img/product_images_new/825/138825_01_cien_tajnych_sluzb.300.jpg,"Dorota Kania, znana dziennikarka śledcza ujawnia nieznane kulisy zbrodni i niewyjaśnionych samobójstw, wśród tematów poruszonych w książce znajdują tak głośne zabójstwa i samobójstwa jak: Alicji i Piotra Jaroszewiczów; Marka Papały; Ireneusza Sekuły;  Jacka Dębskiego; Jeremiasza Barańskiego; Marka Karpia; Krzysztofa Olewnika; Andrzeja Leppera; Sławomira Petelickiego.",Literatura faktu
/pl/ryga_i_lotwa_pascal_lajt-9788381034173,książka / book,Książki i czasopisma / Books and periodicals,Opracowanie Zbiorowe,Ryga i Łotwa PASCAL LAJT,,polski,Pascal,2019,Miękka ze skrzydełkami,11.5x19.0,156,"0,218 kg",20.03.2019,9788381034173 (9788381034173),9788381034173,/img/product_images_new/290/455290_01_ryga_i_lotwa_pascal_lajt.300.jpg,"Ryga – secesja, muzyka i koty Spływy kajakowe Gaują Sauna i piwne spa Gdzie rośnie las po sam horyzont? Ile kosztował słynny obraz Marka Rothko? Czym jeździli Stalin, Chruszczow i Breżniew? Czarny balsam ryski – sposób na przeziębienie? Ryga i Łotwa, czyli nowe spojrzenie na nadbałtycki kraj i jego stolicę. Podczas podróży z Pascalem odkryjesz, że złoto może być zielone! Starówka Rygi to: mieszczańskie kamienice, gmachy kupieckich gildii, pozostałości murów obronnych i wąskie brukowane uliczki. Charakterystycznym elementem miasta jest architektura secesyjna z końca XIX w. – doliczono się łącznie ponad 800 budynków, stanowiących blisko 1/3 zabudowy centralnych dzielnic stolicy. Kamienice reprezentujące ten styl znajdują się głównie w okolicach Elizabetes oraz Alberta iela, w dzielnicy przylegającej do ryskiej starówki.","Przewodniki turystyczne, Nauki Przyrodnicze, Geografia, Geografia gospodarcza, polityczna, osadnictwa, ludności, Europa, Europa Środkowa i Wschodnia"
/pl/nie_zabijaj-9788324067046,książka / book,Książki i czasopisma / Books and periodicals,Agnieszka Płoszaj,Nie zabijaj,,polski,Znak,2023,Miękka ze skrzydełkami,14.0x20.5,352,"0,335 kg",11.10.2023,9788324067046 (9788324067046),9788324067046,/img/product_images_new/114/808114_01_nie_zabijaj.300.jpg,"ON ZABIJA W IMIĘ SPRAWIEDLIWOŚCI. ONA ZROBI WSZYSTKO, ABY GO POWSTRZYMAĆ. Influencer zamordowany na planie zdjęciowym. Telewizyjna wróż¬biarka przybita do stołu. Modelka, która zachłysnęła się sławą. Każde z nich szukało szczęścia w mieście grzechu. Wszyscy po¬pełnili ten sam niewybaczalny błąd. Zoja Sterlak i Mariusz Kardas stają przed najtrudniejszą sprawą w swojej karierze. Żądza wymierzenia kary, która ich zdaniem kie¬ruje mordercą, prowadzi do grupy fanatyków religijnych. Słynąca z intuicji i nieszablonowych działań policjantka czuje jednak, że za serią zabójstw kryje się coś więcej. Czy to możliwe, że cały ten brutalny spektakl to artystyczna wizja psychopatycznego mordercy? I czy Zoja zdąży go zatrzymać, zanim dokończy dzieło? Niesamowity kryminał! Chylę czoła. Wciąga jak diabli, będziecie zachwyceni. PRZEMYSŁAW PIOTROWSKI Agnieszka Płoszaj - autorka powieści kryminalno-obyczajowych („Czarodziejka”, „Ogrodnik”, „Bigamista”, „Bez wyboru”). Doskonale rozumie, czym jest dobry kryminał, a zwłaszcza jego społeczny kontekst. W swoich powieściach zręcznie splata intrygę z wątkami historycznymi. Prywatnie jest mamą Nataszy i Poli. Kocha malarstwo, absurdalny humor Monty Pythona i dobry film. W życiu kieruje się zasadą, że jak czegoś nie wolno, to trzeba szybko i skutecznie. I zazwyczaj z uśmiechem.","Powieść polska, Kryminały"
/pl/zony_konstancina-9788382951677,książka / book,Książki i czasopisma / Books and periodicals,Ewelina Ślotała,Żony Konstancina,,polski,Prószyński Media,2022,Miękka,14.0x20.5,256,"0,268 kg",27.09.2022,9788382951677 (9788382951677),9788382951677,/img/product_images_new/078/702078_01_zony_konstancina.300.jpg,"Wyobraź sobie, że jesteś mną. Właśnie szofer odwiózł cię do domu, a konkretnie do 800-metrowej willi wartej 20 milionów złotych. Z bagażnika wyjmuje torby z zakupami. W godzinę wydałaś 100 tysięcy na rzeczy, których nie potrzebujesz i w których przez najbliższe dni będzie cię widywała tylko służba. Twoja czarna karta nie ma limitu, a prezenty od męża nigdy się nie kończą. Jesteś kimś, należysz do najbardziej elitarnej i hermetycznej grupy ludzi, wzbudzasz zachwyt i podziw. Masz wszystko do momentu, aż lukier z tortu spłynie na marmurową posadzkę. Tę samą, na której od wielu godzin leżysz – samotna, nieszczęśliwa, poniżona. Twoje usta zamiast słodką polewą umazane są krwią. A ty wierzysz, że na to zasłużyłaś, wierzysz, że jesteś nic nie warta. I że jutro będzie lepiej. Bo jesteś mną, żoną Konstancina. Ewelina Ślotała odczarowuje mit życia ludzi z pierwszych stron gazet i list najbogatszych Polaków. Szczerze i bezlitośnie obnaża mechanizmy członków tej hermetycznej grupy, w której blichtr, gigantyczne pieniądze i pozycja kamuflują codzienność pełną uzależnień, przemocy, zdrad i ludzkich tragedii. I co? Nadal chcesz być mną? Ewelina Ślotała: mama ukochanego syna, prawniczka, która odnalazła życiową pasję w projektowaniu wnętrz. Sól w oku konstancińskich elit. Osobiste doświadczenia skłoniły ją do wsparcia ofiar przemocy domowej, której kiedyś sama doświadczyła",Romanse
/pl/jarzmo_przeszlosci_o_polce-_zonie_muzulmanina-_kto-9788378239826,książka / book,Książki i czasopisma / Books and periodicals,Nadia Hamid,"Jarzmo przeszłości o Polce, żonie muzułmanina, która uciekła z islamskiego ""raju""",,polski,Bernardinum,2021,Miękka,12.4x19.0,164,"0,172 kg",,9788378239826 (9788378239826),9788378239826,/img/product_images_new/097/350097_01_jarzmo_przeszlosci_o_polce_zonie_muzulmanina_ktora_uciekla_z_islamskiego_raju.300.jpg,"Nadia zakochuje się w Libijczyku, wychodzi za mąż i wyjeżdża do Afryki. Radykalnie odmienne obyczaje, prawo szariatu, dyskryminacja kobiet zmieniają życie małżonków w koszmar. Nadii wraz z dziećmi udaje się uciec od męża i wrócić do Polski. Tak kończy się „Gorzka pomarańcza”, która podbiła serca czytelników. Odzyskanie wolności okazało się jednak tylko pozornym happy endem. Druga część tej historii to zderzenie bohaterki z brutalną rzeczywistością. Konsekwencje swoich decyzji, włączając w to rozwód, do którego doszło po kilku latach pobytu w Polsce, ponosi do dziś. Książka ta jest oparta na autentycznych wydarzeniach. Świadczy o tym, jak jeden zły wybór dokonany w młodości może zaważyć na całym późniejszym życiu – również najbliższych osób. Niech będzie przestrogą dla wszystkich kobiet, które decydują się na związek z człowiekiem odmiennej kultury, wyznania, mentalności, bo to wiąże się także z innym postrzeganiem i rozumieniem spraw dotyczących małżeństwa oraz rodziny. Informacja dotycząca wprowadzenia produktu do obrotu: Ten produkt został wprowadzony na rynek przed 13 grudnia 2024 r. zgodnie z obowiązującymi wówczas przepisami (Dyrektywą o ogólnym bezpieczeństwie produktów). W związku z tym może on być nadal sprzedawany bez konieczności dostosowania do nowych wymogów wynikających z Rozporządzenia o Ogólnym Bezpieczeństwie Produktów (GPSR). Produkt zachowuje pełną legalność w obrocie, a jego jakość i bezpieczeństwo pozostają zgodne z obowiązującymi wcześniej standardami. Information regarding product placement on the market: This product was placed on the market before December 13, 2024, in accordance with the applicable regulations at the time (the General Product Safety Directive). As a result, it can continue to be sold without needing to meet the new requirements introduced by the General Product Safety Regulation (GPSR). The product remains fully compliant with all previously valid legal standards, ensuring its continued quality and safety.","Historia Europy, Historia Polski, Historia Polski 1990-, Psychologia. Psychoterapia, Rodzina. Małżeństwo, Biografie, Pamiętniki. Wspomnienia, Religia i wiara, Poszczególne religie i wyznania, Islam, Historia Afryki"
/pl/wzory_listow_angielskich-9788321403021,książka / book,Książki i czasopisma / Books and periodicals,Mira Falkowska,Wzory listów angielskich,,polski,WIEDZA POWSZECHNA,1999,Miękka,12.0x19.0,268,"0,233 kg",,8321403026 (8321403026),9788321403021,/img/product_images_new/599/189599_01_wzory_listow_angielskich.300.jpg,"- Prezentacja i omówienie układu i treści różnych form korespondencji zilustrowanych schematami.- Przykłady oficjalnych pism i listów prywatnych w wersji brytyjskiej i amerykańskiej - zawiadomień, próśb, zamówień, zaproszeń, życzeń itp.- Słowniczek wyrazów i zwrotów po każdym liście oraz zestawy sformułowań i zdań - po każdym rozdziale.- Skorowidz rzeczowy.",
/pl/stosunki_miedzynarodowe_geneza-_struktura-_dynamik-9788323502814,książka / book,Książki i czasopisma / Books and periodicals,,"Stosunki międzynarodowe Geneza, struktura, dynamika",,polski,Wydawnictwa Uniwersytetu Warszawskiego,2006,Miękka,16.3x23.4,636,"0,88 kg",,8323502811 (8323502811),9788323502814,/img/product_images_new/844/25844_01_stosunki_miedzynarodowe_geneza-_struktura-_dynamika.300.jpg,"Stosunki Międzynarodowe. Geneza,  struktura,  dynamika są najbardziej całościową ofertą dydaktyczną dla studentów stosunków międzynarodowych, prawa, politologii i europeistyki nauczanych na polskich uniwersytetach i w innych szkołach wyższych. Podręcznik, napisany przez pracowników Instytutu Stosunków Międzynarodowych UW, odpowiada najnowszym standardom nauczania stosunków międzynarodowych. Jest to już czwarta, zmieniona i zaktualizowana edycja podręcznika, który cieszy się największym powodzeniem wśród studentów i wykładowców w naszym kraju. Zawartość książki wykracza dalece poza funkcje dydaktyczne. Jest ona przydatna dla wszystkich, którzy zawodowo zajmują się polityką zagraniczną i problematyką międzynarodową lub zwyczajnie interesują się tymi zagadnieniami. Ukazana w niej - przez pryzmat struktur, procesów i najbardziej aktualnych problemów - rzeczywistość międzynarodowa pozwala zrozumieć europejskie i globalne wyzwania, przed którymi stoi nasz kraj u progu XXI wieku.",
/pl/historia_i_spoleczenstwo_4_czlowiek_i_jego_cywiliz-9788387964269,książka / book,Książki i czasopisma / Books and periodicals,Bogumiła Szeweluk-Wyrwa,Historia i społeczeństwo 4 Człowiek i jego cywilizacja,,polski,ARKA,2000,Miękka,16.0x23.0,184,"0,375 kg",,8387964263 (8387964263),9788387964269,/img/product_images_new/821/182821_01_historia_i_spoleczenstwo_4.300.jpg,Historia wokół nasMoja mała historiaPradzieje człowiekaŻycie codzienne w dawnej Polsce i dziś,
/pl/odrzania_podroz_po_ziemiach_odzyskanych-9788324096473,książka / book,Książki i czasopisma / Books and periodicals,Zbigniew Rokita,Odrzania Podróż po Ziemiach Odzyskanych,,polski,Znak Literanova,2023,Twarda,12.5x20.5,312,"0,43 kg",25.10.2023,9788324096473 (9788324096473),9788324096473,/img/product_images_new/479/808479_01_odrzania_podroz_po_ziemiach_odzyskanych.300.jpg,"Nowa książka Zbigniewa Rokity, laureata Nagrody Literackiej „Nike” 2021 Włóczęgowski poemat reporterski autora Kajś. To tu, na „Ziemiach Odzyskanych”, miało po wojnie miejsce jedno z najbardziej spektakularnych wydarzeń w dwudziestowiecznej historii Europy. To tu, w tych wszystkich Wrocławiach i Szczecinach, Polska stanęła przed jednym z największych cywilizacyjnych wyzwań – przemienieniem Niemiec w Polskę. Ale wciąż widać szwy, którymi pozszywali Polski przedwojenną i powojenną. Wyłażą france. Bo tu, na „Odzyskanych”, jest jakoś inaczej. Uliczne tabliczki przypominają piastowskie drzewka genealogiczne, zewsząd wyzierają cegły o barwie wściekłej krwi, blokowiska lokowane na prawie niemieckim, wilhelmińskie gmachy otoczone przez parkingi niestrzeżone, a jednak płatne. Tutejsi Polacy często wciąż wahają się, czy już są stąd, czy jeszcze znikąd – a niektórzy dalej snują opowieść, którą ktoś ileś tam lat temu przerwał martwym już mieszkańcom ich kamienic. I dlatego ja, kundel „Ziem Odzyskanych”, zlepiony z tutejszych i przyjezdnych, ruszyłem w tę dziwną podróż po „Odzyskanych”, po Poniemiecczyźnie, żeby to wszystko ujrzeć na własne oczy. „Zbigniew Rokita jest prawdziwym odkrywcą Odrzanii – krainy, o której miałem nikłą wiedzę, mimo że wielokrotnie w niej byłem. Ta książka to fascynująca podróż w czasie i przestrzeni po ziemiach przyłączonych do Polski po 1945 roku. Pomysł, język, humor i w końcu absolutna miłość autora do Odrzanii sprawiły, że ja – rodowity Wiślanin – nie mogłem się oderwać od lektury. Niezwykle ważna książka, która może pomóc zrozumieć współczesną Polskę”. - Jan Holoubek “Niby znaliśmy to wszystko z lekcji historii – Ziemie Odzyskane, Uzyskane, Stracone – a jednak Rokita tak opowiada o powojennych losach polskich granic, że mam ochotę wołać: ach, Polska, cóż to za kraj? Kraj, do którego przyzwyczailiśmy się aż za bardzo, dlatego raz na jakiś czas ktoś musi nam go opowiedzieć na nowo. Rokita zadaje pytania, interpretuje i wątpi w taki sposób, że historiozofia staje się thrillerem i kryminałem, dramatem i komedią. Znakomita książka, i zawadiacka, i frasobliwa, i roztropna”. - Małgorzata Rejmer „Po II wojnie światowej Polska wchłonęła potężną część Niemiec. Rozpoczął się jeden z największych eksperymentów demograficznych w Europie XX wieku. Odrzania to wyznanie miłości Zbigniewa Rokity do ziemi i ludzi, którzy byli i ciągle są obiektem tego eksperymentu, fascynująca wyprawa w głąb świata odzyskanego, który pozostaje zagadką”. - Dariusz Rosiak „Zbiorowa pamięć i tożsamość to dynamiczne i różnorodne wymiary życia, pełne sprzeczności, paradoksów, konfliktów i cierpienia. Żeby je w tym całym powikłaniu i skomplikowaniu opisać – zwłaszcza dzisiaj, kiedy do doraźnych politycznych celów chętnie posługują się nimi różnej barwy populiści – potrzeba dużej wrażliwości i talentu. Zbigniew Rokita ma i jedno, i drugie. A co najważniejsze, ma także odwagę, żeby mierzyć się z najtrudniejszymi aspektami polskiej – i nie tylko polskiej – historii. Bardzo polecam”. - Tomasz Stawiszyński","Reportaż polski, Nauki Przyrodnicze, Geografia, Geografia gospodarcza, polityczna, osadnictwa, ludności, Europa"
/pl/frida_wojna_mojej_nieznanej_babki-9788366707290,,Książki i czasopisma / Books and periodicals,Nina F. Grünfeld,Frida. Wojna mojej nieznanej babki,,,Ośrodek Karta,2022,Miękka,21.0x13.5,256,"0,318 kg",,978-83-66707-29-0 (9788366707290),9788366707290,/img/product_images_new/958/641958_01_frida_wojna_mojej_nieznanej_babki.300.jpg,"Autorka, uznana norweska dokumentalistka, rekonstruuje losy swojej babci Fridy – Żydówki, prostytutki, która przeszła przez obozy Auschwitz i Ravensbrück. Przed wojną oddała do adopcji syna, który trafił jako dziecko z paszportem nansenowskim do Norwegii. Został później uznanym psychiatrą, stąd dalsza norweska historia rodziny. Po raz pierwszy Frida została zarejestrowana w kronikach policyjnych wiosną 1931, podejrzana o szpiegostwo. W swojej książce Nina F. Grünfeld odtwarza historię babci na podstawie odnalezionych w archiwach protokołów przesłuchań i akt sądowych, z których wyłania się tragiczny los samotnej młodej Żydówki na tle wojennej historii Europy: rozpadających się granic, szalejącego nazizmu, Holokaustu. Drugą bohaterką książki jest sama autorka, która barwnie opisuje swoje poszukiwania i pomaga zrozumieć, jak dramatyczna przeszłość przodków może wpłynąć na całe życie następnych pokoleń.",Romanse
/pl/piekielna_dzielnica-9788374701730,książka / book,Książki i czasopisma / Books and periodicals,Jeffery Deaver,Piekielna dzielnica,HELL'S KITCHEN,angielski,C&T,2016,Miękka,14.5x20.5,280,"0,27 kg",,9788374701730 (9788374701730),9788374701730,/img/product_images_new/199/70199_01_piekielna_dzielnica.300.jpg,"John Pellam postanawia nakręcić film dokumentalny o historii Hell's Kitchen - okrytej niesławą dzielnicy gangów nowojorskich. Te gangi to już historia, ale ciągle jeszcze żyją tacy, którzy pamiętają tamte czasy. Jak Ettie Washington, która okazała się kopalnią wiedzy dla Pellama.",
/pl/gdy_prawda_milczy-9788383294575,książka / book,Książki i czasopisma / Books and periodicals,Jacek Piekiełko,Gdy prawda milczy,,polski,SKARPA WARSZAWSKA,2024,Miękka,13.5x20.5,352,"0,255 kg",15.05.2024,9788383294575 (9788383294575),9788383294575,/img/product_images_new/397/873397_01_gdy_prawda_milczy.300.jpg,"Przerażający dramat, który przypadkiem ujrzał światło dzienne. Opowieść inspirowana prawdziwymi wydarzeniami.  Anička nie miała lekkiego życia. Pozostawiona przez rodziców narkomanów trafia do handlarzy ludźmi, a później do Norwegii, gdzie przeżywa koszmar. Gdy trzynastoletnia dziewczynka wyrywa się ze szponów zła i wraca do Czech, ma problemy ze swobodną komunikacją, a pokonywanie nowych wyzwań codzienności utrudniają jej odniesione traumy. Nie posiada rodziny, żadnych bliskich, a jej tymczasowym opiekunem pozostaje Kristína, pracująca w ośrodku dla dzieci „Promyczek”. Z dziewczynką zaprzyjaźnia się siostra opiekunki, Veronika, dzięki której Anička w końcu się otwiera i zaczyna opowiadać o krzywdach, których doznała. Los wciąż nie oszczędza trzynastolatki, u której lekarze diagnozują białaczkę. Veronika postanawia adoptować Aničkę. Wtedy rozpoczyna się niewyobrażalne piekło…  Jacek Piekiełko przedstawia własną interpretację jednej z najgłośniejszych historii kryminalnych współczesnych Czech - sprawy „Dzieci z Kuřim”, która nigdy nie została w pełni wyjaśniona.","Kryminały, Powieść polska"
/pl/amerykapl__opowiesci_o_polakach_w_usa-9788324048991,książka / book,Książki i czasopisma / Books and periodicals,Malesa Dorota,Ameryka.pl  Opowieści o Polakach w USA,,polski,Znak,2020,Miękka ze skrzydełkami,20.5x12.5,288,"0,30 kg",27.02.2019,9788324048991 (9788324048991),9788324048991,/img/product_images_new/380/447380_01_amerykapl_opowiesci_o_polakach_w_usa.300.jpg,"OPOWIEŚCI O LUDZIACH W POGONI ZA AMERYKAŃSKIM SNEM Każdy z nich miał własny American dream. Każdy musiał wziąć los w swoje ręce i ruszyć na podbój Dzikiego Zachodu naszych czasów. Uciekinierzy, wariaci, niespokojne dusze  – Polacy, którzy w pogoni za marzeniami lub uciekając przed dotychczasowym życiem, wyjechali do Stanów. By spotkać bohaterów tej książki, autorka pokonała tysiące kilometrów amerykańskich dróg. Poznała Sebka, od dziesięciu lat szukającego żony w kastowym środowisku Chicago, gdzie obywatelstwo jest ważniejsze od miłości. Spotkała Marka, niegdyś króla disco polo, obecnie bezdomnego przesiadującego w nowojorskim Starbucksie. Rozmawiała z genialną prawniczką Olą, tropiącą największe błędy amerykańskiego sądownictwa. Odwiedziła właściciela najmodniejszej nowojorskiej restauracji, który w latach 80. przybył tu z Lublina z jednym plecakiem – a dziś, jak głoszą plotki, zdarza mu się odmówić stolika Seanowi Pennowi. Historie amerykańskich Polaków to wybuchowa mieszanka polskiej duszy i amerykańskiego marzenia. Jest w nich miejsce na inność, odwagę i marzenia, choć w kraju wielkich możliwości i wielkich porażek słono się za nie płaci. „Polonia w USA jest trochę jak egzotyczna wyspa, niebędąca do końca ani Polską, ani Ameryką. I być może właśnie dlatego jest tak fascynująca”.  Dorota Malesa Informacja dotycząca wprowadzenia produktu do obrotu: Ten produkt został wprowadzony na rynek przed 13 grudnia 2024 r. zgodnie z obowiązującymi wówczas przepisami (Dyrektywą o ogólnym bezpieczeństwie produktów). W związku z tym może on być nadal sprzedawany bez konieczności dostosowania do nowych wymogów wynikających z Rozporządzenia o Ogólnym Bezpieczeństwie Produktów (GPSR). Produkt zachowuje pełną legalność w obrocie, a jego jakość i bezpieczeństwo pozostają zgodne z obowiązującymi wcześniej standardami. Information regarding product placement on the market: This product was placed on the market before December 13, 2024, in accordance with the applicable regulations at the time (the General Product Safety Directive). As a result, it can continue to be sold without needing to meet the new requirements introduced by the General Product Safety Regulation (GPSR). The product remains fully compliant with all previously valid legal standards, ensuring its continued quality and safety.",Literatura faktu
/pl/trzynascie_opowiesci-9788377796726,książka / book,Książki i czasopisma / Books and periodicals,Ksawery Pruszyński,Trzynaście opowieści,,polski,MG,2021,Miękka ze skrzydełkami,14.5x20.5,278,"0,275 kg",13.01.2021,9788377796726 (9788377796726),9788377796726,/img/product_images_new/247/579247_01_trzynascie_opowiesci.300.jpg,"13 opowieści to 13 opowiadań o losach podchorążych i oficerów w polskiej armii na zachodzie. Tak pisze o książce Józef Hen : „…Zastanawiająca jest w Trzynastu opowieściach Pruszyńskiego ta mnogość bohaterów milczących, gorzkich, z ranami w duszy i na ciele właśnie, wyraźnych alter ego autora, a przecież obarczonych świadomością klęski. Oto Manuel z Odejść i powrotów rozmyśla w czołgu podczas kampanii normandzkiej: „Daremność. Głucha, zawistna niechęć do każdej krytycznej myśli; niewolniczy, bydlęcy kult dla najgłupszej chwalby tego, co swojskie, ze swojską głupotą na czele. Pełne zwycięstwo klik, klanów i kast przeciw samotnej jednostce i biernej, bezradnej masie”. „To wszystko są fakty - powiedział mi Pruszyński o Trzynastu opowieściach. - Nigdy nie wymyśliłem żadnej fabuły”. „A Trębacz z Samarkandy ?” - zapytałem. Skinął głową. „Tak, Trębacz jest wyjątkiem. To kompozycja. Ale właśnie o Trębaczu wszyscy myśleli, że jest to prawdziwe wydarzenie, do tego stopnia, że Anders kazał zarządzić śledztwo - chodziło o tę niedzielną zbiórkę na rynku - kto dał rozkaz, skąd ta samowola”…","Opowiadanie polskie, Historyczna. Wojenna"
/pl/mila_ksiezycowego_swiatla-9788376486741,książka / book,Książki i czasopisma / Books and periodicals,Dennis Lehane,Mila księżycowego światła,,angielski,Prószyński Media,2010,Miękka ze skrzydełkami,14.0x20.5,280,"0,27 kg",,9788376486741 (9788376486741),9788376486741,/img/product_images_new/269/89269_01_mila_ksiezycowego_swiatla.300.jpg,"Powrót pary prywatnych detektywów Patricka Kenzie i Angeli Gennaro. Amanda McCready miała cztery lata, kiedy po raz pierwszy zniknęła ze swego domu w Bostonie. Błagani o pomoc przez jej zrozpaczoną ciotkę detektywi Kenzie i Gennaro zgodzili się zająć poszukiwaniami. Ryzykowali wszystkim, by odnaleźć dziewczynkę, ale kiedy im się udało, Amanda musiała wrócić do zaniedbującej ją matki i rozbitej rodziny. Teraz Amanda ma szesnaście lat i ponownie znika, a jej ciotka znów puka do drzwi Patricka i Kenzie, obawiając się, że dziewczynkę, która wyrosła na mądrą młodą kobietę, mogło spotkać najgorsze. Podczas poszukiwań Kenzie i Gennaro muszą zmierzyć się z przeszłością i zadać sobie pytanie: czy można postąpić źle, mając przy tym rację, lub postępując dobrze, jednak się mylić? Postawieni w obliczu zła wykraczającego daleko poza rozbite rodziny i rozwiane marzenia odkrywają, że dawne grzechy nie dają się zapomnieć, a wciąż odradzające się zło przynosi nowe zbrodnie.",
/pl/odzyskac_przyszlosc_wspomnienia_z_ucieczki_przed_t-9788366707160,,Książki i czasopisma / Books and periodicals,Sigrid Undset,Odzyskać przyszłość. Wspomnienia z ucieczki przed totalitaryzmami,,,Ośrodek Karta,2021,Miękka,20.5x14.5,224,"0,246 kg",,978-83-66707-16-0 (9788366707160),9788366707160,/img/product_images_new/874/587874_01_odzyskac_przyszlosc_wspomnienia_z_ucieczki_przed_totalitaryzmami.300.jpg,"Sigrid Undset – laureatka literackiej Nagrody Nobla i bezkompromisowa oskarżycielka faszyzmu – wie, co to jest klęska. Jej starszy syn ginie w czasie inwazji Niemiec na Norwegię w 1940 roku, ona sama jest zmuszona uciekać z kraju po klęsce i udaje się w niebezpieczną podróż m.in. przez Związek Radziecki do Stanów Zjednoczonych. Tam odżywa w niej nadzieja, że utracona przyszłość Norwegii i jej ofiar zostanie przywrócona przez USA. Wspomnienia Undset powstały „na gorąco” i oprócz bieżących wydarzeń zawierają głęboki komentarz na temat moralności świata owładniętego wojną oraz historycznych grzechów obu totalitaryzmów – niemieckiego nazizmu i sowieckiego komunizmu.",Biografie
/pl/bialy_kapitan-9788375652147,książka / book,Książki i czasopisma / Books and periodicals,Antoni Ferdynand Ossendowski,Biały kapitan,,polski,LTW,2012,Miękka,14.5x20.5,240,"0,30 kg",,9788375652147 (9788375652147),9788375652147,/img/product_images_new/818/81818_01_bialy_kapitan.300.jpg,"Na pokładzie ""Witezia"" dowodzonego przez kpt. Olafa Nilsena płynie sztorman Pitt Hardful. Ten człowiek pragnie utrzymać się na ""drodze uczciwego życia"", chce swym postępowaniem zmusić wszystkich do zapomnienia o przeszłości odpokutowanej za murami więzienia. Tymczasem ""Witeź"" wozi kulomioty dla portugalskich rewolucjonistów. Ładunek leżący w rumie, ukryty pod innymi towarami jest lepiej opłacalny niż pszenica, mąka bądź węgiel. Ale kiepsko wróży Pittowi, który u progu nowego życia uczestniczy w zakazanym procederze... Akcja przygodowo-sensacyjnej powieści toczy się wartko, urzeka egzotyką.","Przygodowa, Sensacyjne i thrillery, Powieść polska"
/pl/od_szczytu_do_otchlani-9788375651843,książka / book,Książki i czasopisma / Books and periodicals,Antoni Ferdynand Ossendowski,Od szczytu do otchłani,,polski,LTW,2023,Miękka,14.5x20.5,278,"0,36 kg",,9788375651843 (9788375651843),9788375651843,/img/product_images_new/794/81794_01_od_szczytu_do_otchlani.300.jpg,"W książce ""Od szczyty do otchłani” autor porywa czytelnika w fascynującą podróż po Mandżurii początku XX stulecia, aby ukazać jej prawdziwe oblicze, i to aż w trzech odsłonach: jako krainy bogactw naturalnych, jako areny walk politycznych i jako miejsca odosobnienia w ""Kamiennych workach” ludzi wykluczonych przez władze ze społeczeństwa. Nie zabrakło tutaj i barwnych przedstawień licznych szczepów tubylczych, i egzotycznej przyrody, nieustępliwie stawiającej czoła próbom ekspansji człowieka. Autor osobiście i niejednokrotnie z narażeniem życia doświadcza wszystkich tych aspektów pobytu w Mandżurii...","Historia Azji, Literatura faktu, Publicystyka. Esej, Szkice, Publicystyka, esej polski, Reportaż polski"
/pl/nieznanym_szlakiem-9788375651485,książka / book,Książki i czasopisma / Books and periodicals,Antoni Ferdynand Ossendowski,Nieznanym szlakiem,,polski,LTW,2023,Miękka,14.5x20.5,160,"0,20 kg",,9788375651485 (9788375651485),9788375651485,/img/product_images_new/763/81763_01_nieznanym_szlakiem.300.jpg,"""Nieznanym szlakiem"" to zbiór opowiadań, do których natchnienie i tematy czerpał autor ze swoich licznych podróży po Europie, Azji i Afryce. Tom ten jest więc jakby wachlarzem różnorodnych utworów przesyconych egzotycznymi kolorami, atmosferą dalekich krajów o obcych lądów: tych gorących i tych lodowatych. Każda z nowel stanowi jednak odrębną historię dramatu człowieka doświadczonego przez los i daje Czytelnikowi możliwość głębokich refleksji na tematy ogólnoludzkie. Wystarczy jedynie sięgnąć ręką i wybrać któreś z tych opowiadań, by znaleźć się na kilka chwil w niezwykłej scenerii i niepowtarzalnym klimacie utworów wielkiego podróżnika i wnikliwego obserwatora - A.F. Ossendowskiego.","Podróżnicza, Opowiadanie polskie"
/pl/szkarlatny_kwiat_kamelii-9788375651553,książka / book,Książki i czasopisma / Books and periodicals,Antoni Ferdynand Ossendowski,Szkarłatny kwiat kamelii,,polski,LTW,2011,Miękka,14.5x20.5,136,"0,17 kg",,9788375651553 (9788375651553),9788375651553,/img/product_images_new/769/81769_01_szkarlatny_kwiat_kamelii.300.jpg,"Szkarłatny kwiat kamelii to zbiór opowiadań Ferdynanda Ossendowskiego, będący - obok prozy Sieroszewskiego - jednym z najwcześniejszych świadectw fascynacji Krajem Kwitnącej Wiśni. Wesołe i smutne, pisane czasami serio, a czasami z przymrużeniem oka historie przedstawiają japońskie obyczaje, historię i mentalność. Można w nich odnaleźć to, co i dziś fascynuje i wpływa na niezwykłe zainteresowanie tą odległą krainą - honorowych samurajów, tajemnicze gejsze, cesarzy-bogów i znamienitych szogunów - wszystko zaś ukazane jest z perspektywy o niemal sto lat wcześniejszej, przez pryzmat sposobu myślenia i poznawania obcej kultury ludzi początków XX wieku, dzięki czemu Szkarłatny kwiat kamelii jest oknem na dwa egzotyczne dla nas światy.",Literatura faktu
/pl/spalony_tost-9788360446997,książka / book,Książki i czasopisma / Books and periodicals,Teri Hatcher,Spalony tost,,,Elipsa,2008,Miękka,13.0x20.0,208,"0,20 kg",25.02.2008,978-83-60446-99-7 (9788360446997),9788360446997,/img/product_images_new/870/295870_01_spalony_tost.300.jpg,"Napisany w kpiarskim tonie, pełen autoironii poradnik, kompendium życiowej mądrości Teri Hatcher. Znajdziecie tu porady dotyczące gospodarstwa i wychowania dzieci, a także dowiecie się, które plotki o autorce są prawdziwe... Książka napisana lekko i z poczuciem humoru. Jak większość kobiet Teri Hatcher pierwsze życiowe nauki odebrała od matki. I podobnie jak wielu kobietom, jej matce niełatwo przychodziło docenić sama siebie. Gdy tost się spalił, zjadała go sama, a co lepsze kąski oddawała innym. Choć to poświęcenie było wyrazem miłości i jak najlepszych intencji, niosło ze sobą lekcję, której trudno jest się oduczyć: twoja własna satysfakcja nie jest warta nawet kawałka chleba.","Biografie, Poradniki"
/pl/willa_pod_zwariowana_gwiazda-9788381031585,książka / book,Książki i czasopisma / Books and periodicals,Maria Paszyńska,Willa pod zwariowaną gwiazdą,,polski,PASCAL,2018,Miękka ze skrzydełkami,12.8x19.0,368,"0,356 kg",31.01.2018,9788381031585 (9788381031585),9788381031585,/img/product_images_new/706/360706_01_willa_pod_zwariowana_gwiazda.300.jpg,"Na gruzach dawnego świata zdarza się miłość, której nie można się oprzeć... Lato 1939 roku. Warszawskie zoo, stworzone przez Jana i Antoninę Żabińskich, ma swoje chwile triumfu, choć podskórnie czuć w nim niepokój związany z nieuchronnie zbliżającą się wojną. Brutalny czas nie zabija jednak namiętności.  Niezwykłe losy trojga ludzi uwikłanych w wielką historię i własne uczucia. Willa pod Zwariowaną Gwiazdą to doskonałe połączenie precyzyjnie skonstruowanej fikcji z poruszającą historią, która wydarzyła się naprawdę. Opowieść o świecie wartości, w którym ideałom jest się wiernym zawsze i pomimo wszystko.","Powieść polska, Historyczna. Wojenna, Romanse"
/pl/poniemieckie-9788380499416,książka / book,Książki i czasopisma / Books and periodicals,Karolina Kuszyk,Poniemieckie,,polski,Czarne,2019,Miękka ze skrzydełkami,12.0x19.0,464,"0,425 kg",13.11.2019,9788380499416 (9788380499416),9788380499416,/img/product_images_new/500/499500_01_poniemieckie.300.jpg,"„Poniemieckie” to błyskotliwa opowieść o losach domów, cmentarzy i rzeczy, od szaf po oleodruki. Karolina Kuszyk – sama „wychowana na poniemieckim” – tropi ślady, wczytuje się we wspomnienia osadników i przesiedleńców, a przede wszystkim rozmawia – z przedstawicielami trzech pokoleń ludzi mieszkających w poniemieckich domach i korzystających z poniemieckich przedmiotów, ze zbieraczami i kolekcjonerami, z poszukiwaczami niemieckich skarbów, z regionalistami z ziem zachodnich i północnych odkrywającymi przedwojenną historię swoich małych ojczyzn. I zadaje pytania. Czym są dla nas poniemieckie rzeczy? Wdzięcznymi, lecz niewiele mówiącymi gadżetami w rodzaju obrazka z Aniołem Stróżem przeprowadzającym dzieci przez kładkę nad przepaścią? Obcymi śmieciami, na których rodzice i dziadkowie musieli się urządzać, bo nie mieli innego wyjścia? Jak bardzo dom poniemiecki musiał się napracować, żeby zasłużyć na miano polskiego? A co się stało z niemieckimi cmentarzami na ziemiach przyłączonych do Polski w 1945 roku? Opowiadając o tym, jak biografie poniemieckich domów, rzeczy i cmentarzy splatały się z losami ich polskich spadkobierców od powojnia po współczesność, autorka zastanawia się także, czym jest dziś polskość i ile obcości potrafimy znieść w tym, co określamy mianem własnego.","Biografie, Historia Europy, Historia Polski, Historia Polski 1945-1989"
/pl/wyscigi-9788327413536,książka / book,Książki i czasopisma / Books and periodicals,Joanna Chmielewska,Wyścigi,,polski,Olesiejuk,2014,Miękka,11.0x17.5,345,"0,19 kg",,9788327413536 (9788327413536),9788327413536,/img/product_images_new/361/157361_01_wyscigi.300.jpg,"Główna bohaterka, Joanna, jest częstym gościem na warszawskim torze wyścigów konnych. Pewnego dnia przypadkowo znajduje tam ciało zmordowanego dżokeja. Podejmuje współpracę z policją i jednocześnie prowadzi prywatne śledztwo. Razem z grupką znajomych grających na wyścigach stara się rozwikłać zagadkę tajemniczej śmierci. Sprawa zatacza coraz szersze kręgi. Pojawiają się pierwsi podejrzani, a wśród nich członkowie mafii…",
/pl/mnie_zabic-9788327413543,książka / book,Książki i czasopisma / Books and periodicals,Joanna Chmielewska,Mnie zabić,,polski,Olesiejuk,2014,Miękka,11.0x17.5,288,"0,17 kg",,9788327413543 (9788327413543),9788327413543,/img/product_images_new/362/157362_01_mnie_zabic.300.jpg,"Dobrze znana czytelnikom bohaterka – roztrzepana, lekkomyślna Joanna – po raz kolejny znalazła się w centrum skomplikowanej afery kryminalnej, która swym zasięgiem objęła znaczną cześć Europy. Tylko ona widziała prawdziwą twarz zabójcy, grozi jej więc śmiertelne niebezpieczeństwo. Jak zwykle u Chmielewskiej – błyskotliwe dialogi i zaskakująca intryga.",
/pl/csi_kryminalne_zagadki_nowego_jorku_krwawe_slonce-9788360159521,książka / book,Książki i czasopisma / Books and periodicals,Stuart M. Kaminsky,CSI: kryminalne zagadki Nowego Jorku krwawe słońce,,polski,Vesper,2007,Miękka,11.5x17.0,332,"0,194 kg",,9788360159521 (9788360159521),9788360159521,/img/product_images_new/171/1036171_01_csi_kryminalne_zagadki_nowego_jorku_krwawe_slonce.300.jpg,"Detektyw Mac Taylor jest sprawdzonym technikiem kryminalistycznym, który wierzy, że wszystko łączy się ze wszystkim, a każdy ma własną opowieść. Wraz z detektyw Stellą Bonasera kieruje zespołem ekspertów kryminalistycznych, zbierających mozolnie dowody i ślady każdej zbrodni, rozwikłujących krok po kroku każdą kryminalną zagadkę. Zwykły dom na przedmieściach Queens jest miejscem potwornej zbrodni, w której ginie małżeństwo oraz nastoletnia córka. W domu nie ma  najmłodszego syna – być może kolejnej niewinnej ofiary  morderstwa. Mac Taylor i Danny Messer odkrywają ślady wskazujące na porwanie. Czy odnajdą chłopca, zanim będzie za późno? W Brooklynie, w dzielnicy zamieszkiwanej przez ortodoksyjnych żydów, stoi synagoga, w której ktoś przybił do podłogi ciało jednego z wiernych. Ukrzyżował je. Czy doszło do rytualnego mordu? Detektyw Stella Bonasera i detektyw Aiden Burn podejrzewają, że za zbrodnią kryje się sekta nawróconych na chrześcijaństwo żydów, ścierających się z dawnymi współwyznawcami. Na czele sekty stoi charyzmatyczny i kontrowersyjny przywódca, który robi wszystko, aby utrudnić śledztwo... Dwie różne zbrodnie, które łączy jedno: technicy kryminalistyczni, którzy nie ustaną, dopóki nie odkryją prawdy.",
/pl/csi_kryminalne_zagadki_las_vegas_miasto_grzechu_mi-9788360159538,książka / book,Książki i czasopisma / Books and periodicals,Max Allan Collins,CSI: kryminalne zagadki Las Vegas miasto grzechu MIASTO GRZECHU,,polski,Vesper,2007,Miękka,11.5x17.0,432,"0,25 kg",,9788360159538 (9788360159538),9788360159538,/img/product_images_new/172/1036172_01_csi_kryminalne_zagadki_las_vegas_miasto_grzechu.300.jpg,"Lynn Pierce była pobożną chrześcijanką, oddaną matką i żoną. Nagrała potajemnie męża, który groził, że potnie ją na kawałki. Jenna Patrick pracowała jako striptizerka. Chciała rozpocząć nowe życie, wyjść za mąż i pójść na studia. Znaleziono ją uduszoną kablem w klubie, w którym tańczyła. Gil Grissom, Catherine Willows, Warrick Brown, Nick Stokes i Sara Sidle zbierają pozornie nieistotne dowody i ślady, by rozwikłać zagadki obu morderstw. Odkrywają najmroczniejsze strony życia w Las Vegas: mieście grzechu.",
/pl/csi_kryminalne_zagadni_miami_zrujnowane_swieta_cze-9788360159545,książka / book,Książki i czasopisma / Books and periodicals,Donn Cortez,CSI: Kryminalne zagadni Miami Zrujnowane święta Część I: Złe przeczucia,,polski,Vesper,2007,Miękka,11.5x17.0,432,"0,248 kg",,9788360159545 (9788360159545),9788360159545,/img/product_images_new/173/1036173_01_csi_kryminalne_zagadni_miami_zrujnowane_swieta.300.jpg,"Święta Bożego Narodzenia w Miami – miasto spowija wyjątkowy, odświętny nastrój. Wszystkie dzieci wstrzymują oddech w oczekiwaniu na przybycie Świętego Mikołaja. Jednak tego roku będzie on liczniej reprezentowany. Miami staje się sceną zjazdu Santaconu. Coroczny zlot setek odzianych w czerwień, podstarzałych wesołków, którzy przetaczają się przez miasto dokazując i nękając mieszkańców, kończy się śmiercią jednego z nich. Czas głoszenia dobrej nowiny upływa technikom z laboratorium kryminalnego Miami-Dade na odkrywaniu, że za pospolitą zbrodnią kryją się znacznie mroczniejsze motywy. Komu zależało na tym, żeby zabić Świętego Mikołaja? Kto posunął się tak daleko, aby zamaskować tożsamość ofiary, pozbawiając jej głowy i obu dłoni? Wreszcie, jaki związek może mieć zwykły rozbój w sklepie z międzynarodowym porwaniem i morderstwem?",
/pl/krew_i_zloto-9788373018648,książka / book,Książki i czasopisma / Books and periodicals,Anne Rice,Krew i złoto,Blood and gold,angielski,Rebis,2016,Miękka,12.8x19.7,592,"0,615 kg",,8373018646 (8373018646),9788373018648,/img/product_images_new/809/60809_01_krew_i_zloto.300.jpg,"Zranione serce może krwawić przez stulecia. Tak dzieje się z Mariusem, wampirem, którego historię Anne Rice wiele razy wspominała w „Kronikach wampirów“. Tym razem to on jest głownym bohaterem historii, opowiadającym szczegółowo swoje losy. Wyrwany z ukochanego Rzymu i zmuszony strzec wampirzych władców, Marius nigdy nie wybaczył sprawcom swej „ludzkiej” śmierci. Tysiące lat później wciąż rozpacza nad swą stratą. Nieśmiertelność jest dla niego błogosławieństwem, ale i przekleństwem. Jest on świadkiem najwspanialszych dla ludzkości wydarzeń, ale nie może się w nie angażować. Ciągle żyje w obawie, że świat pozna ciążące nad nim przekleństwo. Dwa tysiące lat historii Mariusa, mentora wampira Lestata, w kolejnej fascynującej opowieści Anne Rice z bestsellerowego cyklu „Kronik wampirów“.","Horror, literatura grozy"
/pl/krwawy_kantyk-9788375100204,książka / book,Książki i czasopisma / Books and periodicals,Anne Rice,Krwawy kantyk,Blood Canticle,angielski,Rebis,2015,Miękka,12.5x19.5,368,"0,34 kg",,9788375100204 (9788375100204),9788375100204,/img/product_images_new/210/191210_01_krwawy_kantyk.300.jpg,"Otoczoną posępnymi bagnami posiadłość Blackwood ożywiaj ą przybycia i odjazdy opętanych i skazujących na opętanie. Wśród nich jest wampir Lestat, pan czasu, na tyle próżny, by uwierzyć, że może zostać świętym, na tyle słaby, by się zakochać bez nadziei na ziszczenie miłości. Wraz z dwojgiem towarzyszy, Quinnem i Moną, rozwiązuje przerażające sekrety rodziny Mayfair i ratuje przed zagładą tajemniczą rasę nieśmiertelnych, ukrywających się na samotnej wyspie. Przepełniony żarem, przemocą i erotyką Krwawy kantyk, wieńczący cykl „Kroniki wampirów"", jest zdumiewającą opowieścią o rozkoszach i torturach wszechobecnych w cieniach śmierci i nieśmiertelności. „Kroniki wampirów"" Annę Rice - mistrzyni powieści grozy - mają miliony czytelników na całym świecie. REBIS wydał dotychczas następujące tomy tego cyklu: Wywiad z wampirem, Wampir Lestat, Opowieść o złodzieju ciał, Krew i złoto oraz Posiadłość Blackwood.","Horror, literatura grozy"
/pl/wampir_armand-9788375100044,książka / book,Książki i czasopisma / Books and periodicals,Anne Rice,Wampir Armand,The Vampire Armand,angielski,Rebis,2013,Miękka,12.8x19.7,368,"0,39 kg",,9788375100044 (9788375100044),9788375100044,/img/product_images_new/254/75254_01_wampir_armand.300.jpg,"Wampir Armand, najstarszy z nieśmiertelnych, postanawia opowiedzieć swoje burzliwe dzieje. Rozpoczynają się one na Rusi Kijowskiej, skąd młody malarz ikon trafia jako jeniec do Konstantynopola, a potem do Wenecji. Tam za sprawą wampira Mariusa młodzieniec, jeszcze wtedy zwany Amadeem, kosztuje krwi i otrzymuje wieczne życie. Teraz jednak w Nowym Orleanie Armand musi wybierać między perspektywą nieśmiertelności a zbawieniem własnej duszy. W tej cudownej, mrocznej powieści czytelnicy, którzy poznali już świat dzieci ciemności w Wywiadzie z wampirem, Wampirze Lestacie czy Królowej potępionych, otrzymują prawdziwą historię jednego z najpotężniejszych wampirów – Armanda. Tę pasjonującą książkę przepajają wyobraźnia, pasja i erotyzm, a miłość przeplata się w niezwykły sposób z bólem i cierpieniem.","Horror, literatura grozy"
/pl/memnoch_diabel-9788373019652,książka / book,Książki i czasopisma / Books and periodicals,Anne Rice,Memnoch Diabeł,Memnoch The Devil,angielski,Rebis,2016,Miękka,12.8x19.7,440,"0,505 kg",,9788373019652 (9788373019652),9788373019652,/img/product_images_new/676/122676_01_memnoch_diabel.300.jpg,"Świat opisywany skrupulatnie przez Anne Rice w „Kronikach wampirów” drży w posadach. Pojawia się w nim postać przy której blednie wszystko: Memnoch, tajemnicza istota, głosząca, że jest ni mniej, ni więcej, tylko diabłem. Jego nadejście nie jest przypadkowe – Memnoch upatrzył sobie Lestata na pomocnika. W jakim dziele? Strach myśleć! Lestat – wampir uwielbiający ryzykowne przygody – stanie wobec wyzwania, które rzuci go na kolana, przepełni grozą i obrzydzeniem, doprowadzi do zwątpienia we własne moce. I zmusi do zdecydowania, czy stoi po stronie dobra czy zła...","Horror, literatura grozy"
/pl/merrick-9788375100051,książka / book,Książki i czasopisma / Books and periodicals,Anne Rice,Merrick,Merick,angielski,Rebis,2014,Miękka,12.8x19.7,384,"0,394 kg",,9788375100051 (9788375100051),9788375100051,/img/product_images_new/914/116914_01_merrick.300.jpg,"Merrick Mayfair, najpiękniejsza czarownica z potężnego nowoorleańskiego rodu, podejmie się niezwykle ryzykownego zadania. Angażuje się w próbę wywołania Claudii – wampirzego dziecka, które zginęło kiedyś w promieniach słońca. To zdarzenie jest także pretekstem do opowiedzenia dziejów wspaniałej Merrick – jej przygód, napawających grozą odkryć i miłosnych związków. W tej poruszającej powieści, którą przenika hipnotyzująca aura Nowego Orleanu, Anne Rice połączyła losy bohaterów zapełniających stronice bestsellerowego cyklu „Kroniki wampirów” oraz bohaterek opowieści o czarownicach z obdarzonego niezwykłymi mocami rodu Mayfair.","Horror, literatura grozy"
/pl/gotuj_zgodnie_ze_swoja_grupa_krwi-9788386170456,książka / book,Książki i czasopisma / Books and periodicals,"Peter J. D'Adamo , Catherine Whitney",Gotuj zgodnie ze swoją grupą krwi,Cook Right for Yout Type,angielski,Mada,1999,Miękka,16.0x24.0,416,"0,68 kg",,838617045X (838617045X),9788386170456,/img/product_images_new/012/100012_01_gotuj_zgodnie_ze_swoja_grupa_krwi.300.jpg,"Książka zawiera ponad 200 oryginalnych przepisów oraz 30 - dniowy jadłospis dla każdej grupy krwi.Książka wyczerpująco tłumaczy, jak żyć i odżywiać się rozsądnie, zgodnie z indywidualnymi potrzebami każdego z nas, nie walcząc jednocześnie z drobnymi słabostkami.","Zdrowie i uroda, Poradniki, Książki kucharskie i diety"
/pl/lekcja_makijazu_dla_kazdej_kobiety-9788377781760,książka / book,Książki i czasopisma / Books and periodicals,Kamila Wiedeńska-Strzelczyk,Lekcja makijażu Dla każdej kobiety,,polski,G+J Gruner+Jahr Polska,2012,Miękka,14.5x20.5,216,"0,39 kg",,9788377781760 (9788377781760),9788377781760,/img/product_images_new/217/96217_01_lekcja_makijazu.300.jpg,"Jeśli chcesz wykonać świetny makijaż i wyglądać olśniewająco, ta książka jest dla Ciebie. Skorzystaj z lekcji, jaką daje autorka Kamila Wiedeńska-Strzelczyk – profesjonalistka w tej dziedzinie. Ten prosty i czytelny poradnik ma poprowadzić Cię krok po kroku przez różne style w makijażu i  pokazać jak łatwo możesz  sama je wykonać. „Postanowiłam napisać tę książkę, bo chcę, żeby makijaż zdobił kobiece buzie, a nie odbierał im urody” – napisała we wstępie Autorka. Przeczytaj tę książkę, odkryj sekrety makijażu i... bądź piękna! Kamila  Wiedeńska – Strzelczyk artystka makijażu, od trzynastu lat wykonuje makijaże, a twarz kobiety traktuje jak płótno malarskie. Dla niej każda kobieca twarz jest wyzwaniem  a zadowolona kobieta podziękowaniem.  Twórczyni wyjątkowych makijaży  Maryli Rodowicz, Niny Terentiew, Haliny Młynkowej ,Elżbiety Zapendowskiej, Magdy Gessler i wielu innych gwiazd. Ma na koncie współpracę z najważniejszymi polskimi fotografami, wydawnictwami czasopism kobiecych i agencjami reklamowymi.","Poradniki, Zdrowie i uroda"
/pl/zaprzyjaznij_sie_ze_swoja_skora-9788380741331,książka / book,Książki i czasopisma / Books and periodicals,Pucci Romano,Zaprzyjaźnij się ze swoją skórą,,polski,Bukowy Las,2020,Miękka ze skrzydełkami,14.0x20.5,280,"0,344 kg",,9788380741331 (9788380741331),9788380741331,/img/product_images_new/864/381864_01_zaprzyjaznij_sie_ze_swoja_skora.300.jpg,"Jeśli oczy są zwierciadłem duszy, to skóra jest obrazem ukazującym stan naszego zdrowia. Skóra to prawdziwy organ ludzkiego ciała, w dodatku największy. Wyznacza granicę między nami a światem zewnętrznym, ulega wpływom zarówno tego, co w sobie kryje, jak i otoczenia. W tej lekkiej, a zarazem naukowo rzetelnej książce dermatologia staje się kopalnią drogocennych porad i informacji. W kolejnych rozdziałach opisano budowę, anatomię i fizjologię, dokonując przeglądu typów skóry i jej potrzeb zależnie od wieku. Tak oto odkrywamy, że nie należy lekceważyć sygnałów wysyłanych przez skórę – to, co skóra nam ujawnia, nie wiąże się jedynie z kwestią estetyki i wyglądu, wprost przeciwnie, granica między tym, co nieestetyczne, a chorobą niejednokrotnie jest czystą teorią. Autorka odkrywa prawdę o najczęstszych schorzeniach dermatologicznych i uczy, jak odczytywać znaki świadczące o zaburzeniach wewnętrznych; obala mity i legendy dotyczące skóry i odżywiania. Pomaga także zorientować się w świecie kosmetyków, ukazując skutki, jakie składniki aktywne wywierają nie tylko na skórę, lecz również na środowisko.",Zdrowie i uroda
/pl/savoir-vivre_nowoczesnej_kobiety-9788374044080,książka / book,Książki i czasopisma / Books and periodicals,Sarah Ivens,Savoir-vivre nowoczesnej kobiety,A modern Girl's Guide to Etiquette,angielski,KDC Klub dla Ciebie,2006,Twarda,12.9x19.1,240,"0,305 kg",,837404408X (837404408X),9788374044080,/img/product_images_new/007/164007_01_savoir-vivre_nowoczesnej_kobiety.300.jpg,"Dobre maniery na co dzień, czyli sztuka unikania gaf. Wiedza o tym, jak się zachować, jest wyjątkowo cenna we współczesnym świecie. Wciąż wystawiane jesteśmy na ciężkie próby i nie dość, że nie możemy pozwolić sobie na wpadkę, to jeszcze musimy robić dobre wrażenie. Każdej z nas zależy na tym, aby zyskać opinię dobrze ułożonej, umiejącej się znaleźć młodej kobiety. Czy kiedykolwiek straciłaś głowę i nie wiedziałaś, jak się zachować, którymi sztućcami zaatakować przystawkę i jak zniechęcić szefa do okazywania ci nadmiernego zainteresowania? Ten zabawny supernowoczesny poradnik pomoże każdej kobiecie wybrnąć z najtrudniejszej pułapki towarzyskiej - z gracją, w dobrym stylu i z pewnością siebie! Adresowany jest do młodych kobiet. Radzi, jak być jednocześnie cool i nie zapomnieć o dobrym wychowaniu w najrozmaitszych sytuacjach życiowych. Prezentuje zasadnicze kwestie związane z etykietą i przytacza wiele przykładów z życia współczesnych kobiet. Nie może go zabraknąć w twojej bibliotece! - Błyskotliwe rozmowy towarzyskie - Komunikacjia słowna i elektroniczna - Bezstresowe podróże i eleganckie kolacje - Jak być gospodynią ze snów i gościem doskonałym - Jak poradzić sobie z niegrzecznymi i nieokrzesanymi",
/pl/idealne_klamstwo_wyd_kieszonkowe-9788381950374,książka / book,Książki i czasopisma / Books and periodicals,Abbott Rachel,Idealne kłamstwo wyd. kieszonkowe,,,Filia,2020,,17.5x11.0,,"0,26 kg",,,9788381950374,/img/product_images_new/310/523310_01_idealne_klamstwo_wyd_kieszonkowe.300.jpg,,Kryminały
/pl/wampiry_z_morganville_ksiega_3_pan_ciemnosci_godzi-9788324136469,książka / book,Książki i czasopisma / Books and periodicals,Rachel Caine,Wampiry z Morganville Księga 3 Pan ciemności. Godzina Łowów,,polski,AMBER,2010,Miękka,13.0x20.5,480,"0,36 kg",,9788324136469 (9788324136469),9788324136469,/img/product_images_new/217/29217_01_wampiry_z_morganville_ksiega_3.300.jpg,"Straszliwa burza zawita nad Morganville. Nowy władca skąpie miasto we krwi. Czy ochroni je śmiertelna siedemnastolatka? Powrót nieśmiertelnego Bishopa zburzył złudny spokój Morganville. Starcie dwóch stronnictw wampirów pogrążyło miasto w krwawej walce. A nowy władca chce zniszczyć wszystkich - i ludzi, i wampiry. Nieśmiertelni wierni poprzedniej władczyni zaczynają ginąć w tajemniczych okolicznościach – na ulicach jest coraz mniej życia, a coraz więcej grozy... Clare może ocalić Morganville. Ale będzie musiała wybierać: sojusz z Bishopem i ratunek dla najbliższych albo… śmierć.",
/pl/wampiry_z_morganville_ksiega_4_rozwiane_cienie_poc-9788324136797,książka / book,Książki i czasopisma / Books and periodicals,Rachel Caine,Wampiry z Morganville Księga 4 Rozwiane cienie Pocałunek śmierci,,polski,AMBER,2010,Miękka,13.0x20.5,528,"0,40 kg",,9788324136797 (9788324136797),9788324136797,/img/product_images_new/220/114220_01_wampiry_z_morganville_ksiega_4.300.jpg,"Na Morganville spłynęła cisza... …przed krwawą burzą, której zapobiec może tylko śmiertelna siedemnastolatka… W Morganville zapanował spokój. Claire może wrócić na uniwersytet i spędzać czas ze swoim chłopakiem, a Eve dostaje rolę w sztuce teatralnej. Lecz porządek zaprowadzony przez nieśmiertelną władczynię miasta nie trwa długo. Mnożą się tajemnicze ataki na jej poddanych. Wkrótce pojawia się nowa groza – bunt i szaleństwo. Czy żeby przeżyć kolejną noc, Claire i jej przyjaciele będą musieli porzucić miasto wampirów?",
/pl/rok_z_ewa_chodakowska_twoj_dziennik_fitness-9788363534004,książka / book,Książki i czasopisma / Books and periodicals,"Ewa Chodakowska , Lefteris Kavoukis",Rok z Ewą Chodakowską Twój Dziennik Fitness,,polski,K.E.Liber,2013,Miękka,14.5x20.5,256,"0,45 kg",05.11.2013,9788363534004 (9788363534004),9788363534004,/img/product_images_new/696/146696_01_rok_z_ewa_chodakowska.300.jpg,"To wyjątkowy osobisty przewodnik w drodze do osiągnięcia spektakularnej przemiany zewnętrznej i wewnętrznej pod okiem najpopularniejszej polskiej trenerki Ewy Chodakowskiej dla wszystkich, którzy chcą, aby dbałość o kondycję stała się ich niewymuszonym stylem życia. Trenerka całej Polski, której liczba fanów na Facebooku, przekroczyła pół miliona, autorka bestsellera „Zmień swoje życie z Ewą Chodakowską”, płyt DVD z treningami, aplikacji z ćwiczeniami, ambasadorka marki Adidas i rekordzistka w największym ogólnopolskim treningu grupowym, w swojej najnowszej publikacji występuje w roli trenerki personalnej każdego, kto pragnie w swoim życiu zaznać całkowitej odnowy fizycznej i psychicznej. Ewa Chodakowska proponuje w książce aktywność fizyczną przez cały rok, kierując, motywując i wskazując jak osiągnąć w tym czasie kompleksową metamorfozę oraz zapewniając praktyczne narzędzia pozwalające na samodzielne planowanie treningów i sprawdzanie ich rezultatów. Książka przeznaczona jest na cykl 12 miesięcznej aktywności, który można rozpocząć w dowolnym momencie roku. Zawiera pakiety specjalnych zestawów ćwiczeń na każdą partię ciała, tabele planów treningowych i kontroli wyników, motywacje na każdy miesiąc oraz liczne porady treningowo-dietetyczne, miejsca na notatki i dokumentację swojej przemiany. Książka uwzględnia dodatki specjalne, zawierające cenne wskazówki dla ćwiczących, osobisty kalendarzyk na lata 2014/15 i opatrzona jest wyjątkowymi zdjęciami autorstwa znanej fotograf polskich i międzynarodowych gwiazd, Marleny Bielińskiej.","Poradniki, Zdrowie i uroda"
/pl/skrzydlate_cienie-9788324131846,książka / book,Książki i czasopisma / Books and periodicals,Roy Freirich,Skrzydlate cienie,Winged creatures,angielski,AMBER,2008,Twarda,14.0x20.0,272,"0,43 kg",,9788324131846 (9788324131846),9788324131846,/img/product_images_new/035/29035_01_skrzydlate_cienie.300.jpg,"To miało być zwyczajne miłe popołudnie. Przyszli tu, żeby zjeść obiad, ale nie wstaną razem od stołu. Nie wszyscy stąd wyjdą. Strzały szaleńca zabiorą im najbliższych, spokój i sens dalszego życia. Uwięzieni w zatrzymanym obrazie tamtej chwili jak skrzydlate cienie będą szukać siebie z przedtem. Przypadkowi ludzie połączeni przypadkową tragedią. Będą szamotać się w bólu, w poczuciu winy, straty i żałoby, to jak ćmy, to jak osy, to jak drapieżne ptaki. Będą błąkać się jak furie, we wściekłości i samotności. Czy jeszcze kiedyś będą potrafili poszybować do nieba jak anioły? Skrzydlate cienie to wybitna powieść psychologiczna amerykańskiego pisarza Roya Freiricha. Wstrząsająca, poetycka, głęboka - rozdrapuje najstraszliwsze chwile życia, na które żaden człowiek nigdy nie jest przygotowany i z których nie każdy wychodzi cało. Powieść została zekranizowana w gwiazdorskiej obsadzie. W filmie występują m.in. laureaci Oscarów Forest Whitaker i Jennifer Hudson oraz Kate Backinsale, Guy Pearce i obsypana nagrodami Dakota Fanning.","Psychologiczna, Powieść zagraniczna"
/pl/najdalsza_granica_pamietniki_niemieckiego_zolnierz-9788365678898,książka / book,Książki i czasopisma / Books and periodicals,Helmut Pabst,Najdalsza granica Pamiętniki niemieckiego żołnierza z frontu wschodniego 1941-1943,,polski,Fundacja Historia PL,2020,Twarda,15.0x21.5,212,"0,34 kg",,9788365678898 (9788365678898),9788365678898,/img/product_images_new/087/511087_01_najdalsza_granica.300.jpg,"Pośmiertny pamiętnik młodego żołnierza, Helmuta Pabsta. Pisany z narażeniem życia, ponieważ  jest  antywojenny i w  swoim przekazie  antyhitlerowski. Opowiada o codziennych wydarzeniach, w tym i tych najbardziej przerażających. Książka jest fascynującym, osobistym zapisem dni jednej z największych kampanii II wojny światowej. Według brytyjskiego  czasopisma ""Observer"" to  arcydzielo  literatury  pamietnikarskiej II wojny światowej.",
/pl/dziecko_dla_srednio_zaawansowanych-9788310110954,książka / book,Książki i czasopisma / Books and periodicals,Leszek K. Talko,Dziecko dla średnio zaawansowanych,,polski,NASZA KSIĘGARNIA,2006,Twarda,15.0x21.0,125,"0,285 kg",,8310110952 (8310110952),9788310110954,/img/product_images_new/012/176012_01_dziecko_dla_srednio_zaawansowanych.300.jpg,"Książka jest kontynuacją ""Dziecka dla początkujących"". Podobnie jak w pierwszej części, i tym razem Autor opisuje, z ogromną dawką humoru i zdroworozsądkowym podejściem, własne doświadczenia rodzicielskie, tyle że już z dwójką małych dzieci. Trafność obserwacji, zacięcie satyryczne oraz doświadczenie „na własnej skórze"" problemów wychowawczych sprawiają, że książka - jak żaden ""poważny"" poradnik teoretyczny - może być źródłem wielu cennych wskazówek praktycznych.",
/pl/zdrowie_na_wlasne_zyczenie_1_oczyszczenie-9788392192220,książka / book,Książki i czasopisma / Books and periodicals,Józef Słonecki,Zdrowie na własne życzenie 1. Oczyszczenie,,polski,BIOSŁONE,2011,Miękka,14.4x20.6,136,"0,18 kg",,8392192222 (8392192222),9788392192220,/img/product_images_new/727/107727_01_zdrowie_na_wlasne_zyczenie_1_oczyszczenie.300.jpg,"Książka jest skierowana do tych czytelników, którzy pragną sami zadbać o swoje zdrowie i najbliższej rodziny, z czym wiąże się nabycie odpowiedniej wiedzy dotyczącej przyczyn powstawania chorób. Autor uświadamia nas, że pożywienie współczesnego człowieka zawiera substancje toksyczne, takie jak konserwanty pozwalające przedłużyć okres przydatności do spożycia, dodatki poprawiające wygląd, smak i zapach, środki chemiczne używane w uprawie roślin czy antybiotyki i hormony stosowane w hodowli zwierząt. Rośliny uprawiane w ogródkach, narażone na oddziaływanie kwaśnych deszczów, także nie są wolne od zanieczyszczeń substancjami toksycznymi. Wszystkie te toksyczne substancje mają jedną wspólną cechę: powodują zaburzenia jelitowe, czyli że upośledzają wchłanianie podstawowych substancji odżywczych w przewodzie pokarmowym - białek, węglowodanów, tłuszczów oraz związków mineralnych i witamin. W wyniku tego z jednej strony występuje deficyt tych składników w organizmie (nawet przy dostatecznej podaży ich w pożywieniu), a z drugiej strony, na skutek owych zaburzeń we wchłanianiu, do organizmu przedostają się substancje toksyczne, takie jak nie do końca strawione resztki pokarmowe, wydalony do światła jelit utleniony cholesterol, drobnoustroje chorobotwórcze infekujące przewód pokarmowy, głównie drożdżopodobny grzyb Candida albicans. I właśnie tu - we wchłanianiu należy upatrywać przyczyny wszystkich chorób. A skoro tak - systematyczne oczyszczanie przewodu pokarmowego i związane z nim usprawnienie wchłaniania wystarczy, żeby wyleczyć wszystkie choroby (bez względu na to, jak się nazywają), a kiedy już tego dokonamy, to systematyczne oczyszczanie przewodu pokarmowego kontynuujemy. Po co? Żeby zdrowie i związaną z nim aktywność fizyczną i umysłową zachować do późnej starości. Jeśli szukasz właśnie tego - dobrze trafiłeś.",
/pl/zywienie_dzieci-9788320036152,książka / book,Książki i czasopisma / Books and periodicals,"Halina Woś , Anna Staszewska-Kwak",Żywienie dzieci,,polski,PZWL,2008,Miękka,14.0x20.0,136,"0,16 kg",,9788320036152 (9788320036152),9788320036152,/img/product_images_new/435/19435_01_zywienie_dzieci.300.jpg,"Autorki w przystępny sposób przedstawiają zagadnienia dotyczące odżywiania dzieci w różnych grupach wiekowych. Osobny rozdział poświęcono także żywieniu przyszłych matek. W poradniku omówiono ogólne zasady zdrowego odżywiania i wartości odżywcze poszczególnych składników pokarmowych, a także kształtowanie właściwych nawyków żywieniowych u najmłodszych. Przedstawiono również żywienie dzieci w różnych stanach chorobowych. Opisano też szczególne zagadnienia, np. diety wegetariańskie w jadłospisie dziecięcym. Zamieszczone w książce proste przepisy kulinarne pozwolą przyrządzić zdrowe i urozmaicone potrawy. Cennym uzupełnieniem są adresy internetowe, pod którymi można znaleźć porady dietetyczne. Publikacja przeznaczona jest zarówno dla młodych, jak i bardziej doświadczonych rodziców, a także dla wszystkich osób sprawujących codzienną opiekę nad dziećmi. Spis treści Wstęp Podstawowe wiadomości z zakresu żywienia dzieci Żywienie przyszłej matki Żywienie noworodka i niemowlęcia Żywienie dzieci małych Żywienie dziecka przedszkolnego Żywienie dziecka szkolnego Sytuacje szczególne Żywienie dziecka w wybranych stanach chorobowych Porady żywieniowe w internecie Słownik terminów medycznych i żywieniowych Przykładowe przepisy kulinarne Piśmiennictwo uzupełniające Zakończenie Wykaz skrótów",
/pl/co_nas_nie_zabije-9788380150492,książka / book,Książki i czasopisma / Books and periodicals,David Lagercrantz,Co nas nie zabije,DET SOM INTE DÖDAR OSS,szwedzki,CZARNA OWCA,2015,Miękka,13.5x21.0,503,"0,52 kg",27.08.2015,9788380150492 (9788380150492),9788380150492,/img/product_images_new/111/209111_01_co_nas_nie_zabije.300.jpg,"Książka, na którą czeka cały świat! Co nas nie zabije  – kontynuacja trylogii Millennium Stiega Larssona napisana przez Davida Lagercrantza. Mikael Blomkvist przechodzi kryzys i rozważa porzucenie zawodu dziennikarza śledczego. Lisbeth Salander podejmuje duże ryzyko i bierze udział w zorganizowanym ataku hakerów. Ich drogi krzyżują się, kiedy profesor Balder, ekspert w dziedzinie badań nad sztuczną inteligencją, prosi Mikaela o pomoc. Profesor posiada szokujące informacje na temat działalności amerykańskich służb specjalnych. Mikael bez wahania leci do Doliny Krzemowej zbierać materiały do sensacyjnego tekstu, który nie tylko może uratować jego karierę, ale też wpłynąć na losy całego świata. Informacja dotycząca wprowadzenia produktu do obrotu: Ten produkt został wprowadzony na rynek przed 13 grudnia 2024 r. zgodnie z obowiązującymi wówczas przepisami (Dyrektywą o ogólnym bezpieczeństwie produktów). W związku z tym może on być nadal sprzedawany bez konieczności dostosowania do nowych wymogów wynikających z Rozporządzenia o Ogólnym Bezpieczeństwie Produktów (GPSR). Produkt zachowuje pełną legalność w obrocie, a jego jakość i bezpieczeństwo pozostają zgodne z obowiązującymi wcześniej standardami. Information regarding product placement on the market: This product was placed on the market before December 13, 2024, in accordance with the applicable regulations at the time (the General Product Safety Directive). As a result, it can continue to be sold without needing to meet the new requirements introduced by the General Product Safety Regulation (GPSR). The product remains fully compliant with all previously valid legal standards, ensuring its continued quality and safety.",
/pl/niewidzialny_straznik-9788375547108,książka / book,Książki i czasopisma / Books and periodicals,Dolores Redondo,Niewidzialny strażnik,EL GUARDIÁN INVISIBLE,hiszpański,CZARNA OWCA,2013,Miękka,20.9x13.0,416,"0,42 kg",06.11.2013,9788375547108 (9788375547108),9788375547108,/img/product_images_new/298/150298_01_niewidzialny_straznik.300.jpg,"Po raz pierwszy w Czarnej Serii powieść z elementami fantastyki i mitologii baskijskiej. W mrocznej dolinie rzeki Baztán zostaje znalezione nagie ciało nastoletniej dziewczyny. Policja szybko ustala związek pomiędzy jej śmiercią a mordem na innych młodych ofiarach. Śledztwo trafia w ręce detektyw śledczej Amaii Salazar. Aby je prowadzić, Amaia wraca w do rodzinnego miasteczka, które kojarzy jej się raczej z koszmarami dzieciństwa, niż beztroską idyllą młodości. Jej zmagania ze sprawą brutalnych morderstw angażują ją także osobiście, a wstrząsające zbrodnie ujawniają symbolikę seksualną. Wzdłuż rzeki odnajdują się kolejne ciała, nie pozostawiając detektyw ani chwili wytchnienia. Przerażająca, nierozwikłana tajemnica z dzieciństwa powraca niczym koszmarny sen… Odizolowana od świata społeczność małego miasteczka, otoczonego gęstwiną lasów przywołuje na myśl klimaty serialu Miasteczko Twin Peaks.",
/pl/na_przekor_losowi-9788375758597,książka / book,Książki i czasopisma / Books and periodicals,"Melanie Davies , Lynne Barrett-Lee",Na przekór losowi,Never Say Die,angielski,Hachette Polska,2011,Miękka,13.5x20.5,352,"0,29 kg",,9788375758597 (9788375758597),9788375758597,/img/product_images_new/184/83184_01_na_przekor_losowi.300.jpg,"W pewien sobotni, majowy poranek 1980 roku Melanie Bowen, ładna piętnastoletnia dziewczyna, chwyciła skórzaną kurtkę i wybiegła z domu. Po wypadku samochodowym sparaliżowana dziewczyna przetrwała miesiące rozpaczy podczas rehabilitacji, przeżyła następny poważny wypadek, rozpoznano u niej raka piersi... Ale jej życie to nie tylko pasmo nieszczęść: wzięła udział w zawodach lekkoatletycznych, otarła się o świat filmu i powołała do życia własną fundację. Na przekór losowi, znalazła też szczęście: wyszła za mąż za chirurga, który dwadzieścia pięć lat wcześniej poinformował ją, że już nigdy nie będzie mogła chodzić.",
/pl/jak_dobrze_wygladac_nago-9788324515806,książka / book,Książki i czasopisma / Books and periodicals,Gok Wan,Jak dobrze wyglądać nago,How to Look Good Naked,angielski,PUBLICAT,2016,Twarda,17.0x20.0,220,"0,60 kg",,9788324515806 (9788324515806),9788324515806,/img/product_images_new/442/30442_01_jak_dobrze_wygladac_nago.300.jpg,"Gok Wan - stylista i guru mody, udowadnia w tej książce, że możesz prezentować się wspaniale, nie poddając się drakońskiej diecie czy nieprzyjemnym zabiegom kosmetycznym. Obojętnie, jaką masz figurę, Gok doradzi Ci, jak dopasować garderobę do Twojego typu sylwetki, jaką wybrać bieliznę i dodatki. Odsłoni przed Tobą tajemnice i triki wytrawnego stylisty, byś mogła olśnić otoczenie swoim wyglądem.","Poradniki, Zdrowie i uroda"
/pl/gulasz_z_turula-9788375360400,książka / book,Książki i czasopisma / Books and periodicals,Krzysztof Varga,Gulasz z turula,,polski,Czarne,2020,Miękka ze skrzydełkami,13.0x20.0,186,"0,21 kg",,9788375360400 (9788375360400),9788375360400,/img/product_images_new/220/78220_01_gulasz_z_turula.300.jpg,"Niepowtarzalna książka autorstwa Krzysztofa Vargi o tajemniczym tytule Gulasz z turula. O madziarskiej melancholii, doskonałej kuchni, samobójstwach, absurdach i wreszcie - o barwnych postaciach przodków.","Literatura faktu, Publicystyka. Esej, Szkice"
/pl/lesbos_najlepsze_opowiadania_erotyczne-9788328008236,książka / book,Książki i czasopisma / Books and periodicals,Kathleen Warnock,Lesbos Najlepsze opowiadania erotyczne,Best lesbian erotica,angielski,W.A.B.,2010,Miękka,13.5x20.2,293,"0,26 kg",,9788328008236 (9788328008236),9788328008236,/img/product_images_new/736/151736_01_lesbos_najlepsze_opowiadania_erotyczne.300.jpg,"Pierwszy w Polsce zbiór lesbijskich opowiadań erotycznych! Ryzykowny pościg na motocyklach, rodzinny piknik, nabożeństwo w małym miasteczku, Święto Dziękczynienia... i kobiety: buntowniczki w skórach, przykładne żony na wspólnym wypadzie do spa, oszustki przebrane za kaznodziejów, złodziejki i artystki - Kathleen Warnock po raz kolejny przedstawia najciekawsze i najbardziej inspirujące lesbiskie opowiadania erotyczne. Tym razem w wyborze tekstów uczestniczyły muzyczki z popularnego w USA zespołu Betty. Udało im się stworzyć kolekcję wyjątkowych tekstów. Wśród kilkunastu autorek znalazły się pisarki, dziennikarki, muzyczki, blogerki i działaczki społeczne. Każda wniosła do ksiażki to, co dla niej najważniejsze i najbardziej podniecające. Różnorodność stylów i pomysłów doskonale współgra z różnorodnością miłosnych uniesień i seksualnych rozkoszy.",Literatura erotyczna
/pl/drugie_dziecko-9788375087369,książka / book,Książki i czasopisma / Books and periodicals,Charlotte Link,Drugie dziecko,Das Andere Kind,niemiecki,Sonia Draga,2013,Miękka,11.5x18.5,520,"0,35 kg",,9788375087369 (9788375087369),9788375087369,/img/product_images_new/930/134930_01_drugie_dziecko.300.jpg,"W niewielkim, sennym nadmorskim miasteczku w północnej Anglii zostaje w wyjątkowo bestialski sposób zamordowana studentka. Policja drepcze w miejscu, gdyż morderca nie zostawił żadnych śladów. Parę miesięcy później, w pobliżu samotnej farmy, zamieszkałej przez zdziwaczałego wdowca i jego córkę, zostaje popełniona kolejna zbrodnia. Tym razem ofiarą pada starsza kobieta. Ambitna i żądna sukcesu komisarz Valerie Almond za wszelką cenę pragnie złapać sprawcę. Podejrzewa, że klucz do rozwiązania tajemniczych morderstw tkwi w przeszłości rodziny drugiej z ofiar. Nie przypuszcza jednak, że tajemnica będzie sięgać aż czasów drugiej wojny światowej, kiedy to w miasteczku pojawiła się z ewakuowanego Londynu dwójka dzieci. Valerie odkrywa, że wszelki ślad po jednym z dzieci, niedorozwiniętym umysłowo chłopcu, bezpowrotnie zaginął. Co się stało z drugim dzieckiem? Czyżby powrócił teraz jako dorosły mężczyzna, by się okrutnie zemścić? Jeśli tak, to za co? Czy uderzy po raz trzeci? Jaką mroczną tajemnicę kryje odludna farma i jej dziwni mieszkańcy?",
/pl/mistrzyni_powiesci_obyczajowej_14_szukajac_gdzie_i-9788377691793,książka / book,Książki i czasopisma / Books and periodicals,Stanisława Fleszarowa-Muskat,Mistrzyni Powieści Obyczajowej 14 Szukając gdzie indziej,,polski,Edipresse Polska,2012,Miękka,11.0x18.0,336,"0,24 kg",,9788377691793 (9788377691793),9788377691793,/img/product_images_new/319/95319_01_mistrzyni_powiesci_obyczajowej_14_szukajac_gdzie_indziej.300.jpg,"Na dorobek pisarski Stanisławy Fleszarowej-Muskat składa się ponad 700 różnorodnych utworów literackich. Seria „Mistrzyni Powieści Obyczajowej” to wybór 25. najchętniej czytanych powieści tej popularnej autorki. Bohaterami jej książek są najczęściej zwykli ludzie, uwikłani w problemy codziennego życia, wśród  których zawsze jest miejsce na pracę, prawdziwą przyjaźń i głęboką miłość.",
/pl/tysiac_dni_w_orvieto_wyd_kieszonkowe-9788308048023,,Książki i czasopisma / Books and periodicals,Marlena De Blasi,Tysiąc dni w orvieto wyd. kieszonkowe,,,Literackie,2011,Miękka,17.5x11.0,344,"0,186 kg",,978-83-08-04802-3 (9788308048023),9788308048023,/img/product_images_new/842/275842_01_tysiac_dni_w_orvieto_wyd_kieszonkowe.300.jpg,"Kontynuacja bestsellerowych Tysiąca dni w Wenecji oraz Tysiąca dni w Toskanii. Nowy dom, nowi sąsiedzi, nowy etap w życiu. Marlena i Fernando opuszczają Toskanię, by osiedlić się w sąsiadującej Umbrii. Ich nowy dom to część renesansowego palazzo mieszczącego się w samym sercu prastarego, przepięknego Orvieto. Podupadła ale nadal pełna uroku budowla wymaga gruntownego remontu, w którym nic nie przebiega jak powinno, dostarcza za to okazji do poznania fascynującej historii miasta i jego mieszkańców. Nietrudno się domyśleć, że sąsiedzi amerykańsko-włoskiej pary szybko polubią nowo przybyłych. Podobnie jak poprzednie książki Marleny de Blasi, Tysiąc dni w Orvieto zawiera wiele smakowitych przepisów na dania z włoskiej kuchni. Gotowanie może być sztuką i ceremoniałem - ale to nie oznacza, że musi być trudne!",
/pl/mamie_na_ratunek_jak_radzic_sobie_z_napadami_zlosc-9788324622887,książka / book,Książki i czasopisma / Books and periodicals,Joni Levine,Mamie na ratunek Jak radzić sobie z napadami złości u dziecka,Mommy Rescue Guide: Tantrums. Lifesaving Techniques and Advice for Coping When Your Child Can,angielski,Helion,2010,Miękka,11.5x17.0,240,"0,20 kg",,9788324622887 (9788324622887),9788324622887,/img/product_images_new/314/32314_01_mamie_na_ratunek_jak_radzic_sobie_z_napadami_zlosci_u_dziecka.300.jpg,"Histeria, furia, rzucanie się po podłodze, kopanie i wrzaski wniebogłosy. Nie tego się spodziewałaś, kiedy zostałaś mamą swojej ukochanej kruszynki. Jak to możliwe, że Twój rozkoszny blond aniołek przy każdym posiłku zamienia się w mały pocisk, pełen wściekłości po brzegi? Dlaczego dwuletnia córeczka na bezradność reaguje agresją? Jak powinnaś się zachować, kiedy Twoje dziecko w prawie każdym sklepie daje popis pełen fajerwerków? Nie pozwól, żeby napady furii zagłuszyły to, co najlepsze w Tobie i Twoim dziecku. Wybuchy złości są u maluchów tak samo normalne, jak strup na kolanie czy nagminne gubienie rękawiczek. Dzięki tej książeczce wreszcie będziesz potrafiła porozumieć się z dzieckiem zarówno przed atakiem gniewu, jak i w jego trakcie oraz po wybuchu. Nauczycie się także wspólnie ograniczać histeryczne zachowania. Opanuj się i wyjdź naprzeciw złości Twojej pociechy: Zrozum przyczyny histerii malucha. Ćwicz własną cierpliwość. Nie bij, nie krzycz i nie dopuszczaj do starcia. Poznaj czynniki przyczyniające się do napadów. Naucz się rozładowywać napięcie u dziecka. Pilnuj, by nikomu nie stała się krzywda.",
/pl/krol_kebabow_i_inne_zderzenia_polsko_-_obce-9788380320451,książka / book,Książki i czasopisma / Books and periodicals,Marta Mazuś,Król kebabów i inne zderzenia polsko - obce,,polski,Wielka Litera,2015,Twarda,14.3x21.0,256,"0,375 kg",30.09.2015,9788380320451 (9788380320451),9788380320451,/img/product_images_new/367/236367_01_krol_kebabow_i_inne_zderzenia_polsko_-_obce.300.jpg,"Do Polski nadciagają imigranci? Oni już tu są Oto historie zderzeń I zdziwień, historie w których “my” spotykamy “ich” Świetnie wykształcona Ukrainka sprzątająca polski bazar. Turek, który przywiózł Polsce kebab i w odpowiedzi na gusta kulinarne Polaków zaczął serwować go z kapustą. Albanka, która wstąpiła do klasztoru. Cygan z Andrychowa planujący zostać polskim superbohaterem. Otwartość poplątana z niezrozumieniem, sympatia podszyta wyższością, niechęć ubrana w poprawne politycznie ględzenie lub bluzgi z internetu. Polacy i cudzoziemcy - patrzą na siebie, choć nie zawsze się widzą, żyją obok siebie, choć rzadko razem. Marta Mazuś - jedno z najmłodszych I najlepszych piór polskiego reportażu – przedstawia trzynaście opowieści o sukcesach, porażkach, determinacji, o rozczarowaniach życiem w Polsce. O nadziei. O codzienności tych Innych, Obcych. A może bardziej o nas samych? Kilkanaście zdumiewających losów, opisanych  z wyczuciem dramatu, fantastycznym szczegółem I poczuciem humoru. Sprawiedliwie, bo obu stronom – przybyszom I tutejszym – dostaje się po równo. Głęboko, bo za każdym losem plątanina spraw, z którymi obie strony z trudem sobie radzą, lub nie radzą wcale. Dobre przygotowanie do spotkania z innymi, którzy napływają. Małgorzata Szejnert Ludzie stamtąd stali się ludźmi stąd. Niedawni obcy, stali się częścią polskiego społeczeństwa. O tym, jak ich przyjęliśmy i jak oni odnaleźli się wśród nas, fascynująco pisze Marta Mazuś. Michał Nogaś, Polskie Radio Trójka",Literatura faktu
/pl/niesmiertelni-9788375549829,książka / book,Książki i czasopisma / Books and periodicals,Vincent V. Severski,Nieśmiertelni,,polski,CZARNA OWCA,2020,Miękka,13.5x21.0,800,"0,66 kg",22.10.2014,9788375549829 (9788375549829),9788375549829,/img/product_images_new/266/182266_01_niesmiertelni.300.jpg,"W świecie wywiadu nigdy nic nie jest tym, na co wygląda. W każdej akcji trzeba zaplanować przypadek, a szpiegów nie ma tam, gdzie ich szukasz. Ekipa Konrada Wolskiego znów rusza do akcji daleko poza granice kraju. Dostają niezwykle trudne zadanie. Jadą do Teheranu, by zapobiec konfliktowi zbrojnemu na skalę światową. Niestety wszystko zaczyna się komplikować. Czy Konrad i Sara wygrają wyścig z czasem i uratują życie swoich ludzi? Tymczasem na politechnice w Sztokholmie zostają brutalnie zamordowane cztery osoby. Do gry wraca inspektor Gunnar Selander, który wraz z genialną hakerką Harriet Berghen i naczelnik wydziału ds. zwalczania terroryzmu Lindą Lund mają rozwiązać tę zagadkę. Śledztwo jest jednak zbyt trudne, by poradzili sobie z nim sami. Rozpoczynają arcytrudną rozgrywkę ze światem szpiegów i zdrajców. W Moskwie dochodzi do cichego zamachu stanu. Michaił Popowski, chcąc wspomóc spiskowców, wyjeżdża do Sztokholmu na ostatnią misję. Jagan wraz ze swoim oddziałem podąża za Aminą na Kaukaz.",
/pl/czarne_minuty-9788375369021,książka / book,Książki i czasopisma / Books and periodicals,Martín Solares,Czarne minuty,,polski,Czarne,2015,Miękka,12.8x21.0,416,"0,30 kg",22.01.2015,9788375369021 (9788375369021),9788375369021,/img/product_images_new/130/194130_01_czarne_minuty.300.jpg,"Ofiarą brutalnego zabójstwa pada młody dziennikarz Bernardo Blanco. W toku śledztwa wychodzą na jaw niepokojące fakty związane z głośnym dochodzeniem sprzed dwudziestu lat. Policjant Ramón Cabrera odkrywa, że Blanco pracował nad książką o sprawie kilku uczennic z Paracuánu, które w latach siedemdziesiątych zostały zamordowane przez człowieka zwanego Szakalem. Cabrera nie ma wątpliwości, że zabójca chciał powstrzymać dziennikarza przed ujawnieniem prawdy. Świat Solaresa jest pełen przemocy i pasji. Skorumpowani policjanci chronią wpływowych polityków i ich bliskich bez względu na to, jak okrutnych dopuszczą się zbrodni, a każdy, kto dąży do prawdy, znajduje się w śmiertelnym niebezpieczeństwie. ""Czarne minuty"" to więcej niż wciągający kryminał, to znakomita literatura. Rzadko się zdarza tak elektryzujący debiut. ""Ta wciągająca powieść zmusza czytelnika do konfrontacji z dręczącym paradoksem ludzkiej natury, odwieczną tajemnicą niegodziwości."" „Publishers Weekly” ""Świat przedstawiony w „Czarnych minutach” wywołuje lęk i odrazę, lecz Solares opisuje go w sposób zaskakująco piękny i fascynujący."" Larry Rohter, „The New York Times” ""Ten kryminał to także refleksja nad korupcją; doskonale uchwycono w nim koszmarną bezradność, którą budzą fale związanej z narkotykami przemocy, przetaczające się przez północny Meksyk."" „The Nation” ""Powieść Martina Solaresa jest intensywna i żywiołowa, pełna przemocy i akcji."" „El Pais” ""Solares przedstawia imponujący ciąg wydarzeń, konstruując pełną akcji fabułę, która ani na chwilę nie zwalnia tempa. […] To prawdziwy pisarz."" „El Mundo”",
/pl/wstyd-9788367054966,książka / book,Książki i czasopisma / Books and periodicals,Robert Małecki,Wstyd,,polski,Czwarta Strona,2022,Miękka,20.5x13.5,408,"0,412 kg",13.04.2022,9788367054966 (9788367054966),9788367054966,/img/product_images_new/734/645734_01_Wstyd.300.jpg,"Wstyd zamyka nam usta. Ale przemilczane sprawy zawsze wracają. Julia Karlińska, była policjantka nazywana Karlą, uczy historii w liceum medycznym i samotnie wychowuje nastoletnich bliźniaków. Mundur odwiesiła po tragicznej śmierci męża, policjanta, który zginął w wypadku motocyklowym. Sprawcy tragedii nigdy nie odnaleziono. Ale duchy przeszłości się obudzą, gdy Śmierszynem, miastem Karlińskiej, wstrząśnie wieść o zabójstwie Sławomira Nowaka, znanego profesora matematyki oraz jej kolegi z „medyka”. Będzie to dopiero początek splotu dramatycznych wydarzeń. Tego samego dnia kobieta będzie musiała się zmierzyć z traumą zaginięcia jednego z synów. Kiedy się okaże, że chłopiec nie żyje, instynkt śledczy podpowie Karli, że obie sprawy należy połączyć w jedno śledztwo. Mocny thriller kryminalny o uczuciu, które może dać początek złu i o mrocznej drodze ku prawdzie, która wyniesiona na powierzchnię, rani do krwi.","Kryminały, Powieść polska"
/pl/mowimy_po_angielsku_kurs_dla_poczatkujacych-978832140095219,książka / book,Książki i czasopisma / Books and periodicals,Leon Leszek Szkutnik,Mówimy po angielsku Kurs dla początkujących,,"angielski, polski",WIEDZA POWSZECHNA,2001,Miękka,14.0x20.0,304,"0,34 kg",,8321400957 (8321400957),978832140095219,/img/product_images_new/098/22098_01_mowimy_po_angielsku.300.jpg,Podrecznik do nauki samodzielnej lub pod kierunkiem lektora. - 100 lekcji; - typowe dialogi w różnych sytuacjach życiowych; - objaśnienia wyrazów i zwrotów; - komentarz gramatyczny; - ćwiczenia; - słownik angielsko-polski z zapisem wymowy.,Książki po angielsku
/pl/nasz_czlowiek_z_szanghaju-9788379430390,książka / book,Książki i czasopisma / Books and periodicals,Asa Lantz,Nasz człowiek z Szanghaju,VAR MAN I SHANGHAI,szwedzki,ŚWIAT KSIĄŻKI,2013,Miękka,13.5x21.5,592,"0,54 kg",23.10.2013,9788379430390 (9788379430390),9788379430390,/img/product_images_new/090/149090_01_nasz_czlowiek_z_szanghaju.300.jpg,"""Są dwa rodzaje ludzi, których bały się kobiety. To mężczyźni. I policjanci"". Isa Montgomery pracuje nad nowym materiałem dokumentalnym dla telewizji. Bezdomni mężczyźni z Göteborga jeżdżą regularnie do Szanghaju, nie wiadomo jednak po co i kto się za tymi wyprawami kryje. Reportaż jest dla Isy ostatnią szansą, by po kilku latach spędzonych w domu przy mężu wrócić znowu do pracy w telewizji. Poznaje bezdomną Śpiącą Królewnę, której mąż Henning niedawno przepadł bez wieści w Szanghaju, ona zaś otrzymuje mejlem makabryczny filmik, z którego wynika, że Henning poddawany jest tam torturom. W tym samym czasie w Szanghaju przebywa również reżyser teatralny Viggo Sjöström, zaproszony wraz z zespołem teatru z Göteborga na gościnne występy przez zamożnego pana Sun. Lista gości, którzy mają być obecni na prywatnym spektaklu przygotowanym przez pana Sun, jest osobliwa i obejmuje rozmaite osoby z różnych krajów. Wśród nich znajduje się także Isa, która decyduje się tam pojechać, gdy znika również córka Śpiącej Królewny, a wszystkie ślady prowadzą do Szanghaju. Asa Lantz osnuła swą nową powieść sensacyjną na prawdziwych zdarzeniach, skupiając się na dwóch na pozór całkowicie różnych kobietach, które jednak łączy znacznie więcej, niż można by przypuszczać.",Sensacyjne i thrillery
/pl/zloto_spartan-9788324138692,książka / book,Książki i czasopisma / Books and periodicals,"Clive Cussler , Grant Blackwood",Złoto Spartan,,polski,AMBER,2011,Miękka,14.5x21.0,344,"0,30 kg",,9788324138692 (9788324138692),9788324138692,/img/product_images_new/346/29346_01_zloto_spartan.300.jpg,"Nowa seria z nowymi bohaterami w niebezpiecznym wyścigu po legendarny skarb: od tropikalnych mórz, przez wygnańczą wyspę Napoleona, po ośnieżone przełęcze Alp Tysiące lat temu dwa antyczne mocarstwa wszczęły wojnę. Zwycięzca zagarnął bezcenny skarb, który wkrótce zaginął w mroku dziejów. W 1800 roku podczas przeprawy przez Alpy Napoleon Bonaparte dokonał zdumiewającego odkrycia i oznaczył jego miejsce na zaszyfrowanej mapie. Lecz mapa Napoleona zniknęła, a pamięć o niej przeminęła jak triumfy Wielkiej Armii… Aż do dziś. Małżeństwo Sam i Remi Fargo, miłośnicy historii i poszukiwacze skarbów, znajdują na mokradłach w Maryland… niemieckiego U-Boota z czasów wojny. I coś, co może być kluczem do zaginionej mapy Napoleona. Co wciągnie ich w pojedynek z ogarniętym obsesją szaleńcem, dla którego starożytny skarb jest cenniejszy niż ludzkie życie...",
/pl/zagubiony-9788381437691,książka / book,Książki i czasopisma / Books and periodicals,Simon Beckett,Zagubiony,The Lost,angielski,Czarna owca,2022,Miękka,13.5x21.0,384,"0,30 kg",12.10.2022,9788381437691 (9788381437691),9788381437691,/img/product_images_new/276/714276_01_Zagubiony.300.jpg,"Nieprzenikniony mrok, skrzypienie łodzi unoszących się na ciemnej toni i zrujnowany magazyn. Na Nabrzeżu Rzeźników właśnie wybiła północ. Sierżant Jonah Colley nie spodziewał się, że jeszcze kiedyś usłyszy Gavina. Kiedy stary przyjaciel poprosił, żeby przyjechał na Nabrzeże Rzeźników, początkowo nie wiedział, co zrobić. To prawda, nie rozmawiali ze sobą od dziesięciu lat. Ale nigdy nie słyszał w głosie Gavina paniki. Dziesięć lat temu Jonah był innym człowiekiem. Mężem. Ojcem. Ale pewnego przedpołudnia w trakcie wyjścia do parku jego czteroletni synek Theo zniknął. Poszukiwania, w których brał udział Gavin, nie przyniosły żadnego rezultatu. Życie Jonaha legło w gruzach. Stojąc przed magazynem nad rzeką, Jonah wybiera numer przyjaciela. Sygnał rozlega się gdzieś wewnątrz budynku, ale jego wnętrze spowija absolutna ciemność. Wbrew procedurom Jonah decyduje się wejść do środka. W powietrzu unosi się ciężki, metaliczny zapach krwi… Simon Beckett powraca w wielkim stylu. Autor światowego bestsellera – serii thrillerów kryminalnych z Davidem Hunterem – przedstawia pierwszy tom nowej serii.  Wspaniały thriller jednego z najlepszych pisarzy kryminalnych będącego w szczytowej formie. – Peter James Oszałamiający thriller. – „Daily Mail” Pełna napięcia i pokręcona opowieść. – „The Sun”","Powieść zagraniczna, Kryminały"
/pl/cherudek-9788324009169,książka / book,Książki i czasopisma / Books and periodicals,Znak,Cherudek,,,ZNAK,2008,Miękka,,464,"0,889 kg",16.01.2008,9788324009169 (9788324009169),9788324009169,/img/product_images_new/691/379691_01_cherudek.300.jpg,"Najbardziej oniryczna z książek o inkwizytorze Eymerichu  Wiara to herezja. Cnota to grzech. Rzeczywistość to pozór.  Jest rok 1360. Na polach bitewnych wojny stuletniej panuje spokój. Jednak kruchy rozejm może się zakończyć, gdy orszak angielskich posłów zostaje wybity przez tajemniczy oddział zbrojny. Przebiegły intrygant, inkwizytor Nicolas Eymerich, wyrusza, by rozwiązać zagadkę armii najemników, o której krążą niewiarygodne pogłoski. Tymczasem w okolicy na sile zyskuje kult, którego przedstawiciele kontaktują się z duchami. W politycznym chaosie pojawia się wielu graczy, a szaleństwo, świętość i herezja przestają się od siebie różnić... Sześć wieków później trzech jezuitów przybywa do pogrążonego we mgle sennego miasteczka. Wypełniając tajemniczą misję, poszukują ksiąg, znaków i śladów z przeszłości. Stopniowo orientują się, że rzeczywistość to tylko pozór, a prawda leży w mrocznej historii miasteczka, które powoli zamienia się w pułapkę.  Natomiast w Negentropii, miejscu poza czasem, mieszka pradawna istota, która w oczekiwaniu na upragnioną śmierć splata wątki cudzych snów. Cherudek to mozaika przenikających się światów i planów czasowych, która odsłania się stopniowo przed oczami czytelnika. Mroczny klimat, jakby z pogranicza jawy i snu, przywodzi na myśl książki Philipa K. Dicka.",
/pl/wladca_pierscieni_tom_3_powrot_krola-9788377856826,książka / book,Książki i czasopisma / Books and periodicals,J.R.R. Tolkien,Władca Pierścieni Tom 3: Powrót króla,The Lord of The Rings: Return of The King,angielski,ZYSK I S-KA,2015,Miękka,14.0x20.5,600,"0,484 kg",15.06.2015,9788377856826 (9788377856826),9788377856826,/img/product_images_new/213/207213_01_wladca_pierscieni_tom_3_powrot_krola.300.jpg,"Trzecia część Władcy Pierścieni, porywającej przygody, stworzonej z epickim rozmachem przez J.R.R. Tolkiena. Zebrały się armie Władcy Ciemności, a jego przerażający cień sięga coraz dalej. Połączone siły ludzi, krasnoludów, elfów i entów stają naprzeciw nawałnicy mroku. Tymczasem Frodo i Sam uparcie wędrują w głąb Mordoru, zamierzając zrealizować cel ich heroicznej misji i zniszczyć Pierścień Jedyny.",
/pl/kolor_jej_serca-9788377586037,książka / book,Książki i czasopisma / Books and periodicals,Barbara Mutch,Kolor jej serca,,polski,Muza,2014,Miękka ze skrzydełkami,13.0x20.5,432,"0,33 kg",19.03.2014,9788377586037 (9788377586037),9788377586037,/img/product_images_new/481/157481_01_kolor_jej_serca.300.jpg,"Poruszająca powieść o niezwykłej przyjaźni dwóch kobiet pozornie stojących po przeciwnych stronach barykady w czasach apartheidu W roku 1919 Cathleen Harrington opuszcza rodzinny dom w Irlandii i wyrusza do Afryki Południowej, by poślubić narzeczonego, którego nie widziała od pięciu lat. Wyobcowana i samotna w nowych trudnych warunkach, pociechę znajduje w pisaniu dziennika, a także w przyjaźni z córką swojej czarnoskórej służącej, Adą. Pod troskliwym okiem Cathleen Ada wyrasta na wytrawną pianistkę i miłośniczkę słowa pisanego, która nie potrafi się oprzeć zaglądaniu do dziennika Cathleen i odkrywaniu jej tajemnic. Kiedy Ada zostaje zhańbiona i odkrywa, że spodziewa się dziecka mieszanej rasy, ucieka z domu. Traktowana z pogardą we własnym środowisku, musi walczyć o godne życie dla siebie, swego dziecka i swojej muzyki. Ale Cathleen nadal wierzy w Adę i usiłuje ją odnaleźć, buntując się przeciw ograniczeniom apartheidu. Czy miłość i nadzieja przezwyciężą okrucieństwo? Czy Cathleen i Ada zaznają odkupienia? Książka poruszająca, mądra, piękna.",
/pl/wilken_bracia_krwi-9788362478033,książka / book,Książki i czasopisma / Books and periodicals,Di Toft,Wilken Bracia krwi,Wolven,angielski,Bukowy Las,2014,Miękka,13.0x20.0,312,"0,299 kg",,9788362478033 (9788362478033),9788362478033,/img/product_images_new/077/50077_01_wilken_bracia_krwi.300.jpg,"Życie trzynastoletniego Nata Carvera zmienia się raz na zawsze w dniu, w którym do jego domu trafia pewien dziwny cuchnący kundel. W rzeczywistości Woody jest ostatnim z wilkenów - istot, które, jak sądzono, istnieją tylko w baśniach. Wkrótce potem Nat dowiaduje się, że Woody uciekł ze ściśle tajnej placówki badawczej i poszukuje go kilku naprawdę złych osobników...","Dla dzieci i młodzieży, Literatura dla młodzieży, Dla dzieci i młodzieży"
/pl/wilken_2_cyrk_polmroku-9788362478279,książka / book,Książki i czasopisma / Books and periodicals,Di Toft,Wilken 2 Cyrk półmroku,,,Bukowy Las,0,,19.8x13.0,,"0,357 kg",,,9788362478279,/img/product_images_new/100/50100_01_wilken_2_cyrk_polmroku.300.jpg,,"Dla dzieci i młodzieży, Dla dzieci i młodzieży, Literatura dla młodzieży"
/pl/heartland_1-2_powroty_po_burzy-9788324594634,książka / book,Książki i czasopisma / Books and periodicals,Lauren Brooke,Heartland 1-2 Powroty Po Burzy,,polski,Dolnośląskie,2017,Miękka ze skrzydełkami,12.2x20.0,336,"0,29 kg",29.03.2013,9788324594634 (9788324594634),9788324594634,/img/product_images_new/800/130800_01_heartland_1-2_powroty_po_burzy.300.jpg,"Heartland to schronisko dla koni, wtulone między wzgórza Virginii, ale i coś więcej. To miejsce jedyne w swoim rodzaju - gdzie leczone są blizny przeszłości, gdzie przerażone i źle traktowane konie uczą się od nowa ufać ludziom. Tom 1. POWROTY Dla Amy Heartland jest domem. Od dziecka obserwowała, jak jej mama przywraca ufność i nadzieję koniom, które jeszcze nie tak dawno były niebezpieczne i przestraszone. Amy odziedziczyła po mamie talent - umiejętność słuchania koni i rozumienia ich potrzeb. Tragiczny wypadek burzy spokojne życie Amy. Teraz musi trzymać się tego, czego nauczyła ją mama - wiary, że w Heartlandzie mogą zdarzać się cuda. Tom 2. PO BURZY Amy nie widziała Spartana od czasu wypadku - burzowego popołudnia, które na zawsze zmieniło jej życie. Teraz Spartan pojawił się w Heartlandzie. To już nie jest ten sam koń, teraz przepełnia go wściekłość i gniew skierowany ku Amy.","Dla dzieci i młodzieży, Literatura dla młodzieży"
/pl/hybrydy-9788389951823,książka / book,Książki i czasopisma / Books and periodicals,Robert J. Sawyer,Hybrydy,,polski,SOLARIS,2008,Twarda z obwolutą,,384,"0,348 kg",,9788389951823 (9788389951823),9788389951823,/img/product_images_new/228/113228_01_hybrydy.300.jpg,"FINAŁ ZNAKOMITEJ TRYLOGII NEANDERTALSKA PARALAKSA Trzecia i ostatnia część trylogii o dwóch równoległych światach – bliźniaczych Ziemiach – naszej, zdominowanej przez człowieka i drugiej, opanowanej przez Neandertalczyków. W Hybrydach Ponter Boddit i jego partnerka z Ziemi Homo sapiens, Mary Vaughan, stają przed koniecznością pogodzenia życia w dwóch światach. Usiłują znaleźć sposób, aby ich niezwykły związek mógł przetrwać pomimo piętrzących się trudności i różnic. Za pomocą zakazanej neandertalskiej technologii planują począć dziecko, pierwszego hybryda - symbol nadziei na połączenie dwóch tak odmiennych wersji rzeczywistości. Tymczasem na Ziemi zamieszkałej przez Homo sapiens zaczyna zmieniać się pole magnetyczne planety, dlatego szef Mary, tajemniczy Jock Krieger, coraz częściej z zazdrością spogląda na nie zdewastowany przez człowieka raj, jakim jest neandertalski świat.","Powieść zagraniczna, Science-fiction"
/pl/wiedzmin_ostatnie_zyczenie-9788375780635,książka / book,Książki i czasopisma / Books and periodicals,Andrzej Sapkowski,Wiedźmin Ostatnie życzenie,,polski,SuperNowa,2014,Miękka,12.5x19.0,332,"0,265 kg",,9788375780635 (9788375780635),9788375780635,/img/product_images_new/793/182793_01_wiedzmin_ostatnie_zyczenie.300.jpg,"Andrzej Sapkowski, arcymistrz światowej fantasy, zaprasza do swojego Neverlandu i przedstawia uwielbianą przez czytelników i wychwalaną przez krytykę wiedźmińską sagę! Później mówiono, że człowiek ów nadszedł od północy, od Bramy Powroźniczej. Nie był stary, ale włosy miał zupełnie białe. Kiedy ściągnął płaszcz, okazało się, że na pasie za plecami ma miecz. Białowłosego przywiodło do miasta królewskie orędzie: trzy tysiące orenów nagrody za odczarowanie nękającej mieszkańców Wyzimy strzygi. Takie czasy nastały. Dawniej po lasach jeno wilki wyły, teraz namnożyło się rozmaitego paskudztwa – gdzie spojrzysz, tam upiory, bazyliszki, diaboły, żywiołaki, wiły i utopce plugawe. A i niebacznie uwolniony z amfory dżinn, potrafiący zamienić życie spokojnego miasta w koszmar, się trafi. Tu nie wystarczą zwykłe czary ani osinowe kołki. Tu trzeba zawodowca. WIEDŹMINA. Mistrza magii i miecza. Tajemną sztuką wyuczonego, by strzec na świecie moralnej i biologicznej równowagi.","Fantastyka, Fantasy, Powieść polska"
/pl/wiedzmin_miecz_przeznaczenia-9788375780642,książka / book,Książki i czasopisma / Books and periodicals,Andrzej Sapkowski,Wiedźmin Miecz przeznaczenia,,polski,SuperNowa,2014,Miękka,12.4x19.0,400,"0,315 kg",,9788375780642 (9788375780642),9788375780642,/img/product_images_new/794/182794_01_wiedzmin_miecz_przeznaczenia.300.jpg,"Andrzej Sapkowski, arcymistrz światowej fantasy, zaprasza do swojego Neverlandu i przedstawia uwielbianą przez czytelników i wychwalaną przez krytykę wiedźmińską sagę! Wiedźmiński kodeks stawia tę sprawę w sposób jednoznaczny: wiedźminowi smoka zabijać się nie godzi. To gatunek zagrożony wymarciem. Aczkolwiek w powszechnej opinii to gad najbardziej wredny. Na oszluzgi, widłogony i latawce kodeks polować przyzwala. Ale na smoki –  nie. Wiedźmin Geralt przyłącza się jednak do zorganizowanej przez króla Niedamira wyprawy na smoka, który skrył się w jaskiniach Gór Pustulskich. Na swej drodze spotyka trubadura Jaskra oraz – jakżeby inaczej – czarodziejkę Yennefer. Wśród zaproszonych przez króla co sławniejszych smokobójców jest Eyck z Denesle, rycerz bez skazy i zmazy, Rębacze z Cinfrid i szóstka krasnoludów pod komendą Yarpena Zigrina. Motywacje są różne, ale cel jeden. Smok nie ma szans. Wydanie nowe, poprawione. Informacja dotycząca wprowadzenia produktu do obrotu: Ten produkt został wprowadzony na rynek przed 13 grudnia 2024 r. zgodnie z obowiązującymi wówczas przepisami (Dyrektywą o ogólnym bezpieczeństwie produktów). W związku z tym może on być nadal sprzedawany bez konieczności dostosowania do nowych wymogów wynikających z Rozporządzenia o Ogólnym Bezpieczeństwie Produktów (GPSR). Produkt zachowuje pełną legalność w obrocie, a jego jakość i bezpieczeństwo pozostają zgodne z obowiązującymi wcześniej standardami. Information regarding product placement on the market: This product was placed on the market before December 13, 2024, in accordance with the applicable regulations at the time (the General Product Safety Directive). As a result, it can continue to be sold without needing to meet the new requirements introduced by the General Product Safety Regulation (GPSR). The product remains fully compliant with all previously valid legal standards, ensuring its continued quality and safety.","Powieść polska, Fantastyka, Fantasy"
/pl/szepty_spoza_nicosci-9788381953825,książka / book,Książki i czasopisma / Books and periodicals,Remigiusz Mróz,Szepty spoza nicości,,polski,Filia,2021,Miękka ze skrzydełkami,13.5x20.5,464,"0,50 kg",27.01.2021,9788381953825 (9788381953825),9788381953825,/img/product_images_new/696/582696_01_szepty_spoza_nicosci.300.jpg,"Seweryn Zaorski po raz ostatni wraca do Żeromic, by sprzedać dom i na dobre zostawić za sobą tragiczną przeszłość. Formalności trwają dłużej, niż powinny – i wszystko wskazuje na to, że ktoś z premedytacją chce zatrzymać go w okolicy.  Tego samego dnia policja otrzymuje anonimową wiadomość, że w lasach Roztocza nieopodal miasteczka znajdują się poćwiartowane zwłoki brutalnie okaleczonego mężczyzny. Zaorski nie ma zamiaru się mieszać, ale kiedy o pomoc prosi go Kaja Burzyńska, nie potrafi odmówić.  Spoza nicości zaczynają dochodzić szepty tych, którzy nie mieli prawa przemówić…","Kryminały, Powieść polska"
/pl/obrazy_z_przeszlosci-9788381959865,książka / book,Książki i czasopisma / Books and periodicals,Remigiusz Mróz,Obrazy z przeszłości,,polski,Filia,2022,Miękka,13.5x20.5,464,"0,48 kg",18.05.2022,9788381959865 (9788381959865),9788381959865,/img/product_images_new/941/652941_01_obrazy_z_przeszlosci_cykl_z_sewerynem_zaorskim_tom_4.300.jpg,"Dwadzieścia lat temu w Żeromicach zaginęła jedna z mieszkanek – prowadzący postępowanie policjanci nigdy nie ustalili, co stało się z dziewczyną, a śledczy nie odnaleźli żadnego tropu, który pozwoliłby wyjaśnić zagadkę. Pierwsze ślady pojawiły się dopiero dwie dekady później, kiedy w okolicznych lasach zaczęto odkrywać rzeczy mogące należeć do zaginionej. Jedną z nich odnajdują Seweryn Zaorski i Kaja Burzyńska, zupełnie nieświadomi tego, że ma ona związek z nierozwiązaną sprawą z przeszłości. Fakty, które zaczynają się z niej wydobywać, malują niespodziewany i przerażający obraz zbrodni, które miały na zawsze pozostać nieodkryte…","Kryminały, Powieść polska"
/pl/listy_zza_grobu-9788380756830,książka / book,Książki i czasopisma / Books and periodicals,Remigiusz Mróz,Listy zza grobu,,polski,Filia,2022,Miękka,13.5x20.5,464,"0,472 kg",15.05.2019,9788380756830 (9788380756830),9788380756830,/img/product_images_new/593/466593_01_listy_zza_grobu.300.jpg,"Największe tajemnice drzemią w małych miasteczkach. Dwadzieścia lat po śmierci ojca Kaja Burzyńska wciąż otrzymuje od niego wiadomości. Zadbał o to, przygotowując je zawczasu i zlecając coroczną wysyłkę tego samego, pozornie przypadkowego dnia. Po czasie Kaja traktuje to już jedynie jako zwyczajną tradycję – aż do momentu, gdy w listach zaczyna dostrzegać drugie dno… Tymczasem do miasteczka po dwudziestu dwóch latach wraca Seweryn Zaorski. Patomorfolog i samotny ojciec dwójki dzieci kupuje zrujnowany dom rodzinny Kai i rozpoczyna remont. W zniszczonym garażu odnajduje zamurowaną skrytkę z materiałami, które rzucają nowe światło na sprawę sprzed dwóch dekad…","Powieść polska, Kryminały"
/pl/wilcze_dziedzictwo_przeznaczona-9788389595485,książka / book,Książki i czasopisma / Books and periodicals,Magda Parus,Wilcze dziedzictwo Przeznaczona,,polski,Runa,2008,Miękka,12.5x19.5,502,"0,45 kg",,9788389595485 (9788389595485),9788389595485,/img/product_images_new/431/120431_01_wilcze_dziedzictwo_przeznaczona.300.jpg,"Colin przybył do Europy wykonać prywatne zadanie, łamiąc obowiązujące w społeczności zasady. Plan miał prosty: poczekać na prasowe doniesienie o ataku zwierzęcia, wywęszyć swych europejskich odpowiedników — członków wilkołaczej straży, którzy pojawią się, by zbadać sprawę, a potem...",
/pl/wilcze_dziedzictwo_ukryte_cele-9788389595591,książka / book,Książki i czasopisma / Books and periodicals,Magda Parus,Wilcze dziedzictwo Ukryte cele,,polski,Runa,2010,Miękka,12.5x19.5,464,"0,42 kg",,9788389595591 (9788389595591),9788389595591,/img/product_images_new/118/114118_01_wilcze_dziedzictwo.300.jpg,"Ostatnio nic nie toczy się po myśli Colina. Zamierzał szukać siostry, korzystając z pomocy Tin i jej przeczuć, a zamiast tego utkwił w Polsce. Sądził, że znajdzie tu dyskretną kryjówkę z dala od społeczności, tymczasem niby to przypadkiem wpadł na wilkołaczą rodzinę, i jeszcze oberwało mu się za nadmierną podejrzliwość. Tyle dobrego, że wreszcie ma okazję zapolować na zająca. Jednakże dłuższy pobyt w polskich lasach nie wydaje się mu pisany. Colin otrzymuje wskazówkę, która może przynieść przełom w jego poszukiwaniach, choć nie sposób też wykluczyć, że zawiedzie go prosto w zasadzkę. Mimo tych obaw wyrusza na Fionię, gdzie podobno kapłani oddają cześć wilczemu bóstwu – i gdzie znajduje nie całkiem to, czego się spodziewał. Cóż, przynajmniej wie, jaki krok powinien następnie wykonać, choć w efekcie przyjdzie mu poznać wątpliwe uroki ojcostwa. Colin jest zdecydowany odbić siostrę i nie traci determinacji nawet wtedy, gdy dowiaduje się, co zaplanowali dla niego kapłani. Czy jednak po półtora roku Emily nadal czeka na jego ratunek? Jej porywacze mieli dość czasu,aby przekonać dziewczynkę do swojej sprawy, tak więc w krytycznej chwili mała może się zwrócić przeciw własnemu bratu. Magda Parus – ekonomistka, tłumaczka, autorka dwóch części trylogii o wilkołakach “Wilcze dziedzictwo: cienie przeszłości” i “Wilcze dziedzictwo: Przeznaczona”.",
/pl/wilcze_dziedzictwo_cienie_przeszlosci-9788389595331,książka / book,Książki i czasopisma / Books and periodicals,Magda Parus,Wilcze dziedzictwo Cienie przeszłości,,polski,Runa,2007,Miękka,12.5x19.0,432,"0,381 kg",,9788389595331 (9788389595331),9788389595331,/img/product_images_new/675/121675_01_wilcze_dziedzictwo_cienie_przeszlosci.300.jpg,"„Przypuszczalnie atak niedźwiedzia” — podaje prasowa notatka. Cóż, ludzie przyjmą każde wyjaśnienie, byle nie padło słowo „wilkołak”. Mieszkańca niewielkiego miasteczka w Górach Skalistych teoretycznie mógł zabić niedźwiedź, Colin nie wierzy jednak w takie zbiegi okoliczności. Tak się bowiem składa, że właśnie w tym miasteczku przebywają pod opieką wujostwa jego przyrodni brat i siostra. Czy są w jakiś sposób powiązani z tajemniczą śmiercią? Colin rozstał się z rodzeństwem przed siedmiu laty, kiedy ich rodzice — jego ojciec i macocha — zostali brutalnie zamordowani. Jest wdzięczny stryjowi Gordonowi, który go przygarnął i wyprowadził na prostą. Jest też, choć nie lubi się do tego przyznawać nawet przed sobą — wdzięczny nieznanemu mordercy, gdyż życie z nienawidzącym go ojcem-psychopatą nie było sielanką. Niespokojny o siostrę i brata, Colin wyrusza, aby na własną rękę wyjaśnić sprawę, która pozornie wydaje się prosta. Zaraz po przybyciu na miejsce przekonuje się, że miał rację: niedźwiedź to „fakt prasowy”. Spokojne, bogobojne miasteczko przeżywa istny najazd wilkołaków. Policja jest równie nieświadoma prawdziwego stanu rzeczy jak mieszkańcy, jednak Colin i tak nie zamierzał prosić nikogo o pomoc. Problem wilkołaków chce rozwiązać na swój sposób.",
/pl/slownik_politologii-978830115081501,książka / book,Książki i czasopisma / Books and periodicals,,Słownik politologii,,polski,Wydawnictwo Naukowe PWN,2008,Miękka,14.0x20.0,750,"0,678 kg",,9788301150815 (9788301150815),978830115081501,/img/product_images_new/245/12245_01_slownik_politologii.300.jpg,"Słownik opisuje zagadnienia z nauk politycznych. Przedstawia koncepcje polityczne z różnych kręgów kulturowych, instytucje, sylwetki przywódców i teoretyków. Uwzględnia przemiany społeczne i polityczne, które zaszły pod koniec XX wieku oraz nowe zjawiska XXI wieku. Słownik prezentuje: 1700 zwięzłych i przystępnie napisanych haseł dotyczących nauk politycznych; terminy socjologiczne i psychologiczne związane z politologią; angielsko-polski słownik terminów i pojęć; zestawienie przywódców wybranych państw, w tym Polski i jej sąsiadów. Niezwykle przydatna książka zarówno dla studentów politologii, stosunków międzynarodowych, socjologii, historii i innych pokrewnych dziedzin, jak i dziennikarzy, działaczy społecznych oraz wszystkich zainteresowanych polityką i mechanizmami sprawowania władzy.","Polityka, Encyklopedie i leksykony, Encyklopedie. Leksykony. Słowniki tematyczne"
/pl/ekstaza_gabriela-9788328702059,książka / book,Książki i czasopisma / Books and periodicals,Sylvain Reynard,Ekstaza Gabriela,Gabriel's Rapture,polski,Akurat,2015,Miękka,11.0x17.5,464,"0,24 kg",24.06.2015,9788328702059 (9788328702059),9788328702059,/img/product_images_new/077/208077_01_ekstaza_gabriela.300.jpg,"Po romantycznych wakacjach we Włoszech, podczas których profesor Emerson wprowadzał Julię w tajniki wyrafinowanych seksualnych rozkoszy, oboje wracają do monotonnego, akademickiego życia. Wkrótce jednak nad głowami wybitnego uczonego i jego młodej kochanki gromadzą się chmury. Profesor staje przed wyborem: walczyć o kobietę, dla której stał się kimś znacznie więcej niż tylko przewodnikiem po świecie zmysłowych doznań, czy podzielić los Dantego i zgodzić się na wygnanie?",Romanse
/pl/zdrowy_rozsadek_w_marketingu_bezposrednim_i_intera-9788377460566,książka / book,,Bird Drayton,Zdrowy rozsądek w marketingu bezpośrednim i interaktywnym,,polski,MT Biznes,2011,Miękka,18.2x23.9,494,"0,79 kg",07.10.2011,9788377460566 (9788377460566),9788377460566,/img/product_images_new/334/94334_01_zdrowy_rozsadek_w_marketingu_bezposrednim_i_interaktywnym.300.jpg,"Ta książka, to „autorytatywny podręcznik” marketingu bezpośredniego, zawierający najnowsze informacje na temat zdecydowanie najistotniejszego dziś medium, czyli Internetu, który rozwija się w szybszym tempie niż wszystkie pozostałe media bezpośrednie. Stała się bestsellerem nie bez powodu. Przeprowadza czytelnika krok po kroku przez zawiłości marketingu bezpośredniego, a przy tym czyta się ją niemal jak powieść dzięki przystępnemu językowi oraz niestosowaniu żargonu. Nie ogranicza się jedynie do mówienia tego, co robić, a czego unikać – wspiera się licznymi przykładami z całego świata. Wśród wielu tematów znajdziemy tu: • definicję marketingu bezpośredniego i jego miejsce w marketingu • wskazówki na temat Internetu – idealnego medium bezpośredniego • rady jak zdobyć i zatrzymać klientów • informacje na temat wyjątkowych korzyści płynących z testowania i pomiarów • informacje o tym, co się sprzedaje, a co nie – i wyjaśnienie, dlaczego tak się dzieje • wskazówki dotyczące wyznaczania i osiągania celów oraz oceniania ich rezultatów • rozważania na temat znaczenia i skutecznego stosowania marketingu interaktywnego Bez względu na to, czy jesteś studentem, przedsiębiorcą czy menedżerem; planujesz, nadzorujesz, realizujesz czy oceniasz kampanie reklamowe; sprzedajesz klientom indywidualnym czy firmom; jak proste czy jak skomplikowane są twoje usługi lub produkty, znajdziesz w tej książce prawdziwą kopalnię praktycznych pomysłów. Wszystkie są łatwe do zrozumienia, większość łatwa do wykonania – i wszystkie oparte są na praktyce, a nie teorii.",
/pl/ekonomia_mikrofinansow-9788392611448,książka / book,Książki i czasopisma / Books and periodicals,"Beatriz Armendariz Aghion , Jonathan Morduch",Ekonomia mikrofinansów,,polski,AnWero,2009,Twarda,17.0x24.0,384,"0,74 kg",,9788392611448 (9788392611448),9788392611448,/img/product_images_new/276/108276_01_ekonomia_mikrofinansow.300.jpg,"Mikrofinansowa rewolucja wybuchła wraz z ruchami niepodległościowymi w Ameryce Łacińskiej i Południowej Azji na początku lat 70-tych. Rozwój idei mikrofinansów umożliwił ponad 65 milionom biednych ludzi na całym świecie otrzymać małe pożyczki bez dodatkowych zabezpieczeń, bez wkładu własnego oraz konieczności jej ubezpieczania. Zamysłem autorów było napisanie podręcznika, który łączy wiedzę akademicką z opisem doświadczeń praktyków, którzy rozwijają ideę mikrofinansów na całym świecie. Ten obszerny przegląd tematu ma za zadanie zapełnić niszę w literaturze naukowej poświęconej finansom w ogólne, a zagadnieniu mikrofinansów w szczególności. Oboje autorów zna omawiane zagadnienie nie tylko z perspektywy naukowców, ale i z praktyki: Beatriz Armendariz de Aghion utworzyła bank specjalizujący się w udzielaniu mikrokredytów w Chiapas w Meksyku, natomiast Jonathan Morduch prowadził prace badawcze na ten temat w Bangladeszu, Chinach i Indonezji.","Ekonomia, Finanse, Podręczniki szkolne"
/pl/i_ty_mozesz_miec_superdziecko-9788374149709,książka / book,Książki i czasopisma / Books and periodicals,Dorota Zawadzka,I ty możesz mieć superdziecko,,polski,W.A.B.,2011,Twarda,17.0x22.0,228,"0,72 kg",,9788374149709 (9788374149709),9788374149709,/img/product_images_new/261/66261_01_i_ty_mozesz_miec_superdziecko.300.jpg,"Nie dajecie już rady? Opadają wam ręce? Rozpaczliwie poszukujecie pomocy? Dorota zawadzka, telewizyjna Superniania, w swojej książce przedstawia nowy, precyzyjny scenariusz zgodnej współpracy rodziców i dzieci. Dzięki niemu w łatwy sposób nauczycie się prostych technik postępowania z Waszymi dziećmi, gdy ich zachowanie wymyka się spod kontroli.","Pedagogika. Oświata i szkolnictwo, Poradniki"
/pl/niepokorni-9788380152717,książka / book,Książki i czasopisma / Books and periodicals,Vincent Severski,Niepokorni,,polski,CZARNA OWCA,2016,Miękka,13.5x21.0,432,"0,444 kg",09.11.2016,9788380152717 (9788380152717),9788380152717,/img/product_images_new/075/300075_01_niepokorni.300.jpg,"Vincent V. Severski wraca z kontynuacją trylogii o Wydziale Q. Po udanej operacji wywiezienia Michaiła Popowskiego z Rosji, Sara i Konrad wracają do Polski. Okazuje się, że podczas ich nieobecności Wydział Q zostaje rozwiązany. Tymczasem nad Europą zawisa widmo politycznego kataklizmu – ktoś planuje na nowo zbudować hierarchię wpływów na świecie. Sara i Konrad świadomi zagrożenia wiszącego nad Polską, nielegalnie zbierają Wydział Q do ostatniej akcji. Ta potyczka rozegra się poza prawem. I będzie wyjątkowo brutalna. Niepokorni to tytuł podwójnie ekscytujący. To zarówno zakończenie serii, ale i jedna z najmroczniejszych i najbardziej wciągających powieści autora. Na takie zakończenie warto było czekać!",Kryminały
/pl/jezyk_dwulatka_moja_mama_mnie_rozumie-9788389314383,książka / book,Książki i czasopisma / Books and periodicals,Tracy Hogg,Język dwulatka Moja mama mnie rozumie,,polski,KDC Klub dla Ciebie,2003,Kartonowa,14.5x20.5,328,"0,404 kg",,838931438X (838931438X),9788389314383,/img/product_images_new/167/104167_01_jezyk_dwulatka.300.jpg,"Okazuje się, że każde niemowlę już w chwili narodzenia jest ""jakieś"". Kod genetyczny określa temperament, silne i słabe strony charakteru oraz skłonności i upodobania. Na co więc mają wpływ rodzice? Na zachowanie dziecka oraz rozwój jego zdolności i umiejętności. Znajdź w książce test, który pozwoli Ci ocenić charakter i temperament Twojego dwulatka. Musisz dobrze poznać swojego berbecia, aby potem mieć z nim mniej kłopotów. Autorka znakomicie tłumaczy sposoby postępowania z różnymi dziećmi oraz podaje rozwiązania rozmaitych codziennych problemów. Dowiesz się, jaka jest metoda na złośnika tupiącego nogami w sklepie, co robić, gdy dziecko marudzi, jak wychowywać aniołka lub energicznego urwisa!",
/pl/japonski_krok_po_kroku__5cd__mp3_poziom_a1-b1_kurs-9788362482702,książka / book,Książki i czasopisma / Books and periodicals,Opracowanie Zbiorowe,Japoński Krok po kroku + 5CD + MP3 Poziom A1-B1 Kurs do kompleksowej i skutecznej nauki języka japońskiego dla początkujących,,"polski, japoński",Edgard,2016,Kartonowa,13.5x19.0,334,"0,67 kg",,9788362482702 (9788362482702),9788362482702,/img/product_images_new/115/262115_01_japonski_krok_po_kroku__5cd__mp3_poziom_a1-b1.300.jpg,"Japoński Krok po kroku - 6 godzin wysokiej jakości nagrań – tylko rodowici Japończycy, - współczesne dialogi i wyrażenia z tłumaczeniami, - 3000 niezbędnych słów i zwrotów, - ćwiczenia z odpowiedziami, - różnorodne ciekawostki, - zapis alfabetem łacińskim, znakami kanji i furiganą. Japoński Krok po kroku kurs do kompleksowej nauki języka japońskiego od poziomu początkującego do średnio zaawansowanego (A1-B1). Polecany jest osobom zaczynającym naukę oraz wszystkim, którzy chcą doskonalić językowe umiejętności, poszerzyć zasób słownictwa oraz poprawić wymowę. Kurs uczy 3000 słów i zwrotów niezbędnych na co dzień, przystępnie objaśnia i utrwala najważniejsze zasady gramatyczne oraz uczy prowadzenia swobodnych rozmów z obcokrajowcami i rozumienia ze słuchu. Różnorodne ciekawostki urozmaicają naukę i zapoznają z obyczajami oraz japońską kulturą. Książki (łącznie 334 str.) zawierają zestawy słówek, ciekawe dialogi, interesujące ćwiczenia utrwalające, 28 lekcji tematycznych, dodatkowe sekcje dla ambitnych, pełny zapis nagrań alfabetem łacińskim, znakami kanji i furiganą oraz ciekawostki. Część gramatyczna przystępnie wyjaśnia najważniejsze zagadnienia. Wysokiej jakości nagrania (ponad 6 godzin) na pięciu płytach audio pozwalają osłuchać się z językiem, poznać jego melodię oraz prawidłową wymowę języka japońskiego. Słówka, zwroty oraz dialogi zostały udźwiękowione przez profesjonalnych lektorów. Specjalnie przygotowana szósta płyta zawiera wszystkie nagrania w formacie mp3. Japoński Krok po kroku to unikalna i bardzo skuteczna forma poznawania języka – łączy naukę z podręcznikiem ze słuchaniem nagrań na płytach audio lub mp3. Pakiet polecamy do samodzielnej nauki w podróży, w domu, w samochodzie.","Pedagogika. Oświata i szkolnictwo, Dydaktyka. Nauczanie. Edukacja, Językoznawstwo, Poszczególne języki"
/pl/danuta_walesa_marzenia_i_tajemnice-9788308048368,książka / book,Książki i czasopisma / Books and periodicals,Piotr Adamowicz,Danuta Wałęsa Marzenia i tajemnice,,polski,Literackie,2011,Miękka,14.0x20.0,552,"0,73 kg",24.11.2011,9788308048368 (9788308048368),9788308048368,/img/product_images_new/221/17221_01_danuta_walesa_marzenia_i_tajemnice.300.jpg,"Pani Prezydentowa przerywa milczenie. Ta książka zaskoczy, podważy stereotypy, a wszystkim pozwoli spojrzeć na wielką historię z innej, kobiecej perspektywy. Odsłoni drugie dno uznanych za oczywiste faktów. W odważnej i przejmującej autobiografii autorka opowiada  o sobie, swojej rodzinie i burzliwej historii Polski ostatnich dekad. Kiedy Lech Wałęsa stawał się ikoną Solidarności,  Danuta była bohaterką dnia codziennego. Pragnęła miłości i rodzinnego szczęścia, a los wrzucił ją w wir rewolucyjnych wydarzeń, które przetaczały się przez Polskę i jej małą kuchnię na gdańskim blokowisku. On siedział w obozie internowania, ona, w piątym miesiącu ciąży, zdobywała świniaka, żeby dzieci na Boże Narodzenie nie były głodne. Świat poznał jej klasę, kiedy w zastępstwie męża odbierała nagrodę Nobla. Jako prezydentowa, potrafiła znaleźć się w każdej sytuacji, nigdy nie wysuwała się na pierwszy plan i  bardzo strzegła swojej prywatności. Teraz,  jako dojrzała kobieta, opowiada  światu swoją wersję wydarzeń. Mówi, jak - zawsze naturalna i silna - zarówno o chwilach  wspaniałych, jak i o cenie, która przyszło za nie zapłacić. W pomieszczeniach, w których „zamieszkaliśmy” z małymi dziećmi, ciągle trwał remont. Pukanie, stukanie, wiercenie, tumany pyłu. Dzieci biegały jeszcze w piżamach, a już do mieszkania waliły tłumy. Od bladego świtu do późnego wieczora w naszym mieszkaniu kłębiły się tłumy związkowców, doradców, polityków, dziennikarzy i ludzi nawiedzonych. Jeden z panów chwalił się później, że zjadł smaczną jajecznicę w domu u Wałęsów o siódmej rano. Rzeczywiście, ludzie siadali do stołu i musiałam ich obsługiwać. Totalny magiel zamiast normalnego domu. Trudno opisać słowami to, co się wówczas we wrześniu działo! A przecież oprócz tej ekipy remontowej i gości miałam jeszcze kilkutygodniową Anię oraz piątkę pozostałych dzieci. Coraz trudniej przychodziło mi to wszystko znosić. Początkowa niemoc przeradzała się w bunt. Te n sprzeciw narastał we mnie, aż pękłam. Po prostu już nie byłam w stanie wytrzymać psychicznie tego ciężaru. Ta moja słabość wylała się, choć jestem opanowanym człowiekiem. Któregoś „pięknego” ranka nie wytrzymałam i przy tych wszystkich ludziach zaczęłam krzyczeć, a nawet wrzeszczeć. Zrobiłam mężowi wielką awanturę! I dobrze! Mąż wstał i bez słowa wyszedł. Wraz z nim wyszli pozostali. Po kilku godzinach wrócił, tak jakby przetrawiwszy to, co wykrzyczałam, i powiedział: „Skoro sobie życzysz, wywieszamy na drzwiach kartkę: «Tyfus. Nie ma wstępu dla obcych»”. Po miesiącu życia w takim kołchozie nastał spokój. Byliśmy już tylko m y, dzieci i ekipa remontowa. Koniec z wizytami! Interesanci szli do biura w związku! Gdybym wtedy, na przełomie września i października 1980 roku, się nie zbuntowała, mąż pewnie nie zauważyłby, że jestem wykończona. Nie wiem, czy mentalność męska sprowadza się do takiego zaślepienia swoimi sprawami, że nie dostrzega się drugiej osoby? Dlatego jeśli mówię o tym, że nie byłam zauważana jako kobieta, jako partnerka, to mam na myśli na przykład opisaną przeze mnie sytuację. A także inne. Zresztą ja przez całe życie byłam przeznaczona przez los do wykonywania zadań, rzeczy trudnych i niewygodnych. (fragment) Książkę opracował Piotr Adamowicz","Biografie, Biografie, Pamiętniki. Wspomnienia"
/pl/wnetrza_wypalone_lodem-9788365897077,książka / book,Książki i czasopisma / Books and periodicals,Arek Borowik,Wnętrza wypalone lodem,,polski,Dobra Literatura,2017,Miękka,14.9x21.0,384,"0,426 kg",24.10.2017,9788365897077 (9788365897077),9788365897077,/img/product_images_new/572/349572_01_wnetrza_wypalone_lodem-dobra_litratura.300.jpg,"Wnikliwe męskie spojrzenie na świat kobiecych dążeń i namiętności. Arek Borowik, bazując na motywach zaczerpniętych z baśni, buduje pasjonujące, pełne napięcia i emocji współczesne historie. Prowokuje do stawiania pytań o granice moralne w obliczu pragnień, żądz i miłości. Jak daleko jesteśmy w stanie je przesunąć i co potrafimy poświęcić, by osiągnąć cel? Polecamy również „Z góry widać tylko nic”.",
/pl/kosci-9788377789384,książka / book,Książki i czasopisma / Books and periodicals,Mark Billingham,Kości,,polski,Słowne (dawniej Burda Książki),2014,Twarda,13.5x20.0,472,"0,44 kg",18.02.2015,9788377789384 (9788377789384),9788377789384,/img/product_images_new/062/195062_01_kosci.300.jpg,"Cel uświęca środki Tom Thorne wraca do służby w wydziale zabójstw, znowu jest detektywem inspektorem. Ale w jego powrocie do pracy jest pewien haczyk. Stuart Nicklin, psychopatyczny seryjny zabójca manipulujący ludźmi i nakłaniający ich do morderstw, dogadał się z policją i zapowiedział, że ujawni miejsce, gdzie dawno temu pogrzebał ciało swojej ofiary. Nicklin zażądał, aby to właśnie Thorne eskortował go na miejsce zbrodni sprzed lat, odludną wyspę Bardsey u wybrzeży Walii. Thorne podejrzewa, że w jego żądaniu kryje się coś więcej, że sadysta ma jakiś ukryty plan, który zechce wprowadzić w życie, kiedy tylko dotrą na odciętą od świata wysepkę. Postanawia jednak wykonać zlecone zadanie. Plan Nicklina jest bardziej złożony, perfidny i sadystyczny, niż Thorne mógłby się spodziewać. Inspektor będzie miał przeciw sobie nie tylko niegościnną wyspę i siły natury, ale także swoje własne sumienie, gdy przyjdzie mu dokonać wyboru, jakiego się nie spodziewał i który podda w wątpliwość wszystko, w co do tej pory wierzył… Thrillery zwykle odnoszą sukces lub ponoszą porażkę stawiając na czarne charaktery, jednak Nicklin z całą pewnością swoimi mentalnymi gierkami zmrozi wam krew w żyłach. New York Times Book Review Mark Billingham to jeden z nieodmiennie fascynujących współczesnych autorów powieści kryminalnych. Gillian Flynn Billingham to jeden z moich ulubionych pisarzy. Harlan Coben Światowa klasa, a inspektor Tom Thorne to cudowna postać. Sięgnijcie po tę książkę. Karin Slaughter Mark Billingham należy do czołówki autorów powieści kryminalnych. Od kilku lat otrzymuje najważniejsze brytyjskie nagrody literackie. Za postać inspektora Toma Thorne'a, uznanego za najciekawszego detektywa, został uhonorowany nagrodą Sherlocka. Wszystkie thrillery Billinghama trafiają na najwyższe miejsca bestsellerów ""Sunday Timesa. Na podstawie powieści z Thorne'em nakręcono serial filmowy.",
Link,Rodzaj (nośnik),Dział,Autor,Tytuł,Tytuł originału,Język,Wydawca,Rok wydania,Rodzaj oprawy,Wymiary,Liczba stron,Ciężar,Wydano,ISBN,EAN/UPC,Image,Description,Kategoria
/pl/heartland_1_powroty-9788324591626,książka / book,Książki i czasopisma / Books and periodicals,Lauren Brooke,Heartland 1 Powroty,,angielski,Dolnośląskie,2000,Miękka,12.5x19.5,168,"0,13 kg",,9788324591626 (9788324591626),9788324591626,/img/product_images_new/276/31276_01_heartland_1_powroty.300.jpg,"Heartland to schronisko dla koni, wtulone między wzgórza Virginii, ale i coś więcej. To miejsce jedyne w swoim rodzaju - gdzie leczone są blizny przeszłości, gdzie przerażone i źle traktowane konie uczą się od nowa ufać ludziom.",
/pl/kraina_chichow-9788375105834,książka / book,Książki i czasopisma / Books and periodicals,Jonathan Carroll,Kraina chichów,,polski,Rebis,2014,Miękka,13.0x20.0,272,"0,29 kg",,9788375105834 (9788375105834),9788375105834,/img/product_images_new/635/75635_01_kraina_chichow.300.jpg,"Wznowienie najgłośniejszej powieści Jonatana Carrolla – niezwykłej mieszanki humoru i horroru. Odwołując się do słów samego Carrolla, można by stwierdzić, iż Kraina Chichów to książka, od której czytelnikowi włos się jeży na głowie, gdyż okazuje się, że potworem może być wszystko, co nas otacza: znajomi, jedzenie na stole i półki pełne książek. Jest to też powieść o cudzie i grozie tworzenia – porusza problem osiągnięcia artystycznego: czy wielki pisarz jest zarazem wielkim alchemikiem, zdolnym przemienić słowo zapisane na papierze w człowieka w niebieskim kapeluszu, który naprawdę stanie pod naszymi drzwiami? A jeżeli jest do tego zdolny, to czy jest to wspaniałe, czy potworne.",
/pl/jutro-9788378859796,książka / book,Książki i czasopisma / Books and periodicals,Guillaume Musso,Jutro,DEMAIN,angielski,ALBATROS,2016,Miękka ze skrzydełkami,14.0x20.5,400,"0,51 kg",13.08.2014,9788378859796 (9788378859796),9788378859796,/img/product_images_new/403/172403_01_jutro.300.jpg,"Emma mieszka w Nowym Jorku. Ma 32 lata i ciągle szuka tego właściwego mężczyzny. Matthew mieszka w Bostonie. Odkąd jego żona zginęła w wypadku, samotnie wychowuje czteroletnią córeczkę. Korespondencyjna znajomość rodzi potrzebę spotkania. Tego samego dnia, w tym samym czasie, otwierają drzwi restauracji… Ich drogi jednak się nie krzyżują. Gra kłamstw? Żart wyobraźni? Manipulacja? Musso ujawnia swoje mistrzostwo w kreowaniu atmosfery tajemnicy Paris Match",Społeczno-obyczajowa
/pl/gdanskie_dwory_i_palace-9788375280487,książka / book,Książki i czasopisma / Books and periodicals,Jerzy Samp,Gdańskie dwory i pałace,,,Marpress,2009,Twarda,21.0x25.0,157,"0,50 kg",,9788375280487 (9788375280487),9788375280487,/img/product_images_new/822/391822_01_gdanskie_dwory_i_palace.300.jpg,"Autor profesor Uniwersytetu Gdańskiego kierujący Zakładem Pomorzoznawstwa poświęcił książkę budowlom, bez których nie sposób wyobrazić sobie pejzażu Gdańska i okolic. Interesują go zarówno dwory wznoszone w średniowieczu przez działające wówczas bractwa i korporacje cechowe, jak i rezydencje podmiejskie należące do gdańskich patrycjuszy, kupców, a także uczonych. Każdemu z ponad pięćdziesięciu opisanych w monografii obiektów przygląda się autor bardzo uważnie. W oparciu o zachowane dokumenty archiwalne, opracowania naukowe, relacje a nawet teksty literackie autor tworzy jedyną w swoim rodzaju opowieść o czasach i okolicznościach powstania tych budowli, o ich zmieniających się w ciagu stuleci właścicielach, o walorach artystycznych owych dworsko-ogrodowych założeń, najcenniejszych elementach artystycznego wyposażenia. Nie brak wiadomości częstokroć nigdy dotąd nie publikowanych. Tekst zawiera anegdoty i ciekawostki. Monografia jest bardzo bogato ilustrowana.","Sztuka i fotografia, Architektura"
/pl/telefon_o_polnocy-9788327612564,książka / book,Książki i czasopisma / Books and periodicals,Tess Gerritsen,Telefon o północy,Call After Midnight,angielski,Harlequin,2015,Miękka,12.5x20.0,256,"0,24 kg",04.03.2015,9788327612564 (9788327612564),9788327612564,/img/product_images_new/844/198844_01_telefon_o_polnocy.300.jpg,"Niespodziewany telefon przerywa spokojny sen Sarah. Jest pewna, że usłyszy ciepły głos swojego męża Geoffreya, który pracuje w jednym z londyńskich banków. Ku jej przerażeniu pracownik Departamentu Stanu, Nick O’Hara, informuje ją o śmierci męża w pożarze hotelu w Berlinie. Zaszokowana Sarah nie wierzy w śmierć Geoffreya i rozpoczyna własne śledztwo. Widząc jej determinację, Nick, początkowo przeciwny pomysłowi, zgadza się pomóc. Krok po kroku wkraczają w sam środek międzynarodowego spisku szpiegowskiego, w który zamieszani są wysoko postawieni politycy, agenci CIA i Mossadu. Przemierzając kolejne europejskie miasta, Sarah odkrywa, że jej mąż nie był tym, za kogo się podawał, a jej życie jest w śmiertelnym niebezpieczeństwie.",
/pl/droga_66-9788324149872,książka / book,Książki i czasopisma / Books and periodicals,Becky Masterman,Droga 66,,polski,AMBER,2014,Miękka ze skrzydełkami,13.0x20.5,352,"0,31 kg",03.04.2014,9788324149872 (9788324149872),9788324149872,/img/product_images_new/352/161352_01_droga_66.300.jpg,"Finalistka CWA Gold Dagger 2013 – najważniejszej nagrody dla powieści kryminalnej Nominacja do Edgar Award 2014 Ten wyjątkowy kryminał zaczyna się pozornie klasyczną sceną. Jest morderca. Jest potencjalna ofi ara – drobna starsza kobieta. Ale morderca nie wie, że kobieta ma za sobą czterdzieści lat nieustannego treningu w zabijaniu… „New York Times” Najlepsza agentka FBI od czasów Clarice Starling i jedna z najlepszych powieści gatunku od czasów Milczenia owiec. „Publishers Weekly” „Nikt nie chce czytać o bohaterce, która ma więcej niż trzydziestkę” – usłyszałam, kiedy wysłałam swój maszynopis pierwszemu wydawcy – mówi Becky Masterman. – Ale kilka lat później coś się zmieniło. Może sprawił to Oscar dla Helen Mirren? Nagle dojrzałe kobiety stały się modne. Spróbowałam znowu. Tym razem usłyszałam: „Takiej postaci szukaliśmy od lat”. Ta postać to Brigid Quinn, agentka specjalna FBI przez całe życie tropiąca seksualnych przestępców. Dopiero teraz, po odejściu z Biura, odkryła prywatne szczęście i usiłuje znaleźć swoje miejsce w świecie „cywilów”, który przez tyle lat chroniła dla innych. I stara się, żeby ten świat nigdy się nie dowiedział, że ona potrafi uśmiercić człowieka gołymi rękami… Czasami żałowałam, że byłam w życiu aż tyloma kobietami. Było ich tak wiele: córka, siostra, glina, równa babka, kilka rodzajów dziwek, porzucona kochanka, idealna żona, bohaterka, zabójczyni. Powiem prawdę o nich wszystkich, o ile jestem w stanie mówić prawdę. Brigid Quinn ma wspomnienia, których wolałaby nie mieć, i zabójcze umiejętności, których wolałaby już nigdy nie potrzebować. Widziała i robiła rzeczy, które wymazała z pamięci. Poza jedną….Morderca z Drogi 66 zabił sześć kobiet. Porywał je z szosy, a potem pozostawiał ciała na spalonych słońcem pustkowiach Arizony. Poza jednym. Ciała Jessiki, młodej podwładnej Brigid, nigdy nie odnaleziono. A Brigid nigdy nie zapomniała, że to ona wysłała Jessikę na Drogę 66… Trzynaście lat później ta nierozwiązana sprawa znowu wdziera się w życie Brigid. Życie spokojne, ułożone na nowo u boku kochającego męża, profesora fi lozofi i i byłego pastora. Męża, który nic nie wie o jej przeszłości. Brigid widzi szansę, by wreszcie schwytać mordercę Jessiki. I uratować życie następnej agentki. Ale może stracić to, co stało się dla niej najcenniejsze – miłość męża. Bo będzie musiała złamać nie tylko prawo…",
/pl/ostatni_na_liscie-9788324149100,książka / book,Książki i czasopisma / Books and periodicals,Neil White,Ostatni na liście,,polski,AMBER,2014,Kartonowa Foliowana,13.2x20.0,384,"0,33 kg",28.01.2014,9788324149100 (9788324149100),9788324149100,/img/product_images_new/667/154667_01_ostatni_na_liscie.300.jpg,"Prawnik i policjant, bracia i rywale, muszą spojrzeć w twarz demonom przeszłości i wybrać pomiędzy sprawiedliwością a rodziną Brutalna autentyczność bije z każdej strony – wręcz czujemy zapach więziennej celi, fałsz sądowych potyczek, emocje towarzyszące śledztwu. To wszystko buduje atmosferę i napięcie tego hipnotyzującego i niepokojącego kryminału, jakże innego na tle gatunku. „Daily Mail” To kryminał napisany przez zawodowca. Pozwala zajrzeć za kulisy wymiaru prawa, wciąga i wstrząsa. „Bella Magazine” Jeden z bohaterów Ostatniego na liście ściga przestępców, drugi ich broni. Wydaje się, że stoją po przeciwnych stronach prawa - ale u Neila White’a nic nigdy nie jest takie, jak się wydaje. crimereview.co.uk Kapitalna intryga prowadzona z dwóch perspektyw, widziana oczami prawnika i detektywa. Znakomity literacki kryminał, gdziebrat staje przeciwko bratu. „Choice Magazine” Mocny, trzymający w napięciu kryminał, w którym Neil White maluje przekonujący portret prawników i policjantów. eurocrime.co.uk Joe Parker to najbardziej błyskotliwy prawnik w Manchesterze. Sam Parker - najbardziej nieustępliwy detektyw manchesterskiego wydziału zabójstw. Na obu ciąży nierozwikłane morderstwo ich siostry przed piętnastu laty. I obaj są zaangażowani w sprawę seryjnych zabójstw, które teraz wstrząsają miastem... Ronnie Bagley zamordował swoją dziewczynę i dziecko. Czeka w więzieniu na proces. Na dwa tygodnie przed rozprawą żąda nowego adwokata. Twierdzi, że obronić go może tylko Joe Parker. Joe podejmuje się tej sprawy. Nie wie, że jego klient jest bardziej przebiegły, niż się wszystkim wydaje. I że on sam wkrótce stanie do rywalizacji z własnym bratem w sprawie najbardziej przerażającego seryjnego zabójcy, jaki kiedykolwiek działał w Manchestrze. Ani Joe, ani Sam nie przeczuwają, że wspólna przeszłość boleśnie wedrze się do teraźniejszości i doprowadzi obu do szaleńczego wyścigu, w którym stawką jest odpowiedź na pytanie, kto będzie ostatni na liście mordercy…",
/pl/urodzona_dla_smierci-9788324147649,książka / book,Książki i czasopisma / Books and periodicals,Lisa Jackson,Urodzona dla śmierci,Born To Die,angielski,AMBER,2013,Miękka,13.0x20.5,352,"0,30 kg",25.07.2013,9788324147649 (9788324147649),9788324147649,/img/product_images_new/580/1015580_01_urodzona_dla_smierci.300.jpg,"Autorka bestsellerów numer 1 „New York Timesa” dla miłośniczek Tess Gerritsen Powieści Lisy Jackson to bestsellery światowej klasy. Jej kolejne książki są publikowane w coraz wyższych, milionowych nakładach. Każda trafia na szczyt list bestsellerów „New York Timesa” i coraz dłużej na nich pozostaje. Bestsellery Lisy Jackson są wydawane w 20 krajach i sprzedane w ponad 21 milionach egzemplarzy. Smutny i dziwny zbieg okoliczności… Taka jest pierwsza reakcja doktor Kacey Lamert na wiadomość o śmierci dwóch kobiet, niezwykle do niej podobnych. Bo przecież pomiędzy nią a aktorką filmów klasy B i nauczycielką z podstawówki nie ma żadnego związku. Jednak prowadzące śledztwo policjantki, Selena Alvarez i Regan Pescoli, podejrzewają, że jest inaczej. Wkrótce Kacey dostrzega, że coś ją jednak łączy z zamordowanymi. Były w podobnym wieku. Urodziły się i wychowały w tej samej okolicy. I wszystkie znały mężczyznę, z którym Kacey właśnie zaczęła się spotykać... Im bardziej zagłębia się w te sprawę, tym bardziej zaczyna się bać. Bo odkrywa, że może być następna na liście urodzonych dla śmierci… Lisa Jackson to jedna z największych amerykańskich gwiazd literatury z pierwszych miejsc „New York Timesa”. Jej thrillery (Wyspa kłamstw, Bez litości, Kręte ścieżki, Nie chcesz wiedzieć) przesycone atmosferą strachu trzymają w najwyższym napięciu do ostatniej strony, a ich bohaterki - jak bohaterki Tess Gerritsen – błądzą w labiryncie misternej, niebezpiecznej intrygi. Urodzona dla śmierci, trzecia powieść z bohaterkami Podarowanej śmierci i Doliny strachu, była przez kilka tygodni w Top 5 „New York Timesa”.",Sensacyjne i thrillery
/pl/projekt_riese-9788381958103,książka / book,Książki i czasopisma / Books and periodicals,Remigiusz Mróz,Projekt Riese,,polski,Filia,2022,Miękka ze skrzydełkami,13.5x20.5,480,"0,488 kg",26.01.2022,9788381958103 (9788381958103),9788381958103,/img/product_images_new/689/632689_01_projekt_riese.300.jpg,"NIC NIE JEST OSTATECZNE. NAWET ŚMIERĆ.  Riese. Największy projekt nazistowskich Niemiec, którego przeznaczenie wciąż pozostaje nieznane. Niegdyś być może podziemne miasto, arka przetrwania lub fabryka, w której pracowano nad bronią jądrową – dziś atrakcja turystyczna w Górach Sowich.  Odwiedzić postanawia ją pięcioro ludzi, zupełnie nieświadomych tragedii, która ma ich spotkać. Podczas eksploracji tuneli dochodzi do trzęsienia, a stropy ulegają zawaleniu, odcinając turystów od świata i pozbawiając ich szans na ratunek. Robią wszystko, by przeżyć, powoli uświadamiając sobie, że na powierzchni wydarzyło się coś, co sprawiło, że znany im świat przestał istnieć…  I ŻE TO ONI MOGĄ BYĆ JEDYNYMI, KTÓRZY PRZETRWALI KATAKLIZM.","Powieść polska, Kryminały"
/pl/dom_siostr-9788375083354,książka / book,Książki i czasopisma / Books and periodicals,Charlotte Link,Dom sióstr,,niemiecki,Sonia Draga,2011,Miękka ze skrzydełkami,14.5x20.5,640,"0,69 kg",,9788375083354 (9788375083354),9788375083354,/img/product_images_new/192/1009192_01_dom_siostr.300.jpg,"Wyjazd na Boże Narodzenie do Yorkshire, krainy wyżynnych torfowisk w północnej Anglii, miał być prezentem urodzinowym i ostatnią próbą uratowania rozpadającego się małżeństwa. Jednak od początku Barbarze i Ralphowi Ambergom nic się nie układa. Już od pierwszej nocy wynajęta przez nich posiadłość Westhill House zostaje odcięta od świata z powodu śnieżycy. Barbara, myszkując po domu, natrafia niespodziewanie na zapiski byłej właścicielki posiadłości, Frances Gray. Ich lektura ożywia niezwykłą historię sprzed pięćdziesięciu lat. Zagłębiając się w aurę miłości, nienawiści, pogardy i tęsknoty za wolnością, Barbara zaczyna poznawać własną duszę i dojrzewa do najważniejszej decyzji. Decyzji, która nie tylko zmieni jej życie, ale będzie zarazem dopełnieniem losu Frances Gray. Doskonały thriller psychologiczny „niemieckiej królowej kryminałów”!",
/pl/ciernista_roza-9788375089943,książka / book,Książki i czasopisma / Books and periodicals,Charlotte Link,Ciernista róża,,polski,Sonia Draga,2016,Miękka ze skrzydełkami,14.5x20.5,600,"0,61 kg",,9788375089943 (9788375089943),9788375089943,/img/product_images_new/290/168290_01_ciernista_roza.300.jpg,"Karin Palmer, była nauczycielka z Berlina, ogarnięta chęcią zmiany dotychczasowego życia, decyduje się wyjechać na angielską wyspę Guernsey, gdzie przed laty spędziła cudowne wakacje.Na miejscu okazuje się niestety, że pokój, który zarezerwowała, został oddany komu innemu i kobieta nie ma się gdzie podziać. Przez przypadek trafia do uroczego domu z ogrodem pełnym róż, który należy do 71-letniej Beatrice Shaye. Karin ulega urokowi staruszki, jej pięknego ogrodu i eleganckiego, przytulnego domu. Między kobietami szybko nawiązuje się serdeczna przyjaźń mimo dzielącej je różnicy wieku. Ich rozmowy stają się coraz bardziej intymne i szczere. Beatrice powoli zaczyna opowiadać o przeszłości. Nie mówi jednak wszystkiego. Jednak w chwili, gdy policja zacznie znajdować zwłoki kolejnych zamordowanych osób, Beatrice będzie musiała komuś zaufać. Jej wybór pada na Karin…",
/pl/gra_cieni-9788379991914,książka / book,Książki i czasopisma / Books and periodicals,Charlotte Link,Gra cieni,Schattenspiel,polski,Sonia Draga,2020,Miękka ze skrzydełkami,14.3x20.5,512,"0,562 kg",20.05.2015,9788379991914 (9788379991914),9788379991914,/img/product_images_new/288/206288_01_gra_cieni.300.jpg,"David Bellino, pozbawiony skrupułów bogacz, otrzymuje anonimy z pogróżkami. Mężczyznę od lat prześladują lęki  na jawie i koszmary we śnie. Tajemnicze wiadomości stają się pretekstem do konfrontacji z przeszłością. David zaprasza na kolację czwórkę swoich dawnych przyjaciół. Ich drogi rozeszły się w tragicznych okolicznościach. O dziwo wszyscy przyjmują zaproszenie. Goście chętnie rozprawią się z dręczącymi demonami, zrzucą z siebie balast przeszłości i wydostaną się z sieci niebezpiecznych namiętności i tajemnic… Czy podczas wieczerzy David zdemaskuje swego niedoszłego zabójcę? „Link znakomicie opanowała sztukę narracji, stopniowania napięcia oraz potęgowania dramatu”. BücherPick (Szwajcaria) „Przyjemność czytania od pierwszej do ostatniej strony”. Bücher Journal","Kryminały, Powieść zagraniczna"
/pl/lisia_dolina-9788375087277,książka / book,Książki i czasopisma / Books and periodicals,Charlotte Link,Lisia dolina,IM TAL DES FUCHSES,niemiecki,Sonia Draga,2022,Miękka ze skrzydełkami,14.3x20.5,488,"0,55 kg",06.11.2013,9788375087277 (9788375087277),9788375087277,/img/product_images_new/609/150609_01_lisia_dolina.300.jpg,"Wyobraź sobie, że twój porywacz znika bez śladu i nikt nie wie, gdzie cię uwięził… Słoneczny sierpniowy dzień kończy się dla Matthew Willarda koszmarem. Wracając ze spaceru z psem, dociera na opustoszały parking, na którym czeka na niego żona. Zastaje tylko samochód, po Vanessie ginie wszelki ślad. Matthew jest przekonany, że Vanessa nie odeszła z własnej woli. Porywacz, wielokrotnie skazany kryminalista Ryan Lee, zanim jeszcze zacznie domagać się okupu, zostaje aresztowany za udział w bójce. Ryan nie ma odwagi wyjawić prawdy nawet swemu adwokatowi, choć wie, jak okrutny los czeka porwaną Vanessę. Prawie trzy lata później scenariusz się powtarza. W tajemniczych okolicznościach przepada bez śladu kobieta, policja jest bezradna. Nadal bowiem nikt nie wie, co takiego uczynił wówczas Ryan, który został tymczasem wypuszczony na wolność… „Po raz kolejny Charlotte Link stworzyła powieść przyprawiającą o gęsią skórkę, w której nie brak ani przekonywająco nakreślonych charakterów ani precyzyjne skonstruowanej intrygi”. Focus „Kryminały Charlotte Link, najpopularniejszej współczesnej niemieckiej pisarki, aż iskrzą od napięcia. Nie są to książki dla czytelników o słabych nerwach"".       NDR Kultur (Norddeutscher Rundfunk Kultura)",Sensacyjne i thrillery
/pl/w_mroku_tajemnic-9788310123251,książka / book,Książki i czasopisma / Books and periodicals,Chris Tvedt,W mroku tajemnic,Skjellig grunn til mistanke,norweski,Nasza Księgarnia (WNK),2013,Miękka,13.5x20.4,384,"0,29 kg",10.04.2013,9788310123251 (9788310123251),9788310123251,/img/product_images_new/169/133169_01_w_mroku_tajemnic.300.jpg,"Mikael Brenne dowiaduje się o tragicznej śmierci kolegi po fachu. Policja obstaje przy samobójstwie, ale Brenne postanawia bliżej przyjrzeć się tej sprawie. Z czasem zyskuje pewność, że nie tylko śmierć Bjorna Grovena wymaga wyjaśnienia, jego śledztwo utyka jednak w martwym punkcie. Mikael czuje, że błądzi po omacku, a mimo to nie może się już zatrzymać. Tym razem stawką w grze jest nie tylko jego reputacja, lecz także życie ludzi, na których mu zależy. „W mroku tajemnic” to trzecia powieść Chrisa Tvedta, nowego klasyka kryminału rozgrywającego się na sali sądowej. Swoją trzecią książką Chris Tvedt ponad wszelką wątpliwość udowadnia, że uplasował się u góry tabeli norweskiej ekstraklasy powieści kryminalnej. Sindre Hovdenakk, „VG” Chris Tvedt tworzy kryminały wysokiej jakości. Pisze zwięźle i dobrze, a szczególnie przekonywające i pełne empatii są jego opisy wyrzutków społeczeństwa. Tvedt unika karykaturalności tak powszechnej w tym gatunku. Nie ma tu głupiego policjanta ani zaglądającego do kieliszka śledczego. Jest za to zaangażowany norweski adwokat o zdolnościach analitycznych, całkiem zwyczajnym życiu prywatnym i dramatycznej przeszłości. I to wystarczy. Aż nadto. Sven Egil Omdal, „Stavanger Aftenblad” Chris Tvedt urodził się w 1954 roku w Bergen w Norwegii. Na tamtejszym uniwersytecie studiował prawo oraz kilka innych kierunków, w tym literaturoznawstwo. W 1988 roku rozpoczął praktykę adwokacką, a w 2005 zadebiutował chwalonym przez krytyków thrillerem „Uzasadniona wątpliwość”. Dzięki pasjonującemu cyklowi o Mikaelu Brennem został nową gwiazdą kryminału rozgrywającego się na sali sądowej.",
/pl/ukryte_w_mroku-9788379990849,książka / book,Książki i czasopisma / Books and periodicals,Peter Robinson,Ukryte w mroku,Watching the dark,angielski,Sonia Draga,2014,Miękka ze skrzydełkami,14.0x20.5,416,"0,462 kg",,9788379990849 (9788379990849),9788379990849,/img/product_images_new/322/191322_01_ukryte_w_mroku.300.jpg,"Kolejne pasjonujące śledztwo inspektora Banksa. Tym razem sprawa wymaga wyjątkowej ostrożności i dyskrecji. W morderstwo emerytowanego detektywa, Billa Quinna, mogą być zamieszani skorumpowani funkcjonariusze policji. Banks szybko orientuje się, że chcąc rozwikłać zagadkę śmierci Quinna, musi najpierw udać się do Estonii, by doprowadzić do końca sprawę zaginięcia młodej Angielki, nad którą pracował zamordowany policjant.",
/pl/koszmary_zasna_ostatnie-9788379769025,książka / book,Książki i czasopisma / Books and periodicals,Robert Małecki,Koszmary zasną ostatnie,,polski,Czwarta Strona,2020,Miękka ze skrzydełkami,20.4x13.0,424,"0,44 kg",18.04.2018,9788379769025 (9788379769025),9788379769025,/img/product_images_new/074/371074_01_koszmary_zasna_ostatnie.300.jpg,"Mroźny luty 2017 roku. Podczas śnieżnej zawieruchy Marek Bener rozpoczyna poszukiwania ofiary mobbingu i chorującego na depresję Jana Stemperskiego. Mężczyzna zapewne targnął się na życie, dlatego dziennikarz zamierza szybko odnaleźć jego zwłoki i rozbroić własną, wciąż tykającą bombę problemów. Parę miesięcy wcześniej dostał zdjęcie, które zrujnowało go psychicznie, a teraz trzyma w rękach kolejne. Owładnięty strachem i sparaliżowany niemocą powinien stanąć do walki, której stawką będzie prawda o losie jego zaginionej żony. Ale Bener sam już nie wie, czy – w obliczu nowych faktów – woli poznać tę prawdę, czy śnić wciąż na nowo te same koszmary…",Kryminały
/pl/najslabsze_ogniwo-9788366981041,książka / book,Książki i czasopisma / Books and periodicals,Robert Małecki,Najsłabsze ogniwo,,polski,Czwarta Strona,2021,Miękka,20.5x13.5,386,"0,395 kg",29.09.2021,9788366981041 (9788366981041),9788366981041,/img/product_images_new/428/614428_01_najslabsze_ogniwo.300.jpg,"Zło czai się w każdym z nas. Dlatego wszyscy jesteśmy podejrzani. Spokojna podtoruńska wieś i kapryśne lato 2019 roku. Znany pisarz powieści obyczajowych, Piotr Warot, przeżywa najpotworniejsze wakacje swojego życia. W tajemniczych okolicznościach znika jego brat z dziewczyną. Policjanci podejrzewają, że Aleks i Alina wyskoczyli na krótki romantyczny urlop i odcięli się od świata. Jednak kiedy oboje milczą zbyt długo, Piotr nie ma wątpliwości, że stało się coś złego. Tylko co stało się z Aleksem i Aliną oraz kto stoi za ich zaginięciem? I dlaczego – w tym samym czasie – nastoletni syn sąsiadów ucieka z domu? Czy to możliwe, że coś łączy obie te sprawy? Aby poznać prawdę, Warot będzie musiał wyplątać się z pajęczyny pełnej kłamstw, którą tkają także jego najbliżsi. A w solidnym i trwałym łańcuchu tajemnic trudno trafić na jedno, najsłabsze ogniwo… Ekscytujący thriller o sile rodzinnych więzów i o złu przekraczającym niepostrzeżenie próg każdego domu.","Kryminały, Powieść polska"
/pl/wada-9788366278523,książka / book,Książki i czasopisma / Books and periodicals,Robert Małecki,Wada,,polski,Czwarta Strona,2019,Miękka ze skrzydełkami,20.5x13.5,536,"0,465 kg",15.05.2019,9788366278523 (9788366278523),9788366278523,/img/product_images_new/975/464975_01_wada.300.jpg,"Są sprawy pogrzebane dawno temu i świeże ślady świadczące o zbrodni. Tylko ciała brak. Groźne burze nad Chełmżą i nieznośne sierpniowe upały. Na leśnej polanie w pobliżu jeziora komisarz Bernard Gross trafia na pusty, zakrwawiony namiot. Stopniowo odkrywa wokół niego znacznie więcej śladów krwi. Wszystko wskazuje na brutalną zbrodnię, której ofiarą mogła paść młoda kobieta. Kłopot w tym, że Gross nie ma żadnego punktu zaczepienia. Brak ciała ofiary, narzędzia zbrodni i sprawcy. Zbyt wiele niewiadomych i zbyt wiele mylnych tropów, którymi musi podążyć, by w gęstniejącym mroku odnaleźć przerażającą prawdę. Prawdę, która odsłoni rodzinną tajemnicę sprzed wielu lat.","Kryminały, Powieść polska"
/pl/srebrzysko_powiesc_dla_doroslych-9788389859655,książka / book,Książki i czasopisma / Books and periodicals,Stefan Chwin,Srebrzysko Powieść dla dorosłych,,polski,Tytuł,2016,Twarda,13.5x20.0,364,"0,52 kg",,9788389859655 (9788389859655),9788389859655,/img/product_images_new/033/297033_01_srebrzysko.300.jpg,"Jest to najbardziej ryzykowna książka, jaką napisałem w życiu. Chociaż raz taką książkę trzeba napisać. Dlaczego? Dla spokoju serca. Stefan Chwin.",
/pl/dluga_noc-9788367262170,książka / book,Książki i czasopisma / Books and periodicals,Wojciech Chmielarz,Długa noc,,polski,Marginesy,2024,Miękka ze skrzydełkami,13.5x21.0,376,"0,395 kg",15.06.2022,9788367262170 (9788367262170),9788367262170,/img/product_images_new/151/653151_01_dluga_noc.300.jpg,"Długa jesienna noc w Warszawie. W Komendzie Stołecznej Policji na kolejne przesłuchanie oczekuje mężczyzna, który jest świadkiem w sprawie zabójstwa. Co do tej pory powiedział? Co zataił? Do czego nie chce się przyznać? Młoda dziewczyna po raz pierwszy w życiu wychodzi na ulicę, żeby zarobić na utrzymanie. Ciągle się waha, ale potrzebuje pieniędzy dla swojego małego syna. Kogo spotka tej nocy? Jaką decyzję podejmie? Po mieście w białym, terenowym samochodzie krąży mężczyzna, który wie, że to jest jego ostatnia noc na wolności. Ma tylko jeden cel. Zabić tak wiele osób, jak to tylko możliwe. Kto jeszcze padnie jego ofiarą? I jest jeszcze komisarz Jakub Mortka, który staje przed największym wyzwaniem w swoim życiu. A stawką są najbliższe mu osoby. Jak daleko jest się w stanie posunąć, żeby ich ocalić? To będzie długa noc. Dla nich wszystkich. Najważniejsza noc w ich życiu. Długa noc to szósta część cyklu o komisarzu Jakubie Mortce, ale też nowe otwarcie dla kolejnych powieści. Po kilku latach pracy w Hadze komisarz Mortka wraca do Polski. Wiele się zmieniło: dawna podwładna jest teraz jego zwierzchniczką, są nowi ludzie i nowe przepisy. Stare przyzwyczajenia Mortki nie wszystkim będą się podobać, bo komisarz najbardziej lubi działać solo. Najważniejsze jednak, że jest dalej skuteczny i być może powrót „na chwilę” okaże się zmianą na dłużej. Wojciech Chmielarz(ur. 1984)– autor kryminałów, dziennikarz, laureat Nagrody Wielkiego Kalibru (2015) i Wielkiego Kalibru Czytelników (2019), dziewięciokrotnie nominowany do tej nagrody. Autor cyklu powieści o komisarzu Jakubie Mortce: Podpalacz (2012), Farma lalek (2013), Przejęcie (2014), Osiedle marzeń (2016), Cienie (2018) i cyklu gliwickiego: Wampir (2015), Zombie (2017) i Wilkołak (2021), postapokaliptycznej powieści Królowa głodu (2022) oraz thrillera psychologicznego Żmijowisko (2018), za który otrzymał nagrodę Złotego Pocisku i Grand Prix Warszawskiego Festiwalu Kryminalnego. Powieść została zekranizowana dla Canal+. Po niej ukazały się kolejne thrillery – Rana (2019) i Wyrwa (2020) oraz powieści sensacyjne: Prosta sprawa (2020) i Dług honorowy (2021). Mieszka z rodziną w Warszawie.","Kryminały, Powieść polska"
/pl/przejecie-9788380495159,książka / book,Książki i czasopisma / Books and periodicals,Wojciech Chmielarz,Przejęcie,,polski,Czarne,2022,Miękka ze skrzydełkami,12.5x20.5,392,"0,38 kg",17.05.2017,9788380495159 (9788380495159),9788380495159,/img/product_images_new/429/322429_01_przejecie.300.jpg,"Środek upalnego lata, Kolumbia. Grupa Polaków wybranych do reklamy Coca-Coli spędza wakacje życia w luksusowym hotelu nad oceanem. Ale kiedy beztroscy turyści dostaną od Kolumbijczyków propozycję nie do odrzucenia, raj zmieni się w piekło. I nie wszyscy wrócą z tej podróży… Sobota nad ranem, w Warszawie wstaje świt. Słychać śpiew ptaków i szum rzeki. Z mostu Gdańskiego zwisa ciało mężczyzny – rozpruty brzuch, ręce skrępowane na plecach, a w dłoni orzeszek ziemny. W skorupce. W dynamicznej, pełnej napięcia i zaskakujących zwrotów akcji powieści z dobrze już znanym komisarzem Jakubem Mortką w roli głównej Wojciech Chmielarz potwierdza, że jest jednym z najlepszych autorów kryminałów młodego pokolenia. „Pióro Chmielarza sprawia, że chciałoby się wypić z komisarzem Jakubem Mortką parę kieliszków, porozmawiać o tym i owym. Na przykład o talentach jego twórcy. Świetne! Proszę o następny tom.” Michał Komar",Kryminały
/pl/osiedle_marzen-9788380493490,książka / book,Książki i czasopisma / Books and periodicals,Wojciech Chmielarz,Osiedle marzeń,,polski,Czarne,2022,Miękka ze skrzydełkami,12.3x20.0,368,"0,28 kg",14.09.2016,9788380493490 (9788380493490),9788380493490,/img/product_images_new/854/286854_01_osiedle_marzen.300.jpg,"Jedno z eleganckich zamkniętych osiedli w Warszawie, mały raj na ziemi, o jakim marzy co drugi Polak, budzi się ze snu. Ten dzień sprawi, że nic już nie będzie takie samo. Śmierć studentki, której zwłoki nad ranem znajduje ochroniarz, da początek serii zaskakujących wydarzeń. Życie mieszkańców przybierze dramatyczny obrót, a raj zmieni się w piekło. W tym miejscu, jak w Polsce w miniaturze, spotkają się polityka i mafia, seks i narkotyki, ambicje i aspiracje, tajemnice i marzenia, które czasem bywają zabójcze. Komisarz Jakub Mortka wraca, by rozwikłać kolejną zagadkę. U jego boku stanie aspirantka Suchocka, która sama ma w zanadrzu kilka tajemnic…",
/pl/podpalacz-9788365780904,książka / book,Książki i czasopisma / Books and periodicals,Wojciech Chmielarz,Podpalacz,,polski,Marginesy,2021,Miękka ze skrzydełkami,13.5x2.1,368,"0,392 kg",17.01.2018,9788365780904 (9788365780904),9788365780904,/img/product_images_new/629/361629_01_podpalacz.300.jpg,"Pierwsza część cyklu z komisarzem Jakubem Mortką W zimową noc w willi na Ursynowie wybucha pożar, w którym ginie biznesmen, a jego żona, celebrytka, zostaje ciężko poparzona. Przez chwilę wygląda to na nieszczęśliwy wypadek. Przez krótką chwilę. Sprawę prowadzi komisarz Mortka, przenikliwy człowiek w prestiżowej komórce policji, która potrafi doszczętnie zrujnować życie osobiste. Tao z pozoru proste dochodzenie coraz bardziej się gmatwa i niepostrzeżenie zaczyna pogarszać i tak już trudne relacje komisarza z byłą żoną. Czy Mortce uda się rozwiązać sprawę, zanim dojdzie do kolejnej tragedii? Jaki cel ma podpalacz? Dlaczego wybiera akurat te, a nie inne domy? A może zależy mu na konkretnej osobie, a pozostałe podpalenia mają odwrócić uwagę? Czy aby wyegzekwować sprawiedliwość, komisarz naciągnie granice prawa? Chmielarz ukazuje współczesną Polskę na nieprzyjemnym obrazku: dorosły mężczyzna, wykonujący bardzo trudną pracę, nie jest w stanie wynająć samodzielnego mieszkania, inny wyładowuje swoje frustracje, pijąc i bijąc żonę, kolejny zrobi wszystko dla kariery… Bardzo to przykre, ale i bardzo prawdziwe. I w tej prawdziwości tkwi siła Podpalacza. - Ewa Wrona, portalkryminalny.pl Najlepszy polski kryminał, jaki czytałem w tym roku. A przecież to debiut niespełna trzydziestoletniego pisarza. - Piotr Kofta, „Wprost” Na uwagę zasługuje pokazanie siermiężności policyjnej codzienności i przestępczej aktywności oraz konieczność uświadomienia sobie, że prawo, by usankcjonować sprawiedliwość, musi czasami wejść w milczący sojusz z bezprawiem. - Bernadetta Darska Wojciech Chmielarz opowiada: „Wiedziałem, że Podpalacz będzie miał kontynuację. Ale nie sądziłem, że w tak krótkim jednak czasie powstanie pięć tomów. I że ta historia potoczy się w takim kierunku. Postaci, które wymyśliłem – Mortka, Kochan, Gruda, Sucha – mocno nie zaskoczyły. Robiły rzeczy, których się po nich nie spodziewałem. Zupełnie inaczej to sobie na początku wyobrażałem, zaplanowałem. Ale to dobrze. Ten świat okazał się znacznie bogatszy i ciekawszy niż mógłbym przypuszczać”. Wojciech Chmielarz (ur. 1984) – autor kryminałów, dziennikarz, zdobywca Nagrody Wielkiego Kalibru (2015), pięciokrotnie nominowany do tej nagrody. Publikował m.in. w „Pulsie Biznesu”, „Pressie”, „Nowej Fantastyce”, „Pocisku” i „Polityce”. Były redaktor naczelny serwisu internetowego niwserwis.pl, zajmującego się tematyką przestępczości zorganizowanej, terroryzmu i bezpieczeństwa międzynarodowego. Uznawany za jednego z najbardziej obiecujących pisarzy kryminalnych młodszego pokolenia. Autor cyklu powieści o komisarzu Jakubie Mortce: Podpalacz (2012), Farma lalek (2013), Przejęcie (2014), Osiedle marzeń (2016), cyklu gliwickiego: Wampir (2015) i Zombie (2017) oraz postapokaliptycznej powieści Królowa głodu (2014). Mieszka w Warszawie.",Kryminały
/pl/sto_milionow_dolarow-9788379859313,książka / book,Książki i czasopisma / Books and periodicals,Lee Child,Sto milionów dolarów,Night school,angielski,ALBATROS,2020,Miękka ze skrzydełkami,12.5x19.5,416,"0,385 kg",,9788379859313 (9788379859313),9788379859313,/img/product_images_new/906/304906_01_jack_reacher_sto_milionow_dolarow.300.jpg,"Rok 1996. Jack Reacher nadal służy w wojsku i w ciągu jednego dnia otrzymuje medal, po czym niczym uczniak zostaje odesłany do szkoły. W szkolnej klasie zastaje dwóch mężczyzn: agenta FBI oraz analityka CIA. Każdy z nich jest wykwalifikowanym człowiekiem do zadań specjalnych i każdy z nich zastanawia się, co, do diabła, tutaj robią… I wreszcie się dowiadują, że uśpiona komórka dżihadystów w Hamburgu przyjęła pod swe skrzydła nieoczekiwanego gościa – kuriera z Arabii Saudyjskiej. Mężczyzna szuka bezpiecznego schronienia, w którym mógłby się spotkać z nieznanym człowiekiem. Okazuje się, że pracujący pod przykrywką agent CIA podsłuchał kuriera, gdy ten szeptał mrożącą krew w żyłach wiadomość: „Amerykanin chce sto milionów dolarów”. Sto milionów. Tylko za co? I kim jest tajemniczy nieznajomy? Reacher i jego dwaj nowi koledzy mają za zadanie odnaleźć tego mężczyznę. Zadanie nie jest łatwe, a atmosferę niepokoju podgrzewa wisząca nad ich głowami groźba: jeśli nie złapią człowieka, który za tym stoi, dojdzie do zamachu terrorystycznego, jakiego świat jeszcze nie widział. Reachera i jego współpracowników czeka pełen przygód, zdradzieckich terytoriów, fałszywych tożsamości i nowych okrutnych wrogów wyścig z czasem. Jack Reacher to jedna z najpopularniejszych serii sensacyjnych na świecie.  Lee Child stworzył postać, której nie sposób nie polubić. Mamy do czynienia z człowiekiem pełnym humoru i przenikliwości, ale także z głębokim poczuciem sprawiedliwości, który w razie potrzeby potrafi każdemu dać w twarz.",Kryminały
/pl/nigdy_nie_wracaj-9788378858386,książka / book,Książki i czasopisma / Books and periodicals,Lee Child,Nigdy nie wracaj,Never go back,angielski,ALBATROS,2014,Miękka ze skrzydełkami,12.5x19.5,480,"0,51 kg",,9788378858386 (9788378858386),9788378858386,/img/product_images_new/237/157237_01_nigdy_nie_wracaj.300.jpg,"Osiemnasta powieść z Jackiem Reacherem, byłym oficerem żandarmerii wojskowej, który przemierzając autostopem Stany Zjednoczone, samotnie wymierza sprawiedliwość. Bestseller # 1 w USA i innych krajach. Dotarcie z zasypanej śniegiem Dakoty Południowej do Wirginii zajęło Reacherowi sporo czasu. Po drodze kilka razy coś go zatrzymało, parokrotnie otarł się o śmierć. Nie zadawałby sobie tyle trudu, gdyby nie obietnica, jaką złożył pewnej kobiecie w randze majora, pełniącej od niedawna funkcję komendanta 110-tej jednostki specjalnej żandarmerii wojskowej, którą sam dowodził kilkanaście lat temu. Choć nigdy nie widział jej na oczy, urzekł go jej głos w słuchawce telefonu. Przekraczając bramę wjazdową do jednostki, miał wrażenie, jakby wracał do domu – jedynego, jaki kiedykolwiek posiadał. Niestety, wbrew oczekiwaniom, nie było tam Susan Turner. Zamiast kobiety za biurkiem dowódcy siedział mężczyzna – niejaki podpułkownik Morgan, facet o wyglądzie urodzonego biurokraty. Co stało się z Susan? Tego Reacher się nie dowiedział. Morgan nie omieszkał natomiast przekazać mu trzech naprawdę złych wiadomości: że właśnie został przywrócony do czynnej służby w armii USA, że czeka go sprawa karna o zabójstwo sprzed szesnastu lat oraz że wniesiono przeciwko niemu pozew o ojcostwo. Czy zarzuty wobec Jacka miały jakiś związek z tajemniczym zniknięciem major Turner? Komuś zależało, by szybko pozbyć się Reachera? Bo jeśli tak, to nieświadomie popełnił najgorszy błąd w swoim życiu…",Sensacyjne i thrillery
/pl/ostatnia_sprawa-9788376599458,książka / book,Książki i czasopisma / Books and periodicals,Lee Child,Ostatnia sprawa,THE AFFAIR,angielski,ALBATROS,2013,Miękka ze skrzydełkami,12.0x19.5,480,"0,48 kg",,9788376599458 (9788376599458),9788376599458,/img/product_images_new/248/90248_01_ostatnia_sprawa.300.jpg,"Wszystko ma swój początek... W marcu 1997 roku Jack Reacher, czynny oficer żandarmerii wojskowej w randze majora, po raz ostatni wchodzi do Pentagonu. Za chwilę rozstrzygną się jego losy: zostanie aresztowany, zastrzelony w trakcie stawiania oporu lub dyscyplinarnie zwolniony ze służby. Zaledwie pięć dni wcześniej dowódca Reachera, generał Garber, wysłał go z tajną misją do Carter Crossing w stanie Missisipi. Na tyłach baru położonego przy głównej ulicy znaleziono zwłoki młodej kobiety, Janice Chapman, z poderżniętym gardłem. W bezpośrednim sąsiedztwie miasteczka znajduje się Fort Kelham – wielka baza wojskowa, zarazem ośrodek szkoleniowy komandosów. Czy zabójcą jest ktoś z miejscowych? Amerykański żołnierz? Aby nie nadawać śledztwu niepotrzebnego rozgłosu, Reacher ma przeprowadzić je incognito i złożyć raport przełożonym. Sprawy komplikują się, gdy szeryf Carter Crossing, niezwykle urodziwa Elizabeth Deveraux, rozszyfrowuje tożsamość Jacka. To od niej Reacher dowiaduje się, że Chapman nie była pierwszą, lecz trzecią kolejną ofiarą. W podobny sposób zginęły wcześniej dwie inne, olśniewająco piękne kobiety. Niestety, dochodzenia utknęły w martwym punkcie. Czy Deveraux, która je prowadziła, zależało na niewykryciu sprawcy?",
/pl/nic_do_stracenia-9788376599960,książka / book,Książki i czasopisma / Books and periodicals,Lee Child,Nic do stracenia,,polski,ALBATROS,2014,Miękka ze skrzydełkami,12.0x19.5,464,"0,47 kg",,9788376599960 (9788376599960),9788376599960,/img/product_images_new/773/141773_01_nic_do_stracenia.300.jpg,"Nadzieja i Rozpacz. Dwa miasteczka połączone dwudziestoma kilometrami nieuczęszczanej szosy gdzieś pośród pustynnych bezkresów Kolorado. I przemierzający je samotnie Jack Reacher, który chce tylko napić się kawy. Rozpacz okazuje się mało gościnnym miejscem. Bez żadnego powodu czterech osiłków próbuje wyrzucić Jacka z miasta. Policja odstawia go do granicy grożąc, że jeśli wróci, trafi do aresztu. Czy mieszkańcy czegoś się boją? Mają coś do ukrycia? Jeśli tak, to się przeliczyli. Bo Reacher nie ma nic do stracenia. Ani żadnych zahamowań. Dziwne zachowanie przedstawicieli lokalnej władzy wzmaga tylko jego determinację, by wyjaśnić ponure tajemnice, skrywane przez miasto i położony w pobliżu potężny zakład recyklingu złomu. Tajemnice, które mogą mieć związek z odległą wojną, w której giną tysiące ludzi. Jedynym sojusznikiem Jacka będzie młoda policjantka z Nadziei...",Sensacyjne i thrillery
/pl/61_godzin-9788376595078,książka / book,Książki i czasopisma / Books and periodicals,Lee Child,61 godzin,,angielski,Albatros,2011,Miękka,14.0x20.5,432,"0,53 kg",,9788376595078 (9788376595078),9788376595078,/img/product_images_new/933/89933_01_61_godzin.300.jpg,"Zima w Dakocie Południowej. Minus dwadzieścia stopni, śnieżyca, oblodzona droga i zmęczony kierowca. Autobus, którym jedzie Reacher, wpada w poślizg i zjeżdża do rowu. Najbliższa miejscowość Bolton oddalona jest o trzydzieści kilometrów. Zanim zjawi się pomoc, wszyscy pasażerowie zdążą odczuć fatalne skutki mrozu. Niedaleko Bolton zbudowano olbrzymi zakład karny. W jednej z jego cel siedzi przywódca motocyklowego gangu handlującego amfetaminą, a w miasteczku mieszka główny świadek koronny, emerytowana bibliotekarka Jane Salter, strzeżona przez miejscową policję. Reacher odkrywa, że komisariat policji w Bolton znajduje się w stanie paranoi. Pilnować więzienia, czy pilnować świadka? Ktoś na pewno będzie próbował go uciszyć? Ktoś z miejscowych, może nawet policjant, czy nasłany morderca? Jaką tajemnicę kryje opuszczona baza wojskowa w pobliżu miasteczka - baza, której nie ma na żadnej mapie? Jack ma dokładnie 61 godzin, by znaleźć odpowiedź. Kluczem do niej jest pewien niski mężczyzna, który z ogrodzonej murem posiadłości sto kilkadziesiąt kilometrów od Mexico City pociąga za wszystkie sznurki.",Sensacyjne i thrillery
/pl/slepa_bogini-9788376485812,książka / book,Książki i czasopisma / Books and periodicals,Anne Holt,Ślepa bogini,,polski,Prószyński Media,2011,Miękka ze skrzydełkami,14.0x20.0,336,"0,32 kg",,9788376485812 (9788376485812),9788376485812,/img/product_images_new/191/89191_01_slepa_bogini.300.jpg,"Doskonałe otwarcie nowego cyklu! W Oslo, nad rzeką Aker, policja znajduje martwego narkomana z raną postrzałową. Jego śmierć nie trafia na nagłówki gazet. Dopiero, gdy kilka dni później adwokat ofiary zostaje zamordowany we własnym mieszkaniu, sprawa wzbudza większe zainteresowanie. Powoli zaczyna wyłaniać się obraz brutalnej mafii narkotykowej, której rozpracowanie prowadzi do odkrycia mrocznych sił działających w społeczeństwie. Ślepa bogini to pierwszy tom cyklu o Hanne Wilhelmsen, śledczej z Komendy Okręgowej Policji w Oslo, „obdarzonej intuicją, jaką posiada tylko jeden na stu policjantów”.",
/pl/bal_absolwentow-9788324132058,książka / book,,Ruth Newman,Bal absolwentów,Twisted wing,angielski,AMBER,2008,Twarda,14.0x20.0,272,"0,41 kg",,9788324132058 (9788324132058),9788324132058,/img/product_images_new/048/29048_01_bal_absolwentow.300.jpg,"Bohaterowie - studenci z Cambridge. W roli detektywa - młody, wybitnie utalentowany psychiatra, dobrze wychowany i wrażliwy. Ofiary - najpiękniejsze studentki. Motyw – nieznany. Zbrodniarz: a.	Psychopatyczny seryjny morderca? b.	Ktoś spośród studenckiej światowej elity? c.	A może Rzeźnik z Cambridge to nie jedna osoba? Bo zabić mógł każdy z nich. Zakończenie – jakiego jeszcze nie było",
/pl/fetysz-9788377311417,książka / book,Książki i czasopisma / Books and periodicals,Tara Moss,Fetysz,,angielski,VESPER,2013,Miękka ze skrzydełkami,14.5x21.0,384,"0,43 kg",20.03.2013,9788377311417 (9788377311417),9788377311417,/img/product_images_new/577/130577_01_fetysz.300.jpg,"Makedde Vanderwall, 25-letnia kanadyjska modelka i studentka psychologii sądowej, przybywa do Australii na sesję zdjęciową. Dowiaduje się tam, że inna modelka - jej przyjaciółka, Cahterine - została brutalnie zamordowana. Wkrótce okazuje się, że Catherine może być jedną z wielu ofiar seryjnego mordercy. Makedde rozpoczyna własne śledztwo i nawiązuje znajomość z przystojnym policjantem, Andym Flynnem. W trakcie lektury poznajemy od podszewki świat modelek i tajniki śledztw policyjnych. Wszystko to w atrakcyjnej scenerii zimowego Sydney… Tara Moss - (ur. 1973) kanadyjsko-australijska pisarka i prezenterka telewizyjna. Jest autorką wielu bestsellerowych kryminałów, popularnych w krajach anglosaskich i przetłumaczonych na kilkanaście języków. „Fetysz” to pierwsza książka z liczącego sześć tomów cyklu o przygodach Makedde Vanderwall.",
/pl/ostre_przedmioty-9788377789438,książka / book,Książki i czasopisma / Books and periodicals,Gillian Flynn,Ostre przedmioty,Sharp objects,angielski,Słowne (dawniej Burda Książki),2015,Twarda,13.5x20.5,360,"0,36 kg",14.01.2015,9788377789438 (9788377789438),9788377789438,/img/product_images_new/052/193052_01_ostre_przedmioty.300.jpg,"Najlepszy thriller Amazon.com! Camille Preaker po krótkim pobycie w klinice psychiatrycznej wraca do pracy reporterki w „Daily Post” i otrzymuje zlecenie na artykuł o tajemniczych zabójstwach dwóch małych dziewczynek w jej rodzinnym miasteczku. Z niechęcią wraca do wspaniałej wiktoriańskiej rezydencji, w której się wychowała, gdzie zaczyna ją prześladować wspomnienie tragedii z dzieciństwa. Stara się odkryć prawdę o brutalnych zbrodniach. Wszystkie tropy prowadzą jednak w ślepą uliczkę i zmuszają Camille do rozwikłania zagadki własnej przeszłości, której musi stawić czoło. „Znakomity debiut to zbyt łagodnie powiedziane. Nie czytałem tak bezlitośnie przerażającej sagi rodzinnej od czasu Wężoskóry Johna Harrisa, po którą sięgnąłem trzydzieści lat temu. Ostre przedmioty to nie jakaś tam płytka powieść oparta na chwytliwych pomysłach; jej groza narasta. Ostatnie trzydzieści stron czytałem, czując strach, ale nie mogłem oderwać się od nich. Gdy już zgasiłem światło, cała historia wciąż tkwiła w mojej głowie, wijąc się i sycząc niczym wąż w jamie. Zachwycający kawał dobrej literatury, napisany świetnym językiem i z dużą wnikliwością”. Stephen King „Dowcipny, stylowy, fascynujący debiut. Prawdziwe objawienie”. Harlan Coben Gillian Flynn zadebiutowała powieścią „Ostre przedmioty”, którą obsypano najważniejszymi nagrodami literackimi na świecie i znakomitymi recenzjami. Kolejna książka „Mroczny Zakątek” była bestsellerem „New York Timesa”. Trafiła do finału Ian Fleming Steel Dagger Award oraz na listy najlepszych książek. Pisarkę uhonorowano prestiżową Quill Award za najlepszy thriller roku. Kolejna powieść „Zaginiona dziewczyna” podbiła serca krytyków i czytelników na całym świecie i przeniesiono ją na ekran w reżyserii Davida Finchera.",Sensacyjne i thrillery
/pl/zaginiona_dziewczyna-9788377784945,książka / book,Książki i czasopisma / Books and periodicals,Gillian Flynn,Zaginiona dziewczyna,,,G+J Książki,2013,Miękka,,652,"0,46 kg",19.03.2013,978-83-7778-494-5 (9788377784945),9788377784945,/img/product_images_new/363/296363_01_zaginiona_dziewczyna.300.jpg,"Jest upalny letni poranek, a Nick i Amy Dunne obchodzą właśnie piątą rocznicę ślubu. Jednak nim zdążą ją uczcić, mądra i piękna Amy znika z ich wielkiego domu nad rzeką Missisipi. Podejrzenia padają na męża. Nick coraz więcej kłamie i szokuje niewłaściwym zachowaniem. Najwyraźniej coś kręci i bez wątpienia ma w sobie wiele goryczy - ale czy rzeczywiście jest zabójcą? Z siostrą Margo u boku próbuje udowodnić swoją niewinność. Jednak jeśli Nick nie popełnił zbrodni, gdzie w takim razie podziewa się jego cudowna żona?",Sensacyjne i thrillery
/pl/mroczny_zakatek-9788324025909,książka / book,Książki i czasopisma / Books and periodicals,Gillian Flynn,Mroczny zakątek,Dark places,angielski,Znak,2014,Miękka,13.5x21.0,512,"0,465 kg",08.10.2014,9788324025909 (9788324025909),9788324025909,/img/product_images_new/501/181501_01_mroczny_zakatek.300.jpg,"Libby Day była małą dziewczynką, gdy zamordowano jej matkę i dwie starsze siostry. To jej zeznania doprowadziły do skazania jej piętnastoletniego brata Bena na dożywocie. Dziś, po dwudziestu pięciu latach, Ben nadal siedzi w więzieniu, a Libby desperacko potrzebuje pieniędzy. Kiedy więc członkowie Klubu Zbrodni, stowarzyszenia, które fascynuje się tajemniczymi zabójstwami uznają, że Ben został niesłusznie skazany i proponują jej pieniądze w zamian za pomoc w jego uwolnieniu, Libby nie może się nie zgodzić. Musi poradzić sobie z demonami przeszłości, ocenić, co naprawdę pamięta z tamtej nocy, a co wmówiono jej w trakcie śledztwa i wreszcie poznać prawdę o swojej rodzinie. Czy brutalnego morderstwa dopuścił się brat, posądzany o satanizm? Czy śledczy popełnili błąd? Gillian Flynn jest światowym fenomenem wydawniczym. Jej ostatnia powieść, „Zaginiona dziewczyna”, sprzedała się w ponad 6 milionach egzemplarzy i zapoczątkowała modę na thrillery psychologiczne -podobną do tej na kryminały skandynawskie po publikacji trylogii „Millenium”. Jej debiutancka powieść „Ostre przedmioty”, jako pierwsza w historii, zdobyła dwie Dagger Award. „Mroczny zakątek” został wybrany najlepszą książką roku według „Publisher’s Weekly”, ulubioną książką krytyków „New York Timesa” i „Chicago Tribune”. Tej jesieni w kinach pojawią się ekranizacje dwóch jej powieści: „Zaginionej dziewczyny” w reżyserii Davida Finchera i „Mrocznego zakątka” z Charlize Theron w roli głównej. Libby Day Dziś Gdzieś we mnie w środku gnieździ się wredność, nama¬calna niczym organ wewnętrzny. Gdyby ktoś rozciął mi brzuch, pewnie by wypadła na podłogę, jak kawał brunat¬nego mięsa, który można by podeptać. Jestem nieodrod¬ną córką Dayów. W naszych żyłach płynie skażona krew. Nigdy nie należałam do grzecznych dzieci, a po masakrze zrobiłam się jeszcze gorsza. Mała Sierotka Libby z dnia na dzień pochmurniała i więdła, przerzucana od jednych krewnych do drugich – od dalekich kuzynów do sióstr bab¬ci, a potem do przyjaciół przyjaciół – i tułała się po przycze¬pach kempingowych i zapadłych ranczach w całym Kansas. Do szkoły poszłam w za dużych ciuchach po starszych, nie¬żyjących siostrach. Koszule miały musztardowe plamy pod pachami. Spodnie wiszące w kroku, jak u klauna, trzymały się na zdezelowanym pasku, zapiętym na ostatnią dziur¬kę. Na każdym zdjęciu klasowym mam rozczochrane wło¬sy, a spinki zwisające z kosmyków wyglądają jak paprochy, które przywiał wiatr. Wory pod oczami jak u zapijaczonej dozorczyni. Pogardliwie wykrzywione usta miały chyba imitować uśmiech. Tego akurat nie jestem pewna. Nie byłam rozkosznym dzieckiem i kiedy dorosłam, bynajmniej nie zyskałam na uroku osobistym. Moją du¬szę można by przedstawić jako paskudny bohomaz z wiel-kimi kłami...",
/pl/lotnisko_w_monachium-9788379762613,książka / book,Książki i czasopisma / Books and periodicals,Greg Baxter,Lotnisko w Monachium,,polski,Czwarta Strona,2015,Twarda,14.6x21.0,318,"0,442 kg",06.05.2015,9788379762613 (9788379762613),9788379762613,/img/product_images_new/055/202055_01_lotnisko_w_monachium.300.jpg,"Amerykanin mieszkający w Londynie odbiera telefon. Niemiecka policja informuje go o śmierci siostry. Miriam zmarła z zagłodzenia. Trzy tygodnie później bohater, jego starzejący się ojciec i amerykańska urzędniczka konsularna znajdują się na spowitym mgłą lotnisku w Monachium, skąd trumna z ciałem Miriam ma zostać przewieziona do Stanów. Opóźnienie w podróży wywołuje lawinę wspomnień i pytań o przyczynę tej niespodziewanej i wydawać by się mogło, osobliwej śmierci. Lotnisko w Monachium to przejmująca opowieść o samotności. Wciągająca, śmiała i hipnotyczna lektura – dzieło jednego z najbardziej utalentowanych współczesnych pisarzy amerykańskich. „Wybitny talent!”  The Guardian „Jeśli powieść Saula Bellowa opisywała, jak twierdzili niektórzy recenzenci, śmierć patriarchatu w połowie XX w., Lotnisko w Monachium jest jego sekcją zwłok, kryminalnym śledztwem mówiącym o tym, co oznacza w dzisiejszych czasach bycie mężczyzną i bycie człowiekiem”. Times Literary Supplement „To powieść, która bez cienia sentymentalizmu mówi o znaczeniu rodziny i – na odwrót – o egzystencjalnej samotności każdej  postaci – samotności, która zubożyła ich życie”. Independent „Opowieść… o czasach, w których żyjemy, o naturze konsumpcji oraz o prześladujących nas lękach, które odseparowują nas od samych siebie i innych…”. Irish Times",
/pl/zamet-9788380159990,książka / book,Książki i czasopisma / Books and periodicals,Vincent V. Severski,Zamęt,,polski,Czarna owca,2022,Miękka ze skrzydełkami,13.3x20.0,528,"0,54 kg",18.04.2018,9788380159990 (9788380159990),9788380159990,/img/product_images_new/627/367627_01_zamet.300.jpg,"W Pakistanie porwany zostaje przez talibów polski biznesmen. Grozi mu śmierć. Do akcji ratunkowej rusza super tajna jednostka Agencji Wywiadu znana jako „Sekcja”. Szybko okazuje się jednak, że porwanie jest tylko częścią szerszego planu, w który zaangażowane są wywiady różnych krajów i staje się ono powodem do bezwzględnych rozgrywek politycznych w Polsce. Pod kierunkiem ekscentrycznego Romana „Sekcja”, czyli Monika – absolwentka ASP, Dima – były nielegał, Ela i Witek, z narażeniem życia próbują zdemaskować zdrajcę i podróżując przez Grecję, Rosję, Pakistan i RPA rozwikłać trudną szpiegowską zagadkę. Informacja dotycząca wprowadzenia produktu do obrotu: Ten produkt został wprowadzony na rynek przed 13 grudnia 2024 r. zgodnie z obowiązującymi wówczas przepisami (Dyrektywą o ogólnym bezpieczeństwie produktów). W związku z tym może on być nadal sprzedawany bez konieczności dostosowania do nowych wymogów wynikających z Rozporządzenia o Ogólnym Bezpieczeństwie Produktów (GPSR). Produkt zachowuje pełną legalność w obrocie, a jego jakość i bezpieczeństwo pozostają zgodne z obowiązującymi wcześniej standardami. Information regarding product placement on the market: This product was placed on the market before December 13, 2024, in accordance with the applicable regulations at the time (the General Product Safety Directive). As a result, it can continue to be sold without needing to meet the new requirements introduced by the General Product Safety Regulation (GPSR). The product remains fully compliant with all previously valid legal standards, ensuring its continued quality and safety.",Kryminały
/pl/zludzenie-9788375444391,książka / book,Książki i czasopisma / Books and periodicals,Thomas Erikson,Złudzenie,,szwedzki,REA,2012,Miękka ze skrzydełkami,15.0x22.5,576,"0,61 kg",,9788375444391 (9788375444391),9788375444391,/img/product_images_new/124/79124_01_zludzenie.300.jpg,"W przeciągu jednego tygodnia w Sztokholmie zostaje zastrzelonych dwóch biznesmenów. Zanim z zimną krwią publicznie wykonano na nich wyrok, obaj byli szantażowani. Zabójca zdaje się nie popełniać żadnych błędów. Behawiorysta Alex King, początkowo wezwany przez policję w roli świadka, szybko wplątuje się w wydarzenia związane ze śledztwem. Do spółki z komisarzem Gabrielem Hellmarkiem oraz panią inspektor Niną Mander, próbuje rozwikłać tę niezwykłą zagadkę. Wszystko wskazuje bowiem na to, że policja ma do czynienia z zupełnie nowym graczem w sztokholmskim świecie przestępczym. THOMAS ERIKSON – behawiorysta, trener, specjalista w zakresie coachingu liderów. Mieszka pod Sztokholmem z partnerką życiową oraz piątką dzieci. Złudzenie to jego debiutancka powieść.",Sensacyjne i thrillery
/pl/odwet-9788376486345,książka / book,Książki i czasopisma / Books and periodicals,Kristina Ohlsson,Odwet,Tusenskonor,polski,Prószyński Media,2011,Miękka ze skrzydełkami,14.0x20.5,400,"0,37 kg",,9788376486345 (9788376486345),9788376486345,/img/product_images_new/235/89235_01_odwet.300.jpg,"W klaustrofobicznym świecie zbrodni życie nie ma wartości. Ale może mieć swoją cenę. Trzymający w napięciu skandynawski kryminał następczyni Henninga Mankella! W Sztokholmie znaleziono zwłoki pastora Ahlbina i jego małżonki. Pozostawiony przez mężczyznę list sugeruje, że zabił żonę, a następnie popełnił samobójstwo. Powodem miała być wiadomość o śmierci córki, która zmarła wskutek przedawkowania narkotyków. Ci, którzy znali rodzinę, utrzymują jednak, że córka Ahlbinów nie była narkomanką, a śmierć pastora miała związek z prowadzoną przez niego działalnością na rzecz nielegalnych imigrantów. Wkrótce dochodzi do kolejnych tajemniczych śmiertelnych wypadków, które łączą się ze sprawą Ahlbinów. Wielowątkowe, skomplikowane dochodzenie odsłania stopniowo powiązania pomiędzy ofiarami morderstw w Sztokholmie, a także ujawnia tło wydarzeń rozgrywających się w Bangkoku, gdzie ktoś prześladuje szwedzką dziennikarkę…",
/pl/drzewo_morwowe-9788393346257,książka / book,Książki i czasopisma / Books and periodicals,Tomasz Białkowski,Drzewo Morwowe,,polski,Szara Godzina,2012,Miękka,13.5x21.0,304,"0,32 kg",13.06.2012,9788393346257 (9788393346257),9788393346257,/img/product_images_new/628/109628_01_drzewo_morwowe.300.jpg,"Rok 2004. Na północy kraju dochodzi do serii morderstw, których ofiarami są starsi mężczyźni. Paweł Werens, młody dziennikarz jednej z warszawskich gazet, otrzymuje zadanie napisania reportażu o tych wstrząsających wydarzeniach. Początkowa pogoń za sensacją zamienia się wkrótce w walkę z demonami przeszłości. Jaki związek mają współczesne brutalne morderstwa z męczeńską śmiercią pierwszych chrześcijan? Czy dziennikarskie śledztwo prowadzone przez Werensa pozwoli na rozwiązanie zagadki i powstrzymanie przestępcy przed ukończeniem szaleńczego planu, czy też zadziała jak katalizator, pociągając za sobą kolejne ofiary? I co oznaczają motyle znalezione w ustach zabitych? Białkowski potrafi swoją opowieścią przerazić, zaintrygować i zachwycić. Odnajdziemy tutaj to, co lubimy najbardziej w trzymających w napięciu historiach: tajemnicę, zawiłą intrygę, wyrafinowane zbrodnie i perfekcyjne planowanie. Warto zanurzyć się w tej miejscami makabrycznej, ale inteligentnej powieści i poczuć smak dobrego polskiego kryminału. Losy głównego bohatera Drzewa morwowego będzie można śledzić w kolejnej powieści Tomasza Białkowskiego pt. Kłamca.",Kryminały
/pl/sukienka_z_mgiel-9788377790762,książka / book,Książki i czasopisma / Books and periodicals,Joanna M. Chmielewska,Sukienka z mgieł,,polski,MG,2013,Miękka,14.5x20.5,240,"0,23 kg",,9788377790762 (9788377790762),9788377790762,/img/product_images_new/312/96312_01_sukienka_z_mgiel.300.jpg,"Piwnica pod Liliowym Kapeluszem to miejsce niezwykłe. Podobnie jak i jej właścicielka – Weronika, która potrafi odpowiedzieć na pytanie, zanim rozmówca zdąży je zadać, przeczuwa, co się wydarzy, widzi więcej niż inni… I wie, że ludzie przychodzą do kawiarni niekoniecznie po to, żeby się napić dobrej kawy, a ich oczekiwania czasami mają niewiele wspólnego z tym, co figuruje w menu. Czego więc szukają i co odnajdują w Piwnicy pod Liliowym Kapeluszem jej goście? Małomówny, który nie rozstaje się ze swoim laptopem, zasłaniająca rękawem siniak Krycha Karpieluk, autystyczna Kora i jej mama, Mateusz zamawiający zawsze kawę Monsooned Malabar, Ala o wyglądzie grzecznej dziewczynki i obgryzający paznokcie Andrzejek… I co może zmienić czasami z pozoru niewiele znaczące zdarzenie? Jakaś wizytówka, która wypadła z portfela, ludzik z kamyków, latte podana zamiast czarnej Monsooned Malabar albo kilka słów wypowiedzianych w odpowiednim momencie… Ci, którzy czytali Poduszkę w różowe słonie, spotkają w Sukience z mgieł starych znajomych i dowiedzą się, co z Brazylijczykiem, z którym Weronikę połączyła nie tylko miłość do kawy, i czy udało się Ani, Hance i Łukaszowi.",
/pl/zabojczy_miesiac_miodowy-9788375757392,książka / book,Książki i czasopisma / Books and periodicals,"Don Lasseter , Ronald E. Bowers",Zabójczy miesiąc miodowy,,polski,Hachette Polska,2011,Miękka,13.5x20.5,400,"0,34 kg",,9788375757392 (9788375757392),9788375757392,/img/product_images_new/100/83100_01_zabojczy_miesiac_miodowy.300.jpg,"Rebeka Salcedo miała miły uśmiech, ponętne ciało i wielki apetyt na życie. Brakowało jej tylko pieniędzy, tymi zaś dysponował nieśmiały Bruce Cleland. Wystarczyło wymyślić, jak przejąć jego fortunę. Najlepiej skłaniając go do ożenku, a potem... wysyłając na tamten świat.",
/pl/londyn_we_krwi-9788377583425,książka / book,Książki i czasopisma / Books and periodicals,James Craig,Londyn we krwi,London Calling,polski,Akurat,2013,Miękka ze skrzydełkami,13.0x20.5,336,"0,27 kg",29.05.2013,9788377583425 (9788377583425),9788377583425,/img/product_images_new/770/135770_01_londyn_we_krwi.300.jpg,"Londyn we krwi to debiutancka powieść londyńskiego dziennikarza Jamesa Craiga. Autor nazywa ją „europejskim kryminałem” zabarwionym czarnym humorem. W trakcie kampanii przed wyborami parlamentarnymi ktoś w bestialski sposób morduje byłych członków ekskluzywnego Merrion Club. Wszystko wskazuje na to, że na liście zabójcy są również charyzmatyczni i bezwzględni bliźniacy, Edgar i Xawier Carlton, ludzie gotowy na wszystko, by zdobyć władzę. Inspektor John Carlyle wcale nie jest zachwycony tym, że zadanie ujęcia okrutnego mordercy przypadło właśnie jemu. Tropiąc sprawcę, zagłębia się w mroczny świat brytyjskich klas rządzących. Moralność tam nie istnieje, liczy się wyłącznie władza.  Carlyle musi znaleźć zabójcę, zanim ludzie Carltonów wezmą sprawy w swoje ręce. Ślady prowadzą w przeszłość, o której wiele osób z pierwszych stron gazet wolałoby na zawsze zapomnieć… Mocny kryminał z ostro zarysowanym wątkiem politycznym. Autor – były dziennikarz – nie waha się opisywać wyjątkowo brutalnych zbrodni, ale równie często korzysta z typowo angielskiego poczucia humoru. Washington Post W swojej debiutanckiej książce James Craig po mistrzowsku snuje opowieść o dokonywanej z zimną krwią zemście; bogactwo szczegółów i unikalna narracja sprawiają, że z niecierpliwością czekamy na kolejne książki. Kirkus Review Wciąga tak, że nie sposób oderwać się od lektury. Library Journal Rewelacyjna mieszanka kryminału, horroru i thrillera politycznego. Gumshoe Reviews James Craig – urodzony w Szkocji autor kryminałów. Zadebiutował jako pisarz w 2011 roku powieścią Londyn we krwi, która rozpoczyna serię z inspektorem Johnem Carlyle w roli głównej. Zanim zajął się pisaniem, przez trzydzieści lat pracował jako dziennikarz, konsultant i producent telewizyjny. Swoją twórczość nazywa „europejskim kryminałem"" – pełnym odcieni szarości, niejednoznacznej moralności i niedokończonych spraw. Mieszka z żoną i córką w londyńskiej dzielnicy Covent Garden. Jest fanem Liverpool F.C. George ocknął się z paskudnym posmakiem w ustach i bólem głowy, który niemal doprowadzał go do płaczu. Siedział w salonie, z rękami i nogami przywiązanymi do jedynego krzesła w jego mieszkaniu. Ktoś owinął mu również taśmą klatkę piersiową i oparcie krzesła, by mieć pewność, że nie zdoła się poruszyć. Tą samą taśmą zakleił George’owi usta. Zrozumiawszy, że nawet firmy użyteczności publicznej nie posunęłyby się do takich metod, by zyskać nowych klientów, wpadł w panikę. Zaczął gryźć taśmę i rozpaczliwie próbował podnieść się z krzesła. - Spokojnie, spokojnie – przemówił ktoś cichym, kojącym głosem. – Staraj się miarowo oddychać. Jednak widok dłoni spoczywającej na jego ramieniu wcale nie uspokoił George’a. Okrywała ją gumowa rękawiczka podobna do tych, jakie noszą lekarze, lub jakie na filmach zakładają mordercy tuż przed tym, jak masakrują swoje ofiary. (fragment książki)",
/pl/moj_przyjaciel_mrok-9788328014787,książka / book,Książki i czasopisma / Books and periodicals,Lisa Unger,Mój przyjaciel mrok,,polski,W.A.B.,2014,Miękka,12.5x19.5,400,"0,354 kg",28.01.2015,9788328014787 (9788328014787),9788328014787,/img/product_images_new/835/189835_01_moj_przyjaciel_mrok.300.jpg,"Pisarka Bethany Graves po trudnym rozwodzie przeprowadza się do Hollows, miasteczka w północno-wschodnich Stanach. Tu planuje napisać książkę i naprawić swoje relacje z nastoletnią córką, Willow. Gdy dziewczyna odkrywa w pobliskim lesie jamę przypominającą grób, obie kobiety wikłają się w śledztwo sięgające wydarzeń sprzed dwudziestu pięciu lat.",
/pl/zakladnik-9788377990827,książka / book,Książki i czasopisma / Books and periodicals,John Gilstrap,Zakładnik,,angielski,ŚWIAT KSIĄŻKI,2011,Miękka,13.5x21.5,400,"0,48 kg",,9788377990827 (9788377990827),9788377990827,/img/product_images_new/977/96977_01_zakladnik.300.jpg,"Uznany przez „New York Timesa” za autora bestsellerów John Gilstrap wprowadza nas w swoim nowym, przykuwającym uwagę thrillerze w tajemniczy świat, gdzie stawki są wysokie, gracze mają znaczone karty, a straszliwa tajemnica za chwilę ujrzy światło dzienne… Jonathan Grave, ekspert w dziedzinie uwalniania zakładników wkracza na obszary, gdzie nie zapuszcza się nawet rząd. Od kul ginie niewinny człowiek, a dwóch młodych ludzi znika. Aby utrzymać ich i swój zespół przy życiu, Jonathan musi zagłębić się w przerażający tajemny świat, którego podstępne ścieżki prowadzą na same szczyty władzy. Musi pokonać przeciwników, gotowych zabijać bez końca, byle tylko prawda nie wyszła na jaw…",
/pl/niewinny-9788328009714,książka / book,Książki i czasopisma / Books and periodicals,David Baldacci,Niewinny,The innocent,angielski,W.A.B.,2014,Miękka,12.5x19.5,494,"0,424 kg",09.07.2014,9788328009714 (9788328009714),9788328009714,/img/product_images_new/755/172755_01_niewinny.300.jpg,"Niewinny otwiera nowy cykl sensacyjny etatowego twórcy bestsellerów. Zdrada w amerykańskich tajnych służbach i perfekcyjny zabójca na tropie spisku… Kiedy ani FBI, ani wojsko nie potrafią powstrzymać zagrożenia, rząd USA angażuje Willa Robiego, płatnego mordercę, który nie zadaje pytań i nigdy nie zawodzi. Niestety, okazuje się, że Will popełnił pierwszy – i być może ostatni – błąd w swojej karierze… ""Ta książka jest do przeczytania w jeden dzień, a jej zakończenie całkowicie cię zaskoczy. Jedna z najlepszych powieści Baldacciego. „Suspense Magazine”",
/pl/dzien_zero-9788328009080,książka / book,Książki i czasopisma / Books and periodicals,David Baldacci,Dzień zero,Zero Day,angielski,W.A.B.,2014,Miękka,12.5x19.5,560,"0,41 kg",09.04.2014,9788328009080 (9788328009080),9788328009080,/img/product_images_new/828/160828_01_dzien_zero.300.jpg,"Pierwsza część nowego bestsellerowego cyklu Davida Baldacciego! Nowy bohater – podobno najlepszy agent w amerykańskiej armii – na tropie niebezpiecznego spisku… John Puller jest agentem Wojskowego Wydziału Śledczego i otrzymał rozkaz, by zbadać sprawę makabrycznego zabójstwa. Pułkownik wywiadu Matthew Reynolds został zamordowany wraz ze swoją żoną i dwojgiem nastolenich dzieci. Puller błyskawicznie dociera na miejsce, do sennego miasteczka w Wirginii Zachodniej, i ku swemu zdumieniu odkrywa kolejne zwłoki – policjant pilnujący miejsca zbrodni został powieszony. Historię jak ze złego snu, spisek, który może wywołać niewyobrażalne skutki…",
/pl/odpowiedz-_jesli_mnie_slyszysz-9788324152094,książka / book,Książki i czasopisma / Books and periodicals,Ninni Schulman,"Odpowiedz, jeśli mnie słyszysz",,szwedzki,AMBER,2014,Miękka,13.0x20.5,368,"0,31 kg",09.12.2014,9788324152094 (9788324152094),9788324152094,/img/product_images_new/694/189694_01_odpowiedz-_jesli_mnie_slyszysz.300.jpg,"Powieść z bohaterką Dziewczyny ze śniegiem we włosach. „Taką powieść chciałaby napisać Camilla Läckberg”. „BORAS TIDNING” o Dziewczynie ze śniegiem we włosach Realistyczna sensacyjna intryga rozwija się w zamkniętej społeczności, wśród wiarygodnych bohaterów – zwykłych ludzi, z których każdy kryje sekret, o którym wolałby zapomnieć. Październikowy ranek, lasy pod Hagfors. Podczas polowania pada strzał, od którego ginie jeden z myśliwych. Jego czternastoletnia córka, która była razem z nim, znika... Nieszczęśliwy wypadek czy morderstwo? Dwadzieścioro uczestników polowania staje się podejrzanymi. Wśród nich jest szefowa policji w Hagfors i ojciec młodej dziennikarki Magdaleny Hansson. I to właśnie Magdalena wpada na trop przeoczony przez policję. Jest na urlopie macierzyńskim, jej związek z mężczyzną jej życia przeżywa kryzys, a mimo to – a może właśnie dlatego? – angażuje się w śledztwo na własną rękę. I odkrywa, że zabity miał wiele sekretów i wielu wrogów. A każdy z nich miał motyw, żeby zabić – z zemsty, zawiści, rozpaczy… „W swoim kolejnym świetnym kryminale Ninni Schulman imponująco wiarygodnie pokazuje, jak rozpada się życie wszystkich związanych ze zbrodnią”. „DAGENS NYHETER” Szwedzka dziennikarka NINNI SCHULMAN została okrzyknięta gwiazdą szwedzkiego kryminału. Jej książki sprzedano w Szwecji w 250 000 egzemplarzy. Międzynarodową sławę zyskała powieścią Dziewczyna ze śniegiem we włosach, pierwszą w serii z dziennikarką Magdaleną Hansson. Powieść uznano za przykład najlepszej tradycji skandynawskiego kryminału.",
/pl/zagluszyc_krzyk-9788324145317,książka / book,Książki i czasopisma / Books and periodicals,Neil White,Zagłuszyć krzyk,,polski,AMBER,2013,Miękka ze skrzydełkami,13.0x20.5,352,"0,26 kg",,9788324145317 (9788324145317),9788324145317,/img/product_images_new/755/131755_01_zagluszyc_krzyk.300.jpg,"Literacki kryminał oparty na prawdziwej historii seryjnego mordercy. 1. miejsce w Amazonie przez 4 tygodnie 150 000 sprzedanych egzemplarzy przez 6 miesięcy Rozbiera je, wiąże, zapycha usta ziemią. A potem pisze wiersz. I wysyła go do gazety… Taki morderca istniał naprawdę. Dennis Rader z Wichita w stanie Kansas w ciągu kilkunastu lat zamordował dziesięć osób. Jego ofiarami były głównie kobiety. Szukając rozgłosu, wysyłał listy do gazet i kontaktował się z policją. Chciał, by nadano mu pseudonim, pragnął być zapamiętany jako „Morderca BTK” – skrót od określenia sposobu, w jaki zadawał śmierć: „Bind them (zwiąż je), Torture them (torturuj je), Kill them (zabij je)”. Dennis Rader, jeden z najsłynniejszych amerykańskich seryjnych morderców, był szanowanym obywatelem, filarem swojej społeczności, wiernym lokalnej kongregacji i… przewodniczącym rady kościelnej. Do swoich listów do prasy dołączał wiersze zapowiadające kolejne morderstwa. Właśnie te wiersze doprowadziły do jego aresztowania w 2005 roku. Wiersze Dennisa Radera zainspirowały Neila White’a – prawnika i nową gwiazdę brytyjskiego kryminału - do stworzenia fabuły powieści Zagłuszyć krzyk. Mocna, atmosferyczna powieść, wręcz naładowana napięciem i porażająca psychologicznym suspensem. Neil White wziął szturmem rynek kryminału. „The Times”","Horror, literatura grozy"
/pl/kamienna_cisza-9788324149667,książka / book,Książki i czasopisma / Books and periodicals,Kjell Eriksson,Kamienna cisza,,polski,AMBER,2014,Miękka ze skrzydełkami,13.0x20.5,336,"0,30 kg",03.04.2014,9788324149667 (9788324149667),9788324149667,/img/product_images_new/236/160236_01_kamienna_cisza.300.jpg,"Finalistka nagrody dla najlepszej powieści roku Szwedzkiej Akademii Literatury Kryminalnej Seria z komisarz Ann Lindell Każdego nowego szwedzkiego pisarza kryminalnego reklamuje się dziś jako następcę Stiega Larssona. Przy Erikssonie ten numer nie przejdzie, bo to jeden z  nauczycieli autora Millennium. Piotr Bratkowski „Newsweek Polska” Genialne! Kjell Eriksson uosabia najlepszą szwedzką tradycję literacką: realizm. Ale pisze pięknym językiem i właśnie to sprawia, że Kamienna cisza przyćmiewa inne współczesne kryminały. „Helsingborgs Dagblad” W swoich kryminałach Kjell Eriksson wykreował nowy literacki krajobraz Szwecji: wiejskie, pozornie idylliczne tereny pod Uppsalą. A Kamienna cisza to jedna z najlepszych powieści gatunku. „Aftonbladet” Uppsala-Näs. Wiejska droga. Słoneczne czerwcowe przedpołudnie. Josefin Cederén z sześcioletnią córeczką idzie na cmentarz odwiedzić grób matki. Samochód uderza w nie z całej siły. Dziewczynka umiera w ułamku sekundy. Josefin żyje jeszcze dość długo, by pomyśleć, że mogła uratować córce życie... Wypadek. Tragiczny. Ale po prostu wypadek. Kierowca najprawdopodobniej przeraził się i uciekł. Tego samego ranka znika bez śladu mąż Josefin, Sven-Erik Cederén. Pracował w firmie farmaceutycznej MedForsk w Uppsali, prowadził badania nad nowymi lekami. Poszukiwaniami kieruje komisarz Ann Lindell. Wciąż boryka się z własnymi problemami. Wciąż nie może zapomnieć o mężczyźnie, od którego odeszła pół roku wcześniej. Wciąż słyszy jego słowa, czuje jego dłonie. Żaden mężczyzna dotąd nie zapadł w jej życie tak jak on. A to nie pomaga jej skoncentrować się na sprawie, która staje się coraz bardziej zagadkowa. Ann dowiaduje się, że Cederén kupił niedawno posiadłość na Dominikanie. A kilka dni później ponure odkrycie na leśnej polanie wskazuje, że jego życie skrywało więcej tajemnic. Śmiertelnie groźnych dla wszystkich, którzy je poznali…",
/pl/ksiezniczka_burundi-9788324149773,książka / book,Książki i czasopisma / Books and periodicals,Kjell Eriksson,Księżniczka Burundi,,polski,AMBER,2014,Miękka,13.0x20.5,400,"0,39 kg",,9788324149773 (9788324149773),9788324149773,/img/product_images_new/597/170597_01_ksiezniczka_burundi.300.jpg,"„Każdego nowego szwedzkiego pisarza kryminalnego reklamuje się dziś jako następcę Sti ega Larssona.Przy Erikssonie ten numer nie przejdzie, bo to jeden z nauczycieli autora Millennium”. PIOTR BRATKOWSKI „NEWSWEEK POLSKA” „Księżniczka Burundi zachwyca zagadkową, inteligentną intrygą i powściągliwą melancholią języka”. „THE WASHINGTON POST” Uppsala, grudzień. Zima uderzyła w całą mocą. Berit Jonsson krąży niespokojnie po pokoju, wygląda przez okno, wypatrując męża w szybko zapadającym zmroku. John powinien już dawno być w domu... Następnego ranka w śnieżnej zaspie zostaje znalezione ciało – zmasakrowane i okrutnie okaleczone. Policja rozpoznaje Johna Jonssona, znanego także jako Mały John. Dawniej niejednokrotnie miewał konflikty z prawem, potem jednak się zmienił – dzięki Berit: założył rodzinę, znalazł pracę, i z pasją oddawał się swojemu hobby: hodował tropikalne ryby akwariowe. Może i nie był aniołem, ale czym zasłużył sobie na tak straszliwą śmierć? Co ukrywał przed swoimi najbliższymi? I czy jego żona, syn i brat wiedzą coś, co może pomóc rozwiązać zagadkę? Jedno jest pewne: Johna zabił ktoś, kto nienawidził go z całego serca… Policja angażuje się w śledztwo, ale wszystkie tropy zawodzą. Inspektor Haver zwraca się o pomoc do komisarz Ann Lindell. Ann niechętnie włącza się w śledztwo: jest na urlopie macierzyńskim, sama opiekuje się synkiem i właśnie zbliżają się święta... Sądzi jednak, że to prosta sprawa. Ale im bardziej się w nią zagłębia, tym więcej napotyka pytań. Nie tylko John miał swoje tajemnice, a zagadka brutalnego zabójstwa sięga w przeszłość - jego i jego rodziny…",Kryminały
/pl/czarne_klamstwa_czerwona_krew-9788324154784,książka / book,Książki i czasopisma / Books and periodicals,Kjell Eriksson,Czarne kłamstwa czerwona krew,"Svarta logner, rott blod",duński,AMBER,2015,Miękka,13.0x20.5,367,"0,315 kg",,9788324154784 (9788324154784),9788324154784,/img/product_images_new/027/209027_01_czarne_klamstwa_czerwona_krew.300.jpg,"Ann Lindell prowadzi kolejne śledztwo, aby sprawiedliwości stało się zadość i żeby uspokoić swoje przerażone serce… Komisarz Ann Lindell nie ma sobie równych w tropieniu sprawców zbrodni i w rozwiązywaniu kryminalnych zagadek. Jest młoda, ładna i lubi działać wbrew regułom. Związała się z dziennikarzem Andersem Brantem i ma nadzieję, że w końcu ułoży sobie życie. Pewnego ranka Anders mówi że musi wyjechać na tydzień czy dwa. I znika. Na przedmieściach Uppsali obok żwirowego nasypu ktoś roztrzaskał głowę bezdomnego. Przy zabitym policja znajduje tylko kartkę papieru z numerem telefonu. To numer Andersa. Odciski palców zebrane w barakowozie, w którym gnieździł się bezdomny potwierdzają, że się znali. Ann Lindell musi jak najszybciej dotrzeć do prawdy o nim z nadzieją, że to czego się dowie, nie pogrąży jej w rozpaczy.","Powieść zagraniczna, Kryminały"
/pl/przeszlosc_czeka-9788324156986,książka / book,Książki i czasopisma / Books and periodicals,Kjell Eriksson,Przeszłość czeka,,polski,AMBER,2016,Kartonowa Foliowana,20.5x13.0,336,"0,26 kg",12.01.2016,9788324156986 (9788324156986),9788324156986,/img/product_images_new/000/248000_01_przeszlosc_czeka.300.jpg,"Powieść z komisarz Ann Lindell z serii nagrodzonej przez Szwedzką Akademię Literatury Kryminalnej. „Kryminały Kjella Erikssona to najwyższe osiągnięcia gatunku”. HENNING MANKELL Wyróżnienie przychodzi nieoczekiwanie. Osiemdziesięcioczteroletni profesor Bertram von Ohler wraca z porannego spaceru i dowiaduje się, że otrzymał Nagrodę Nobla w dziedzinie medycyny. Wiadomość wywołuje burzę emocji na spokojnej uliczce zamożnej podmiejskiej dzielnicy Uppsali. Ohler ma wielu wrogów… Ktoś obrzuca jego dom kamieniami. Ktoś podrzuca do skrzynki pocztowej czaszkę. Chuligańskie wybryki? Tak twierdzi policja. Ale incydenty stają się coraz bardziej niebezpieczne... Sprawą zajmuje się komisarz Ann Lindell. Śledztwo prowadzi ją w przeszłość – Ohlera i jej własną. W jej rodzinne strony, gdzie ożywają wyrzuty sumienia i niespełniona miłość. Gdzie podąża śladem kogoś, kto chce zniszczyć profesora... KJELL ERIKSSON, jeden z największych szwedzkich mistrzów kryminału, zdobył międzynarodową sławę, nawet w USA. Szwedzka Akademia Literatury Kryminalnej uhonorowała w bezprecedensowy sposób jego serię z Ann Lindell. Aż 9 z 10-ciu tomów otrzymało nagrodę lub nominację dla najlepszego kryminału roku. Kjell Eriksson ukazuje mroki ludzkiej duszy, maluje psychologiczne portrety ludzi nie zawsze z „czystym kontem”, i miasta – Uppsali, jakiej nie znamy. Tam prowadzi swoje śledztwa Ann Lindell, jedna z ulubionych bohaterek literackich w Szwecji – młoda, ładna i zbyt często działająca na własną rękę świetna detektyw, która nie potrafi poukładać swojego życia prywatnego. „Znakomity kryminał i subtelne studium psychologiczne – jak zwykle u Erikssona”. „PUBLISHERS WEEKLY”","Kryminały, Powieść zagraniczna"
/pl/studnia_zyczen-9788376701677,książka / book,Książki i czasopisma / Books and periodicals,David Baldacci,Studnia życzeń,Wish You Well,angielski,Buchmann,2011,Miękka ze skrzydełkami,14.5x21.0,332,"0,44 kg",,9788376701677 (9788376701677),9788376701677,/img/product_images_new/806/90806_01_studnia_zyczen.300.jpg,"Nasycona ciepłem i humorem opowieść o rodzinie, którą dotknęła tragedia. Światowy bestseller. Po tragicznej śmierci ojca dwójka dzieci - rodzeństwo, dwunastoletnia Lou i siedmioletni Oz - opuszcza Nowy Jork, by zamieszkać u swojej prababki Louisy Mae na podupadającej farmie w południowej części Wirginii. Towarzyszy im matka - inwalidka, która wskutek wypadku utraciła kontakt z otoczeniem. Tu, daleko od wielkomiejskiej cywilizacji, Lou nawiązuje swoją pierwszą prawdziwą przyjaźń i dowiaduje się, co naprawdę znaczą słowa: lojalność, odkupienie, miłość. Światowy bestseller!",
/pl/ocalenie-9788376701226,książka / book,Książki i czasopisma / Books and periodicals,David Baldacci,Ocalenie,Saving Faith,angielski,Buchmann,2011,Miękka ze skrzydełkami,14.5x21.0,384,"0,507 kg",,9788376701226 (9788376701226),9788376701226,/img/product_images_new/775/90775_01_ocalenie.300.jpg,"Niedaleko Waszyngtonu, w zalesionej okolicy na końcu żwirowej drogi, stoi mały domek  W tym miejscu FBI ma przesłuchać jednego z najważniejszych świadków, jakiego agencja miała do tej pory.  Faith Lockart ma do opowiedzenia niesamowitą historię. Niestety kilka niepowołanych osób wie o tajnym spotkaniu.",
/pl/pierwsza_dama-9788376702612,książka / book,Książki i czasopisma / Books and periodicals,David Baldacci,Pierwsza Dama,The first family,angielski,Buchmann,2011,Miękka ze skrzydełkami,14.8x21.0,463,"0,604 kg",,9788376702612 (9788376702612),9788376702612,/img/product_images_new/871/90871_01_pierwsza_dama.300.jpg,"Kiedy dwunastoletnia bratanica pierwszej damy Stanów Zjednoczonych, wraca z urodzinowego przyjęcia, w jej rodzinnym domu dochodzi do tragedii. Dziewczynka zostaje porwana, a jej matka ginie z rąk napastników. Na osobistą prośbę małżonki prezydenta dyskretne śledztwo rozpoczynają byli agenci Secret Service, Sean King i jego partnerka, Michelle Maxwell. Brutalne porwanie odsłania ciąg ponurych zdarzeń sięgających w daleką przeszłość prezydenta i jego małżonki, a także głęboko skrywaną tajemnicę pierwszej damy.",Kryminały
/pl/ten_ktory_przezyl-9788376702193,książka / book,Książki i czasopisma / Books and periodicals,David Baldacci,Ten który przeżył,,polski,Buchmann,2011,Miękka ze skrzydełkami,15.0x21.0,656,"0,73 kg",,9788376702193 (9788376702193),9788376702193,/img/product_images_new/846/90846_01_ten_ktory_przezyl.300.jpg,"Web London to najlepszy szturmowiec elitarnej jednostki FBI specjalizującej się w odbijaniu zakładników. Nagle zostają zabici wszyscy jego koledzy z oddziału, a on sam traci dobre imię, wiarę w siebie i zaufanie przełożonych. Dlaczego przeżył, podczas gdy pozostali zginęli?  Przypadek czy intryga?",
/pl/miasteczko_divine-9788376701547,książka / book,Książki i czasopisma / Books and periodicals,David Baldacci,Miasteczko Divine,,polski,Buchmann,2011,Miękka ze skrzydełkami,15.0x21.0,432,"0,57 kg",,9788376701547 (9788376701547),9788376701547,/img/product_images_new/797/90797_01_miasteczko_divine.300.jpg,"Jest to ostatni z cyklu 4 thrillerów, zapoczątkowanego ""Klubem wielbłądów"", którego bohaterami jest czwórka tropicieli przekrętów amerykańskiej administracji, a przywódcą dynamiczny ""Oliver Stone"". Stone, który zagraża interesom wszechwładnych polityków, staje wobec śmiertelnego zagrożenia.",Kryminały
/pl/upor_i_przekora_52_kobiety_ktore_odmienily_nauke_i-9788326824852,książka / book,Książki i czasopisma / Books and periodicals,Rachel Swaby,Upór i przekora 52 kobiety które odmieniły naukę i świat,,polski,AGORA,2017,Miękka ze skrzydełkami,13.5x21.0,312,"0,298 kg",,9788326824852 (9788326824852),9788326824852,/img/product_images_new/490/308490_01_upor_i_przekora.300.jpg,"Nie tylko Maria Curie-Skłodowska! Dokonałaś przełomowego odkrycia, ale to twój rywal (i dziwnym trafem mężczyzna) dostał dzięki niemu Nobla? Twojego męża zatrudnili na uniwersytecie w roli wykładowcy, ale tobie zaproponowali tylko bezpłatną posadę sekretarki? Opatentowałaś urządzenie, które posłuży do stworzenia WI-FI, ale pamiętają cię głównie za jedną z pierwszych rozbieranych ról filmowych? No cóż, WITAMY W ŚWIECIE NAUKI! „Upór i przekora” to dowód w sprawie. Sprawie 52 największych naukowczyń o prawo do kształcenia, pracy i równego traktowania. Wystarczy czytać jeden krótki rozdział tygodniowo, by po roku mieć pojęcie o tym, kto wynalazł niemnącą się bawełnę, czyje genialne testy ocaliły życie wielu kolejnych pokoleń noworodków, kto zainicjował powstanie Agencji Ochrony Środowiska. W zdominowanym przez mężczyzn środowisku kobiety od wieków dokonywały przełomowych odkryć i torowały drogę do kolejnych, ale do niedawna nikt nie opowiedział ich historii i nie oddał im sprawiedliwości. Książka Rachel Swaby to zmienia.",Literatura faktu
/pl/az_smierc_nas_rozlaczy-9788373595019,książka / book,Książki i czasopisma / Books and periodicals,"Harlan Coben , Jeff Abbott , Lee Child",Aż śmierć nas rozłączy,Death do us part,angielski,Albatros,2010,Miękka,12.0x19.5,400,"0,41 kg",,9788373595019 (9788373595019),9788373595019,/img/product_images_new/925/62925_01_az_smierc_nas_rozlaczy.300.jpg,"Miłość, przyjaźń, rodzinne więzy i zbrodnia - zbiór wysmakowanych opowiadań wybranych przez niekwestionowanego maestra thrillera, Harlana Cobena. Dziewiętnaście pasjonujących historii autorstwa dziewiętnastu najlepszych autorów, powieści sensacyjnych. Co może się wydarzyć między dwojgiem ludzi - małżonkami, kochankami, przyjaciółmi, nieznajomymi? W opowiadaniu Bez większego ryzyka Lee Childe’a, przywiązany do życia w mieście Wolfe, niewykształcony elektryk, ulega fascynacji spotkaną na wsi, doskonale sytuowaną kobietą. Kiedy jej mąż znika w niewyjaśnionych okolicznościach, zaczyna się niebezpieczny romans. Piękna Jennifer Kimball, bohaterka Pułapki Harlana Cobena, zgłasza władzom zaginięcie męża. Jakież jest jej zdziwienie, gdy po powrocie do domu zastaje w nim obcego mężczyznę, który podaje się za Edwarda... Wierzy mu nawet policja. Takiej antologii jeszcze nie było!",
/pl/zostan_przy_mnie-9788378856153,książka / book,Książki i czasopisma / Books and periodicals,Harlan Coben,Zostań przy mnie,STAY CLOSE,angielski,ALBATROS,2013,Miękka ze skrzydełkami,12.0x19.5,464,"0,47 kg",,9788378856153 (9788378856153),9788378856153,/img/product_images_new/528/135528_01_zostan_przy_mnie.300.jpg,"Megan Pierce wiedzie życie będące ucieleśnieniem American Dream: u boku męża. w domu z ogrodem i basenem, realizując się jako matka nastoletnich dzieci i żona. W jej przypadku stabilizacja nie jest jednak równoznaczna z osobistym szczęściem. Megan tęskni za swoją bujną przeszłością striptizerki w Vegas i Atlantic City, za pełnymi pożądania spojrzeniami mężczyzn, za pulsującą muzyką i migoczącymi światłami sceny. Ray Levine stał kiedyś u progu wielkiej kariery w dziedzinie fotoreportażu, niestety życie dało mu wycisk i zawodowo spadł na samo dno: pracuje jako paparazzi do wynajęcia w agencji świadczącej usługi niedoszłym celebrytom. Swoje frustracje topi w alkoholu. Broome jest detektywem, któremu nie daje spokoju sprawa zagadkowego zniknięcia przykładnego ojca rodziny, Stewarta Greena. Sprawa sprzed lat, której nie udało mu się rozwiązać. Choć niedługo przechodzi na emeryturę, wciąż prowadzi śledztwo i regularnie raz w roku odwiedza rodzinę zaginionego. Megan, Ray i Broome. Troje ludzi połączonych skrywanymi za fasadą codzienności sekretami, których istnienia nie podejrzewają nawet ich najbliżsi. Wiele lat temu w ich życiu wydarzyło się coś, co teraz może je ostatecznie zrujnować. Kolejne tajemnicze zaginięcie mężczyzny w święto Mardi Gras, dokładnie w siedemnastą rocznicę zniknięcia Greena, doprowadzi do ujawnienia łańcucha zbrodni, których nikt dotąd ze sobą nie powiązał...",
/pl/wszyscy_mamy_tajemnice-9788376596297,książka / book,Książki i czasopisma / Books and periodicals,Harlan Coben,Wszyscy mamy tajemnice,LIVE WIRE,angielski,ALBATROS,2012,Miękka,14.5x20.5,464,"0,71 kg",,9788376596297 (9788376596297),9788376596297,/img/product_images_new/034/90034_01_wszyscy_mamy_tajemnice.300.jpg,"Dziesiąta z serii powieści o Myronie Bolitarze, uchylająca rąbka tajemnicy na temat przeszłości ulubionego bohatera Harlana Cobena. Dawna gwiazda tenisa i jedna z pierwszych klientek Bolitara, Suzze, zwraca się do Myrona z prośbą o ratowanie jej małżeństwa. Niedawno ktoś umieścił na Facebooku komentarz kwestionujący ojcostwo nienarodzonego jeszcze dziecka pary. Zaraz potem Lex opuścił będącą w ósmym miesiącu ciąży żonę i przepadł bez wieści... Kobieta jest zrozpaczona, komentarz na jej profilu był dziwnie podpisany - nie tylko pseudonimem, ale również jakimś symbolem. Suzze obawia się, że Lexowi może grozić śmiertelne niebezpieczeństwo. Myron musi odnaleźć nie tylko zaginionego małżonka, ale również autora facebookowej notki.",
/pl/klinika_smierci-9788376595108,książka / book,Książki i czasopisma / Books and periodicals,Harlan Coben,Klinika śmierci,MIRACLE CURE,angielski,Albatros,2011,Miękka,14.0x20.5,512,"0,63 kg",,9788376595108 (9788376595108),9788376595108,/img/product_images_new/936/89936_01_klinika_smierci.300.jpg,"Pierwszy thriller medyczny w dorobku Cobena. Sara Lowell i Michael Silvermann są ulubieńcami mediów. Błyskotliwa, seksowna dziennikarka telewizyjna, prezenterka popularnego talk-show NewsFlash, wprost uwielbiana przez widzów, i jej mąż, znany koszykarz New York Nicks, gwiazda ligi NBA. Sara spodziewa się dziecka; wydaje się, że nic nie może zakłócić jej szczęścia. Niespodziewanie Michael trafia do szpitala z objawami silnego bólu brzucha. Dokładna diagnoza nie pozostawia wątpliwości - to AIDS. Ich przyjaciel, doktor Harvey Riker, dzieli się z Sarą poufna informacją - jego nowojorski ośrodek medyczny jest o krok od opracowania skutecznej procedury leczenia tej strasznej choroby. Klinika pilnie potrzebuje środków na prowadzenie badań - niestety ktoś brutalnie próbuje storpedować jego działalność. Wspólnik Rikera został zamordowany, a jego śmierć upozorowano na samobójstwo. Pacjenci kliniki,jeden po drugim giną w makabrycznych okolicznościach z ręki seryjnego zabójcy. Nikt nie jest bezpieczny - ani Michael, ani Sara, ani lekarze, ani nawet prowadzący dochodzenie młody policjant Max Bernstein...","Horror, literatura grozy"
/pl/bez_sladu-9788376596600,książka / book,Książki i czasopisma / Books and periodicals,Harlan Coben,Bez śladu,,polski,Albatros,2012,Miękka,11.0x17.5,336,"0,18 kg",,9788376596600 (9788376596600),9788376596600,/img/product_images_new/061/90061_01_bez_sladu.300.jpg,"Myron przyjmuje propozycję właściciela klubu New Jersey Dragons i zgadza się odnaleźć gwiazdę drużyny, Grega Downinga, swojego rywala z czasów studenckich, który przepadł jak kamień w wodę. Dzięki temu zleceniu otrzyma szansę powrotu do zawodowej koszykówki. Co naprawdę stało się z Gregiem? Czy uciekł przed gangsterami poszukującymi go za długi hazardowe, czy ukrywa się przed policją w związku z zabójstwem Carli - kobiety, która go szantażowała? W domu zaginionego Bolitar znajduje ślady krwi zamordowanej, które niebawem ktoś usuwa, podobnie jak ślady obecności tajemniczej kobiety, z którą Greg żył po rozstaniu z żoną. Okazuje się, że cała sprawa ma związek z wydarzeniami z własnej przeszłości Myrona...",Kryminały
/pl/obiecaj_mi-9788376599885,książka / book,Książki i czasopisma / Books and periodicals,Harlan Coben,Obiecaj mi,,angielski,ALBATROS,2013,Miękka ze skrzydełkami,12.5x19.5,416,"0,416 kg",,9788376599885 (9788376599885),9788376599885,/img/product_images_new/464/132464_01_obiecaj_mi.300.jpg,"Minęło sześć lat od czasu, kiedy Myron po raz ostatni bawił się w detektywa. U boku nowej dziewczyny - Ali Wilder - prowadzi spokojne i uporządkowane życie, zaś jego psychopatyczny przyjaciel Win, nie musi, jak dawniej, nieustannie ratować mu życia. Ale to, co dobre, dobiega właśnie końca... Jakiś czasu temu Myron wymógł na dwóch nastoletnich dziewczynach, Aimee i Erin, wiążącą obietnicę - w razie jakichkolwiek kłopotów, zwrócą się do niego o pomoc. Kilka dni później telefon dzwoni - o drugiej w nocy! Spełniając swoje przyrzeczenie, Myron zabiera nastolatkę z Manhattanu i odwozi do domu jej przyjaciółki w New Jersey. Następnego dnia rodzice Aimee odkrywaj ą zniknięcie córki. Morderstwo, czy ucieczka z domu? Myron był ostatnią osobą, która ją widziała - automatycznie staje się głównym podejrzanym...",
/pl/juz_mnie_nie_oszukasz-9788379859368,książka / book,Książki i czasopisma / Books and periodicals,Harlan Coben,Już mnie nie oszukasz,,polski,Albatros,2020,Miękka,12.5x19.5,416,"0,428 kg",,9788379859368 (9788379859368),9788379859368,/img/product_images_new/782/306782_01_juz_mnie_nie_oszukasz.300.jpg,"Maya Stern, była oficer sił specjalnych, niedawno powróciła do domu z misji w Iraku. Pewnego dnia zamontowana w jej domu ukryta kamera, mająca śledzić zachowanie opiekunki dwuletniej Lily, ukochanej córeczki Mai, nagrywa filmik z udziałem bawiącej się dziewczynki i jej ojca. Wszystko byłoby w jak najlepszym porządku, gdyby nie fakt, że Joe został brutalnie zamordowany dwa tygodnie wcześniej. Wytrącona z równowagi kobieta zastanawia się nad tym, co przed chwilą zobaczyła. Czy może uwierzyć w to, co widziała? Ale to przecież by oznaczało, że Joe żyje. Czy to w ogóle możliwe? Była przecież naocznym świadkiem jego zabójstwa, a po wszystkim zorganizowała mu pogrzeb. Aby znaleźć odpowiedzi na nurtujące ją pytania, Maya musi uporać się z mrocznymi tajemnicami własnej przeszłości. Gdy tego dokona, będzie zmuszona stawić czoła nieprawdopodobnej i niekoniecznie przyjemnej prawdzie o swoim mężu… i o sobie. Osoba odpowiedzialna za wprowadzenie produktu na rynek Unii Europejskiej / die für das Inverkehrbringen des Produkts auf dem Markt der Europäischen Union verantwortliche Person / Responsible Person DRESSLER DUBLIN SPÓŁKA Z OGRANICZONĄ ODPOWIEDZIALNOSCIĄ ul. Poznańska 91 Ożarów Mazowiecki 05-850 PL [email protected] Producent/Hersteller/Manufacturer Informacje dotyczące bezpieczeństwa / Sicherheitsinformationen / Safety Information Nie dotyczy",Sensacyjne i thrillery
/pl/mistyfikacja-9788376592015,książka / book,Książki i czasopisma / Books and periodicals,Harlan Coben,Mistyfikacja,PLAY DEAD,angielski,Albatros,2010,Miękka,12.5x19.5,544,"0,55 kg",,9788376592015 (9788376592015),9788376592015,/img/product_images_new/770/89770_01_mistyfikacja.300.jpg,"Laura Ayars i David Baskin wydają się być stworzeni dla siebie. Była modelka, obecnie właścicielka domu mody Svengali, i gracz Boston Celtics, gwiazda ligi NBA. Piękni, młodzi, bogaci i zakochani. Tragiczny wypadek przerywa ich miesiąc miodowy w Australii. Okoliczności śmierci są niejasne, ale wszystko wskazuje na to, iż David utonął podczas kąpieli w oceanie. Zrozpaczona dziewczyna nie potrafi pogodzić się z zagadkowym zaginięciem ukochanego. Nieświadoma grożącego jej niebezpieczeństwa, poddaje w wątpliwość oficjalną wersję zdarzeń. Czy rzeczywiście chodzi o wypadek, czy o samobójstwo, czy nawet o morderstwo? A może David żyje, a jego śmierć upozorowano? Kolejno giną osoby, które mogły znać odpowiedź. Komuś wyraźnie zależy na tym, by prawda nie wyszła na jaw.",Sensacyjne i thrillery
/pl/brakujacy_element-9788382158274,książka / book,Książki i czasopisma / Books and periodicals,Harlan Coben,Brakujący element,The match,angielski,Albatros,2022,Miękka ze skrzydełkami,20.0x12.5,416,"0,38 kg",,9788382158274 (9788382158274),9788382158274,/img/product_images_new/584/654584_01_brakujacy_element.300.jpg,"Kolejna porywająca i pełna zwrotów akcji książka współczesnego arcymistrza thrillerów. Szokujące dopasowanie genetyczne ujawnia najmroczniejszą rodzinną tajemnicę… Wilde jako małe dziecko został porzucony w lesie. Po latach, już jako dorosły mężczyzna, postanawia dowiedzieć się więcej o swoim pochodzeniu. Rejestruje się na stronie internetowej, która na podstawie nadsyłanych próbek materiału genetycznego kojarzy spokrewnionych ze sobą ludzi. Dzięki portalowi udaje mu się odnaleźć biologicznego ojca, ale spotkanie z nim rodzi więcej pytań niż odpowiedzi. Wilde dowiaduje się jednak o jeszcze jednym krewnym. Peter Bennett, gwiazda popularnego reality show, próbuje się z nim skontaktować, ale po jednej nieudanej próbie znika jak kamień w wodę. Nękany wyrzutami sumienia Wilde zaczyna go szukać. Okazuje się, że Peter Bennett stał się ofiarą zmasowanego hejtu i zaliczył medialny upadek, który można określić chyba tylko jako koszmar na jawie. Czy sam był sobie winien? A może padł ofiarą perfidnej i skomplikowanej intrygi? Prowadząc śledztwo w jego sprawie, Wilde wkracza w plugawy świat celebrytów i reality TV, a przy okazji poznaje nowe wątki własnej mrocznej historii…","Sensacyjne i thrillery, Powieść zagraniczna"
/pl/klinika_smierci-9788367338509,książka / book,Książki i czasopisma / Books and periodicals,Harlan Coben,Klinika śmierci,Miracle Cure,angielski,Albatros,2023,Miękka ze skrzydełkami,12.0x19.5,456,"0,41 kg",,9788367338509 (9788367338509),9788367338509,/img/product_images_new/834/691834_01_klinika_smierci.300.jpg,"Pierwszy thriller medyczny w dorobku mistrza suspensu! Doktor Harvey Riker pracujący w klinice na Manhattanie poświęcił życie, aby wynaleźć lekarstwo na jedną z najgorszych chorób na świecie – AIDS. Jego pacjenci, jeden po drugim, zostają wyleczeni. A potem – także jeden po drugim – giną z rąk seryjnego mordercy… Tymczasem nad najbardziej medialną parą w Stanach Zjednoczonych, Sarą Lowell i Michaelem Silvermanem, zbierają się czarne chmury. Ona jest uwielbianą przez tłumy niepełnosprawną prezenterką telewizyjną. On – najjaśniejszą gwiazdą drużyny koszykarskiej New York Knicks. Do szczęścia brakuje im tylko dziecka. Kiedy okazuje się, że Sara jest w ciąży, ich radość przyćmiewa straszna diagnoza – Michael jest chory na AIDS. Doktor Harvey Riker namawia ich do wzięcia udziału w swoich badaniach. Czy w ten sposób znajdą się na celowniku mordercy?",Sensacyjne i thrillery
/pl/w_domu-9788381251990,książka / book,Książki i czasopisma / Books and periodicals,Harlan Coben,W domu. Myron Bolitar,,,Albatros,2018,Miękka,12.5x19.5,416,"0,366 kg",20.02.2018,978-83-8125-199-0 (9788381251990),9788381251990,/img/product_images_new/065/390065_01_w_domu.300.jpg,"Thriller z Myronem Bolidarem, na który czytelnicy czekali pięć lat Dziesięć lat temu porywacze uprowadzili dwóch sześciolatków, Patricka Moore’a oraz Rhysa Baldwina, żądając od ich bogatych rodziców okupu. Potem nagle zamilkli, a po porwanych chłopcach ślad zaginął. Przez cały ten czas obie rodziny musiały radzić sobie z bolesnymi wspomnieniami, próbując uporać się z rozpaczą po utracie ukochanych dzieci. I pewnie byłoby tak dalej, gdyby nie dwaj ludzie: Myron Bolitar, agent sportowy, i jego przyjaciel, Win Lockwood, którego elegancki strój skrywa umiejętnie wyszkolonego zabójcę. Mężczyźni wierzą, że właśnie zlokalizowali jednego z porwanych chłopców, dziś już nastolatków. Chłopak rzekomo był widziany w Londynie. Czy to rzeczywiście on? Gdzie się podziewał przez dziesięć lat? Jak wiele pamięta z dnia, kiedy został porwany? I co najważniejsze: czy jest w stanie naprowadzić Myrona i Wina na trop swego zaginionego przyjaciela, jeśli ten w ogóle jeszcze żyje? Historia opowiedziana przez Cobena to pełen napięcia, głęboko poruszający thriller o przyjaźni, rodzinie i o tym, czym jest prawdziwy dom.",Sensacyjne i thrillery
/pl/kilka_sekund_od_smierci-9788378857242,książka / book,Książki i czasopisma / Books and periodicals,Harlan Coben,Kilka sekund od śmierci,,angielski,ALBATROS,2013,Miękka ze skrzydełkami,12.5x19.5,400,"0,41 kg",25.09.2013,9788378857242 (9788378857242),9788378857242,/img/product_images_new/629/143629_01_kilka_sekund_od_smierci.300.jpg,"Mieszkający teraz z Myronem chłopak powoli odnajduje swoje miejsce w nowej szkole, ale wciąż wpada w nowe kłopoty. Zaledwie kilka dni po wydarzeniach opisanych w pierwszej książce zostaje zamieszany w podpalenie i morderstwo, ponadto wciąż szuka śladów Rzeźnika z Łodzi i tajemniczej organizacji, jaką jest Schronienie Abeona, a także usiłuje odkryć prawdę o śmierci swojego ojca.",Sensacyjne i thrillery
/pl/jak_zawsze-9788328036079,książka / book,Książki i czasopisma / Books and periodicals,Zygmunt Miłoszewski,Jak zawsze,,polski,W.A.B.,2019,Miękka ze skrzydełkami,13.5x20.5,480,"0,488 kg",22.11.2017,9788328036079 (9788328036079),9788328036079,/img/product_images_new/362/345362_01_jak_zawsze.300.jpg,"Najbardziej oczekiwana powieść roku! Bywają małżeństwa zbudowane na przyjaźni, na czułości, na porozumieniu dusz. Związek Grażyny i Ludwika zawsze napędzała namiętność. Dlatego co roku uroczyście świętują rocznicę wieczoru 1963 roku, kiedy pierwszy raz rzucili się na siebie, aby uprawiać seks. To zawsze dzień podsumowań, planów i – coraz bardziej – pożegnań. W dniu, kiedy celebrują okrągłą pięćdziesiątą rocznicę, on jest po osiemdziesiątce, ona tuż przed. Czy coś jeszcze ich czeka? Smutek jak zawsze zwalczają namiętnością, aby rano ku swojemu zdumieniu obudzić się w swoich młodych ciałach, z powrotem w roku 1963. W Polsce, w której zamiast Pałacu Kultury i Nauki jest wieża przyjaźni polsko-francuskiej, Warszawa jest w ścisłym sojuszu z Paryżem, a Edward Gierek to porywający tłumy opozycyjny polityk. Czy bohaterowie powtórzą swoją miłość? Czy pójdą innymi drogami? Jak wykorzystają swoją wiedzę ludzi z XXI wieku? I jakie ciemne strony kryje w sobie ten świat, pozornie tak lepszy od naszej historii Polski? Jak zawsze to pełna humoru powieść, zabawa w historię alternatywną i ćwiczenie praktyczne z powiedzenia „gdyby młodość wiedziała, gdyby starość mogła”. To opowieść o tym, czy potrafimy wykorzystać drugą szansę i oszukać los. Czy może jesteśmy skazani na „jak zawsze”? Zygmunt Miłoszewski mistrzowsko eksploruje nowy gatunek literacki, pokazując, że niezależnie od tego, czy bierze na warsztat horror, kryminał, czy osadzony w historii alternatywnej romans, zawsze pisze o tym jak osobiste dzieje jego bohaterów plotą się z dziejami Polski.",